[INFO] Scanning for projects...
[INFO] 
[INFO] ----------------------< com.iquenobot:iquenobot >-----------------------
[INFO] Building IquenoBot - CRM Omnicanal con IA 1.0.0
[INFO]   from pom.xml
[INFO] --------------------------------[ jar ]---------------------------------
[INFO] 
[INFO] >>> spring-boot:3.4.4:run (default-cli) > test-compile @ iquenobot >>>
[INFO] 
[INFO] --- resources:3.3.1:resources (default-resources) @ iquenobot ---
[INFO] Copying 3 resources from src\main\resources to target\classes
[INFO] Copying 21 resources from src\main\resources to target\classes
[INFO] 
[INFO] --- compiler:3.13.0:compile (default-compile) @ iquenobot ---
[INFO] Recompiling the module because of added or removed source files.
[INFO] Compiling 295 source files with javac [debug parameters release 21] to target\classes
[WARNING] /C:/Users/luisv/Downloads/iquenobot/src/main/java/com/iquenobot/product/domain/entity/Product.java:[59,21] @SuperBuilder will ignore the initializing expression entirely. If you want the initializing expression to serve as default, add @Builder.Default. If it is not supposed to be settable during building, make the field final.
[WARNING] /C:/Users/luisv/Downloads/iquenobot/src/main/java/com/iquenobot/product/domain/entity/Product.java:[62,21] @SuperBuilder will ignore the initializing expression entirely. If you want the initializing expression to serve as default, add @Builder.Default. If it is not supposed to be settable during building, make the field final.
[WARNING] /C:/Users/luisv/Downloads/iquenobot/src/main/java/com/iquenobot/product/domain/entity/Product.java:[87,21] @SuperBuilder will ignore the initializing expression entirely. If you want the initializing expression to serve as default, add @Builder.Default. If it is not supposed to be settable during building, make the field final.
[WARNING] /C:/Users/luisv/Downloads/iquenobot/src/main/java/com/iquenobot/lead/domain/entity/Lead.java:[65,21] @SuperBuilder will ignore the initializing expression entirely. If you want the initializing expression to serve as default, add @Builder.Default. If it is not supposed to be settable during building, make the field final.
[WARNING] /C:/Users/luisv/Downloads/iquenobot/src/main/java/com/iquenobot/notification/domain/entity/Notification.java:[71,21] @SuperBuilder will ignore the initializing expression entirely. If you want the initializing expression to serve as default, add @Builder.Default. If it is not supposed to be settable during building, make the field final.
[WARNING] /C:/Users/luisv/Downloads/iquenobot/src/main/java/com/iquenobot/notification/domain/entity/Notification.java:[77,21] @SuperBuilder will ignore the initializing expression entirely. If you want the initializing expression to serve as default, add @Builder.Default. If it is not supposed to be settable during building, make the field final.
[WARNING] /C:/Users/luisv/Downloads/iquenobot/src/main/java/com/iquenobot/notification/domain/entity/Notification.java:[83,21] @SuperBuilder will ignore the initializing expression entirely. If you want the initializing expression to serve as default, add @Builder.Default. If it is not supposed to be settable during building, make the field final.
[WARNING] /C:/Users/luisv/Downloads/iquenobot/src/main/java/com/iquenobot/notification/domain/entity/Notification.java:[89,21] @SuperBuilder will ignore the initializing expression entirely. If you want the initializing expression to serve as default, add @Builder.Default. If it is not supposed to be settable during building, make the field final.
[WARNING] /C:/Users/luisv/Downloads/iquenobot/src/main/java/com/iquenobot/notification/domain/entity/Notification.java:[95,21] @SuperBuilder will ignore the initializing expression entirely. If you want the initializing expression to serve as default, add @Builder.Default. If it is not supposed to be settable during building, make the field final.
[WARNING] /C:/Users/luisv/Downloads/iquenobot/src/main/java/com/iquenobot/notification/domain/entity/Notification.java:[98,21] @SuperBuilder will ignore the initializing expression entirely. If you want the initializing expression to serve as default, add @Builder.Default. If it is not supposed to be settable during building, make the field final.
[WARNING] /C:/Users/luisv/Downloads/iquenobot/src/main/java/com/iquenobot/conversation/domain/entity/Conversation.java:[84,21] @SuperBuilder will ignore the initializing expression entirely. If you want the initializing expression to serve as default, add @Builder.Default. If it is not supposed to be settable during building, make the field final.
[WARNING] /C:/Users/luisv/Downloads/iquenobot/src/main/java/com/iquenobot/conversation/domain/entity/Conversation.java:[87,21] @SuperBuilder will ignore the initializing expression entirely. If you want the initializing expression to serve as default, add @Builder.Default. If it is not supposed to be settable during building, make the field final.
[WARNING] /C:/Users/luisv/Downloads/iquenobot/src/main/java/com/iquenobot/conversation/domain/entity/Conversation.java:[102,21] @SuperBuilder will ignore the initializing expression entirely. If you want the initializing expression to serve as default, add @Builder.Default. If it is not supposed to be settable during building, make the field final.
[WARNING] /C:/Users/luisv/Downloads/iquenobot/src/main/java/com/iquenobot/auth/domain/entity/RefreshToken.java:[36,21] @SuperBuilder will ignore the initializing expression entirely. If you want the initializing expression to serve as default, add @Builder.Default. If it is not supposed to be settable during building, make the field final.
[WARNING] /C:/Users/luisv/Downloads/iquenobot/src/main/java/com/iquenobot/chatbot/domain/entity/ChatbotIntent.java:[50,20] @SuperBuilder will ignore the initializing expression entirely. If you want the initializing expression to serve as default, add @Builder.Default. If it is not supposed to be settable during building, make the field final.
[WARNING] /C:/Users/luisv/Downloads/iquenobot/src/main/java/com/iquenobot/chatbot/domain/entity/ChatbotIntent.java:[53,21] @SuperBuilder will ignore the initializing expression entirely. If you want the initializing expression to serve as default, add @Builder.Default. If it is not supposed to be settable during building, make the field final.
[WARNING] /C:/Users/luisv/Downloads/iquenobot/src/main/java/com/iquenobot/chatbot/domain/entity/ChatbotIntent.java:[56,21] @SuperBuilder will ignore the initializing expression entirely. If you want the initializing expression to serve as default, add @Builder.Default. If it is not supposed to be settable during building, make the field final.
[WARNING] /C:/Users/luisv/Downloads/iquenobot/src/main/java/com/iquenobot/chatbot/domain/entity/ChatbotIntent.java:[59,18] @SuperBuilder will ignore the initializing expression entirely. If you want the initializing expression to serve as default, add @Builder.Default. If it is not supposed to be settable during building, make the field final.
[WARNING] /C:/Users/luisv/Downloads/iquenobot/src/main/java/com/iquenobot/auth/domain/entity/UserSession.java:[60,21] @SuperBuilder will ignore the initializing expression entirely. If you want the initializing expression to serve as default, add @Builder.Default. If it is not supposed to be settable during building, make the field final.
[WARNING] /C:/Users/luisv/Downloads/iquenobot/src/main/java/com/iquenobot/conversation/domain/entity/ConversationMessage.java:[77,21] @SuperBuilder will ignore the initializing expression entirely. If you want the initializing expression to serve as default, add @Builder.Default. If it is not supposed to be settable during building, make the field final.
[WARNING] /C:/Users/luisv/Downloads/iquenobot/src/main/java/com/iquenobot/contact/domain/entity/Contact.java:[84,21] @SuperBuilder will ignore the initializing expression entirely. If you want the initializing expression to serve as default, add @Builder.Default. If it is not supposed to be settable during building, make the field final.
[WARNING] /C:/Users/luisv/Downloads/iquenobot/src/main/java/com/iquenobot/contact/domain/entity/Contact.java:[87,21] @SuperBuilder will ignore the initializing expression entirely. If you want the initializing expression to serve as default, add @Builder.Default. If it is not supposed to be settable during building, make the field final.
[WARNING] /C:/Users/luisv/Downloads/iquenobot/src/main/java/com/iquenobot/contact/domain/entity/Contact.java:[90,21] @SuperBuilder will ignore the initializing expression entirely. If you want the initializing expression to serve as default, add @Builder.Default. If it is not supposed to be settable during building, make the field final.
[WARNING] /C:/Users/luisv/Downloads/iquenobot/src/main/java/com/iquenobot/product/domain/dto/CreateCategoryRequestDto.java:[30,21] @Builder will ignore the initializing expression entirely. If you want the initializing expression to serve as default, add @Builder.Default. If it is not supposed to be settable during building, make the field final.
[WARNING] /C:/Users/luisv/Downloads/iquenobot/src/main/java/com/iquenobot/chatbot/domain/entity/ChatbotFlow.java:[48,21] @SuperBuilder will ignore the initializing expression entirely. If you want the initializing expression to serve as default, add @Builder.Default. If it is not supposed to be settable during building, make the field final.
[WARNING] /C:/Users/luisv/Downloads/iquenobot/src/main/java/com/iquenobot/chatbot/domain/entity/ChatbotFlow.java:[51,21] @SuperBuilder will ignore the initializing expression entirely. If you want the initializing expression to serve as default, add @Builder.Default. If it is not supposed to be settable during building, make the field final.
[WARNING] /C:/Users/luisv/Downloads/iquenobot/src/main/java/com/iquenobot/chatbot/domain/entity/ChatbotFlow.java:[54,21] @SuperBuilder will ignore the initializing expression entirely. If you want the initializing expression to serve as default, add @Builder.Default. If it is not supposed to be settable during building, make the field final.
[WARNING] /C:/Users/luisv/Downloads/iquenobot/src/main/java/com/iquenobot/chatbot/domain/entity/ChatbotFlow.java:[63,18] @SuperBuilder will ignore the initializing expression entirely. If you want the initializing expression to serve as default, add @Builder.Default. If it is not supposed to be settable during building, make the field final.
[WARNING] /C:/Users/luisv/Downloads/iquenobot/src/main/java/com/iquenobot/chatbot/domain/entity/ChatbotFlow.java:[66,18] @SuperBuilder will ignore the initializing expression entirely. If you want the initializing expression to serve as default, add @Builder.Default. If it is not supposed to be settable during building, make the field final.
[WARNING] /C:/Users/luisv/Downloads/iquenobot/src/main/java/com/iquenobot/chatbot/domain/entity/ChatbotFlow.java:[69,18] @SuperBuilder will ignore the initializing expression entirely. If you want the initializing expression to serve as default, add @Builder.Default. If it is not supposed to be settable during building, make the field final.
[WARNING] /C:/Users/luisv/Downloads/iquenobot/src/main/java/com/iquenobot/shared/common/SoftDeletableEntity.java:[29,21] @SuperBuilder will ignore the initializing expression entirely. If you want the initializing expression to serve as default, add @Builder.Default. If it is not supposed to be settable during building, make the field final.
[WARNING] /C:/Users/luisv/Downloads/iquenobot/src/main/java/com/iquenobot/auth/domain/entity/User.java:[65,21] @SuperBuilder will ignore the initializing expression entirely. If you want the initializing expression to serve as default, add @Builder.Default. If it is not supposed to be settable during building, make the field final.
[WARNING] /C:/Users/luisv/Downloads/iquenobot/src/main/java/com/iquenobot/auth/domain/entity/User.java:[80,17] @SuperBuilder will ignore the initializing expression entirely. If you want the initializing expression to serve as default, add @Builder.Default. If it is not supposed to be settable during building, make the field final.
[WARNING] /C:/Users/luisv/Downloads/iquenobot/src/main/java/com/iquenobot/auth/domain/entity/User.java:[86,21] @SuperBuilder will ignore the initializing expression entirely. If you want the initializing expression to serve as default, add @Builder.Default. If it is not supposed to be settable during building, make the field final.
[WARNING] /C:/Users/luisv/Downloads/iquenobot/src/main/java/com/iquenobot/product/domain/entity/Category.java:[39,21] @SuperBuilder will ignore the initializing expression entirely. If you want the initializing expression to serve as default, add @Builder.Default. If it is not supposed to be settable during building, make the field final.
[WARNING] /C:/Users/luisv/Downloads/iquenobot/src/main/java/com/iquenobot/product/domain/entity/Category.java:[42,21] @SuperBuilder will ignore the initializing expression entirely. If you want the initializing expression to serve as default, add @Builder.Default. If it is not supposed to be settable during building, make the field final.
[WARNING] /C:/Users/luisv/Downloads/iquenobot/src/main/java/com/iquenobot/auth/interfaces/mapper/AuthMapper.java:[21,15] Unmapped target property: "userCount".
[WARNING] /C:/Users/luisv/Downloads/iquenobot/src/main/java/com/iquenobot/auth/interfaces/mapper/AuthMapper.java:[44,10] Unmapped target property: "mustChangePassword".
[WARNING] /C:/Users/luisv/Downloads/iquenobot/src/main/java/com/iquenobot/auth/interfaces/mapper/AuthMapper.java:[58,12] Unmapped target properties: "subscriptionExpiresAt, features, plan".
[WARNING] /C:/Users/luisv/Downloads/iquenobot/src/main/java/com/iquenobot/conversation/interfaces/mapper/ConversationMapper.java:[23,28] Unmapped target properties: "conversationId, userId".
[WARNING] /C:/Users/luisv/Downloads/iquenobot/src/main/java/com/iquenobot/product/interfaces/mapper/ProductMapper.java:[37,13] Unmapped target property: "metadata".
[WARNING] /C:/Users/luisv/Downloads/iquenobot/src/main/java/com/iquenobot/shared/config/RestTemplateConfig.java:[16,17] setConnectTimeout(java.time.Duration) in org.springframework.boot.web.client.RestTemplateBuilder has been deprecated and marked for removal
[WARNING] /C:/Users/luisv/Downloads/iquenobot/src/main/java/com/iquenobot/shared/config/RestTemplateConfig.java:[17,17] setReadTimeout(java.time.Duration) in org.springframework.boot.web.client.RestTemplateBuilder has been deprecated and marked for removal
[INFO] /C:/Users/luisv/Downloads/iquenobot/src/main/java/com/iquenobot/shared/config/SecurityConfig.java: C:\Users\luisv\Downloads\iquenobot\src\main\java\com\iquenobot\shared\config\SecurityConfig.java uses or overrides a deprecated API.
[INFO] /C:/Users/luisv/Downloads/iquenobot/src/main/java/com/iquenobot/shared/config/SecurityConfig.java: Recompile with -Xlint:deprecation for details.
[INFO] /C:/Users/luisv/Downloads/iquenobot/src/main/java/com/iquenobot/chatbot/application/ChatbotService.java: Some input files use unchecked or unsafe operations.
[INFO] /C:/Users/luisv/Downloads/iquenobot/src/main/java/com/iquenobot/chatbot/application/ChatbotService.java: Recompile with -Xlint:unchecked for details.
[INFO] 
[INFO] --- resources:3.3.1:testResources (default-testResources) @ iquenobot ---
[INFO] skip non existing resourceDirectory C:\Users\luisv\Downloads\iquenobot\src\test\resources
[INFO] 
[INFO] --- compiler:3.13.0:testCompile (default-testCompile) @ iquenobot ---
[INFO] Recompiling the module because of changed dependency.
[INFO] Compiling 15 source files with javac [debug parameters release 21] to target\test-classes
[WARNING] The following options were not recognized by any processor: '[mapstruct.disableBuilders]'
[INFO] /C:/Users/luisv/Downloads/iquenobot/src/test/java/com/iquenobot/orchestrator/application/decision/DecisionEngineImplTest.java: Some input files use or override a deprecated API.
[INFO] /C:/Users/luisv/Downloads/iquenobot/src/test/java/com/iquenobot/orchestrator/application/decision/DecisionEngineImplTest.java: Recompile with -Xlint:deprecation for details.
[INFO] 
[INFO] <<< spring-boot:3.4.4:run (default-cli) < test-compile @ iquenobot <<<
[INFO] 
[INFO] 
[INFO] --- spring-boot:3.4.4:run (default-cli) @ iquenobot ---
[INFO] Attaching agents: []

  .   ____          _            __ _ _
 /\\ / ___'_ __ _ _(_)_ __  __ _ \ \ \ \
( ( )\___ | '_ | '_| | '_ \/ _` | \ \ \ \
 \\/  ___)| |_)| | | | | || (_| |  ) ) ) )
  '  |____| .__|_| |_|_| |_\__, | / / / /
 =========|_|==============|___/=/_/_/_/

 :: Spring Boot ::                (v3.4.4)

2026-07-28 07:22:47 - Starting IquenobotApplication using Java 21.0.11 with PID 20952 (C:\Users\luisv\Downloads\iquenobot\target\classes started by luisv in C:\Users\luisv\Downloads\iquenobot)
2026-07-28 07:22:47 - Running with Spring Boot v3.4.4, Spring v6.2.5
2026-07-28 07:22:47 - The following 1 profile is active: "dev"
2026-07-28 07:22:47 - Devtools property defaults active! Set 'spring.devtools.add-properties' to 'false' to disable
2026-07-28 07:22:47 - For additional web related logging consider setting the 'logging.level.web' property to 'DEBUG'
2026-07-28 07:22:49 - Bootstrapping Spring Data JPA repositories in DEFAULT mode.
2026-07-28 07:22:49 - Finished Spring Data repository scanning in 424 ms. Found 18 JPA repository interfaces.
2026-07-28 07:22:51 - Tomcat initialized with port 8085 (http)
2026-07-28 07:22:51 - Starting service [Tomcat]
2026-07-28 07:22:51 - Starting Servlet engine: [Apache Tomcat/10.1.39]
2026-07-28 07:22:51 - Initializing Spring embedded WebApplicationContext
2026-07-28 07:22:51 - Root WebApplicationContext: initialization completed in 4427 ms
2026-07-28 07:22:52 - HikariPool-1 - Starting...
2026-07-28 07:22:54 - HikariPool-1 - Added connection org.postgresql.jdbc.PgConnection@659cc225
2026-07-28 07:22:54 - HikariPool-1 - Start completed.
2026-07-28 07:22:54 - Database: jdbc:postgresql://ep-delicate-bird-axk10rcp-pooler.c-4.us-east-2.aws.neon.tech:5432/neondb?sslmode=require (PostgreSQL 18.4)
2026-07-28 07:22:55 - Flyway upgrade recommended: PostgreSQL 18.4 is newer than this version of Flyway and support has not been tested. The latest supported version of PostgreSQL is 17.
2026-07-28 07:22:56 - Successfully validated 21 migrations (execution time 00:00.619s)
2026-07-28 07:22:58 - Current version of schema "public": 021
2026-07-28 07:22:58 - Schema "public" is up to date. No migration necessary.
2026-07-28 07:22:59 - HHH000204: Processing PersistenceUnitInfo [name: default]
2026-07-28 07:22:59 - HHH000412: Hibernate ORM core version 6.6.11.Final
2026-07-28 07:23:00 - HHH000026: Second-level cache disabled
2026-07-28 07:23:00 - No LoadTimeWeaver setup: ignoring JPA class transformer
2026-07-28 07:23:00 - HHH90000025: PostgreSQLDialect does not need to be specified explicitly using 'hibernate.dialect' (remove the property setting and it will be selected by default)
2026-07-28 07:23:01 - HHH10001005: Database info:
	Database JDBC URL [Connecting through datasource 'HikariDataSource (HikariPool-1)']
	Database driver: undefined/unknown
	Database version: 18.4
	Autocommit mode: undefined/unknown
	Isolation level: undefined/unknown
	Minimum pool size: undefined/unknown
	Maximum pool size: undefined/unknown
2026-07-28 07:23:03 - HHH000489: No JTA platform available (set 'hibernate.transaction.jta.platform' to enable JTA platform integration)
2026-07-28 07:23:04 - Initialized JPA EntityManagerFactory for persistence unit 'default'
2026-07-28 07:23:04 - Filter 'jwtAuthenticationFilter' configured for use
2026-07-28 07:23:04 - Hibernate is in classpath; If applicable, HQL parser will be used.
2026-07-28 07:23:10 - DecisionEngine initialized with 3 strategies
2026-07-28 07:23:10 - ActionDispatcher initialized with 14 executors
2026-07-28 07:23:13 - File upload directory created at: C:\Users\luisv\Downloads\iquenobot\uploads
2026-07-28 07:23:13 - Orchestrator event executor initialized: core=5 max=20 queue=500
2026-07-28 07:23:14 - 

Using generated security password: edec39b4-3cc9-4627-8dd8-265ab08c1318

This generated password is for development use only. Your security configuration must be updated before running your application in production.

2026-07-28 07:23:15 - Exposing 3 endpoints beneath base path '/actuator'
2026-07-28 07:23:18 - LiveReload server is running on port 35729
2026-07-28 07:23:18 - Tomcat started on port 8085 (http) with context path '/'
2026-07-28 07:23:18 - Started IquenobotApplication in 31.886 seconds (process running for 32.466)
2026-07-28 07:23:19 - Plans already seeded, skipping
2026-07-28 07:23:19 - SUPER_ADMIN already exists, skipping initialization
2026-07-28 07:23:21 - Initializing Spring DispatcherServlet 'dispatcherServlet'
2026-07-28 07:23:21 - Initializing Servlet 'dispatcherServlet'
2026-07-28 07:23:21 - Completed initialization in 3 ms
2026-07-28 07:23:22 - WebSocket connected: user=95e009fb-66e9-437c-9d35-be4df58d425f tenant=d563b428-b1a9-4bf3-af62-a175e92e8e18 sessions=1
2026-07-28 07:33:33 - Restarting due to 500 class path changes (1 addition, 499 deletions, 0 modifications)
2026-07-28 07:33:34 - Commencing graceful shutdown. Waiting for active requests to complete
2026-07-28 07:33:34 - Graceful shutdown complete
2026-07-28 07:33:34 - Closing JPA EntityManagerFactory for persistence unit 'default'
2026-07-28 07:33:34 - HikariPool-1 - Shutdown initiated...
2026-07-28 07:33:35 - HikariPool-1 - Shutdown completed.
2026-07-28 07:33:35 - WebSocket transport error: user=95e009fb-66e9-437c-9d35-be4df58d425f error=java.nio.channels.ClosedChannelException
2026-07-28 07:33:35 - WebSocket disconnected: user=95e009fb-66e9-437c-9d35-be4df58d425f status=CloseStatus[code=1001, reason=The web application is stopping]

  .   ____          _            __ _ _
 /\\ / ___'_ __ _ _(_)_ __  __ _ \ \ \ \
( ( )\___ | '_ | '_| | '_ \/ _` | \ \ \ \
 \\/  ___)| |_)| | | | | || (_| |  ) ) ) )
  '  |____| .__|_| |_|_| |_\__, | / / / /
 =========|_|==============|___/=/_/_/_/

 :: Spring Boot ::                (v3.4.4)

2026-07-28 07:33:35 - Starting IquenobotApplication using Java 21.0.11 with PID 20952 (C:\Users\luisv\Downloads\iquenobot\target\classes started by luisv in C:\Users\luisv\Downloads\iquenobot)
2026-07-28 07:33:35 - The following 1 profile is active: "dev"
2026-07-28 07:33:37 - Bootstrapping Spring Data JPA repositories in DEFAULT mode.
2026-07-28 07:33:37 - Finished Spring Data repository scanning in 82 ms. Found 0 JPA repository interfaces.
2026-07-28 07:33:39 - Tomcat initialized with port 8080 (http)
2026-07-28 07:33:39 - Starting service [Tomcat]
2026-07-28 07:33:39 - Starting Servlet engine: [Apache Tomcat/10.1.39]
2026-07-28 07:33:39 - Initializing Spring embedded WebApplicationContext
2026-07-28 07:33:39 - Root WebApplicationContext: initialization completed in 3631 ms
2026-07-28 07:33:39 - Exception encountered during context initialization - cancelling refresh attempt: org.springframework.beans.factory.BeanCreationException: Error creating bean with name 'entityManagerFactory' defined in class path resource [org/springframework/boot/autoconfigure/orm/jpa/HibernateJpaConfiguration.class]: Failed to initialize dependency 'flyway' of LoadTimeWeaverAware bean 'entityManagerFactory': Error creating bean with name 'flyway' defined in class path resource [org/springframework/boot/autoconfigure/flyway/FlywayAutoConfiguration$FlywayConfiguration.class]: Failed to instantiate [org.flywaydb.core.Flyway]: Factory method 'flyway' threw exception with message: Error creating bean with name 'dataSource' defined in class path resource [org/springframework/boot/autoconfigure/jdbc/DataSourceConfiguration$Hikari.class]: Failed to instantiate [com.zaxxer.hikari.HikariDataSource]: Factory method 'dataSource' threw exception with message: Failed to determine a suitable driver class
2026-07-28 07:33:39 - Stopping service [Tomcat]
2026-07-28 07:33:39 - 

Error starting ApplicationContext. To display the condition evaluation report re-run your application with 'debug' enabled.
2026-07-28 07:33:39 - 

***************************
APPLICATION FAILED TO START
***************************

Description:

Failed to configure a DataSource: 'url' attribute is not specified and no embedded datasource could be configured.

Reason: Failed to determine a suitable driver class


Action:

Consider the following:
	If you want an embedded database (H2, HSQL or Derby), please put it on the classpath.
	If you have database settings to be loaded from a particular profile you may need to activate it (the profiles dev are currently active).


  .   ____          _            __ _ _
 /\\ / ___'_ __ _ _(_)_ __  __ _ \ \ \ \
( ( )\___ | '_ | '_| | '_ \/ _` | \ \ \ \
 \\/  ___)| |_)| | | | | || (_| |  ) ) ) )
  '  |____| .__|_| |_|_| |_\__, | / / / /
 =========|_|==============|___/=/_/_/_/

 :: Spring Boot ::                (v3.4.4)

2026-07-28 07:33:57 - Starting IquenobotApplication using Java 21.0.11 with PID 20952 (C:\Users\luisv\Downloads\iquenobot\target\classes started by luisv in C:\Users\luisv\Downloads\iquenobot)
2026-07-28 07:33:57 - The following 1 profile is active: "dev"
2026-07-28 07:33:59 - Bootstrapping Spring Data JPA repositories in DEFAULT mode.
2026-07-28 07:33:59 - Finished Spring Data repository scanning in 366 ms. Found 18 JPA repository interfaces.
2026-07-28 07:34:00 - Tomcat initialized with port 8080 (http)
2026-07-28 07:34:00 - Starting service [Tomcat]
2026-07-28 07:34:00 - Starting Servlet engine: [Apache Tomcat/10.1.39]
2026-07-28 07:34:00 - Initializing Spring embedded WebApplicationContext
2026-07-28 07:34:00 - Root WebApplicationContext: initialization completed in 2970 ms
2026-07-28 07:34:01 - Error starting Tomcat context. Exception: org.springframework.beans.factory.UnsatisfiedDependencyException. Message: Error creating bean with name 'jwtAuthenticationFilter' defined in file [C:\Users\luisv\Downloads\iquenobot\target\classes\com\iquenobot\shared\security\JwtAuthenticationFilter.class]: Unsatisfied dependency expressed through constructor parameter 0: Error creating bean with name 'jwtService' defined in file [C:\Users\luisv\Downloads\iquenobot\target\classes\com\iquenobot\security\application\JwtService.class]: Unexpected exception during bean creation
2026-07-28 07:34:01 - Stopping service [Tomcat]
2026-07-28 07:34:01 - Exception encountered during context initialization - cancelling refresh attempt: org.springframework.context.ApplicationContextException: Unable to start web server
2026-07-28 07:34:01 - 

Error starting ApplicationContext. To display the condition evaluation report re-run your application with 'debug' enabled.
2026-07-28 07:34:01 - Application run failed
org.springframework.context.ApplicationContextException: Unable to start web server
	at org.springframework.boot.web.servlet.context.ServletWebServerApplicationContext.onRefresh(ServletWebServerApplicationContext.java:170) ~[spring-boot-3.4.4.jar:3.4.4]
	at org.springframework.context.support.AbstractApplicationContext.refresh(AbstractApplicationContext.java:621) ~[spring-context-6.2.5.jar:6.2.5]
	at org.springframework.boot.web.servlet.context.ServletWebServerApplicationContext.refresh(ServletWebServerApplicationContext.java:146) ~[spring-boot-3.4.4.jar:3.4.4]
	at org.springframework.boot.SpringApplication.refresh(SpringApplication.java:752) ~[spring-boot-3.4.4.jar:3.4.4]
	at org.springframework.boot.SpringApplication.refreshContext(SpringApplication.java:439) ~[spring-boot-3.4.4.jar:3.4.4]
	at org.springframework.boot.SpringApplication.run(SpringApplication.java:318) ~[spring-boot-3.4.4.jar:3.4.4]
	at org.springframework.boot.SpringApplication.run(SpringApplication.java:1361) ~[spring-boot-3.4.4.jar:3.4.4]
	at org.springframework.boot.SpringApplication.run(SpringApplication.java:1350) ~[spring-boot-3.4.4.jar:3.4.4]
	at com.iquenobot.IquenobotApplication.main(IquenobotApplication.java:19) ~[classes/:na]
	at java.base/jdk.internal.reflect.DirectMethodHandleAccessor.invoke(DirectMethodHandleAccessor.java:103) ~[na:na]
	at java.base/java.lang.reflect.Method.invoke(Method.java:580) ~[na:na]
	at org.springframework.boot.devtools.restart.RestartLauncher.run(RestartLauncher.java:50) ~[spring-boot-devtools-3.4.4.jar:3.4.4]
Caused by: org.springframework.boot.web.server.WebServerException: Unable to start embedded Tomcat
	at org.springframework.boot.web.embedded.tomcat.TomcatWebServer.initialize(TomcatWebServer.java:147) ~[spring-boot-3.4.4.jar:3.4.4]
	at org.springframework.boot.web.embedded.tomcat.TomcatWebServer.<init>(TomcatWebServer.java:107) ~[spring-boot-3.4.4.jar:3.4.4]
	at org.springframework.boot.web.embedded.tomcat.TomcatServletWebServerFactory.getTomcatWebServer(TomcatServletWebServerFactory.java:517) ~[spring-boot-3.4.4.jar:3.4.4]
	at org.springframework.boot.web.embedded.tomcat.TomcatServletWebServerFactory.getWebServer(TomcatServletWebServerFactory.java:219) ~[spring-boot-3.4.4.jar:3.4.4]
	at org.springframework.boot.web.servlet.context.ServletWebServerApplicationContext.createWebServer(ServletWebServerApplicationContext.java:193) ~[spring-boot-3.4.4.jar:3.4.4]
	at org.springframework.boot.web.servlet.context.ServletWebServerApplicationContext.onRefresh(ServletWebServerApplicationContext.java:167) ~[spring-boot-3.4.4.jar:3.4.4]
	... 11 common frames omitted
Caused by: org.springframework.beans.factory.UnsatisfiedDependencyException: Error creating bean with name 'jwtAuthenticationFilter' defined in file [C:\Users\luisv\Downloads\iquenobot\target\classes\com\iquenobot\shared\security\JwtAuthenticationFilter.class]: Unsatisfied dependency expressed through constructor parameter 0: Error creating bean with name 'jwtService' defined in file [C:\Users\luisv\Downloads\iquenobot\target\classes\com\iquenobot\security\application\JwtService.class]: Unexpected exception during bean creation
	at org.springframework.beans.factory.support.ConstructorResolver.createArgumentArray(ConstructorResolver.java:804) ~[spring-beans-6.2.5.jar:6.2.5]
	at org.springframework.beans.factory.support.ConstructorResolver.autowireConstructor(ConstructorResolver.java:240) ~[spring-beans-6.2.5.jar:6.2.5]
	at org.springframework.beans.factory.support.AbstractAutowireCapableBeanFactory.autowireConstructor(AbstractAutowireCapableBeanFactory.java:1381) ~[spring-beans-6.2.5.jar:6.2.5]
	at org.springframework.beans.factory.support.AbstractAutowireCapableBeanFactory.createBeanInstance(AbstractAutowireCapableBeanFactory.java:1218) ~[spring-beans-6.2.5.jar:6.2.5]
	at org.springframework.beans.factory.support.AbstractAutowireCapableBeanFactory.doCreateBean(AbstractAutowireCapableBeanFactory.java:563) ~[spring-beans-6.2.5.jar:6.2.5]
	at org.springframework.beans.factory.support.AbstractAutowireCapableBeanFactory.createBean(AbstractAutowireCapableBeanFactory.java:523) ~[spring-beans-6.2.5.jar:6.2.5]
	at org.springframework.beans.factory.support.AbstractBeanFactory.lambda$doGetBean$0(AbstractBeanFactory.java:339) ~[spring-beans-6.2.5.jar:6.2.5]
	at org.springframework.beans.factory.support.DefaultSingletonBeanRegistry.getSingleton(DefaultSingletonBeanRegistry.java:347) ~[spring-beans-6.2.5.jar:6.2.5]
	at org.springframework.beans.factory.support.AbstractBeanFactory.doGetBean(AbstractBeanFactory.java:337) ~[spring-beans-6.2.5.jar:6.2.5]
	at org.springframework.beans.factory.support.AbstractBeanFactory.getBean(AbstractBeanFactory.java:207) ~[spring-beans-6.2.5.jar:6.2.5]
	at org.springframework.boot.web.servlet.ServletContextInitializerBeans.getOrderedBeansOfType(ServletContextInitializerBeans.java:211) ~[spring-boot-3.4.4.jar:3.4.4]
	at org.springframework.boot.web.servlet.ServletContextInitializerBeans.addAsRegistrationBean(ServletContextInitializerBeans.java:174) ~[spring-boot-3.4.4.jar:3.4.4]
	at org.springframework.boot.web.servlet.ServletContextInitializerBeans.addAsRegistrationBean(ServletContextInitializerBeans.java:169) ~[spring-boot-3.4.4.jar:3.4.4]
	at org.springframework.boot.web.servlet.ServletContextInitializerBeans.addAdaptableBeans(ServletContextInitializerBeans.java:154) ~[spring-boot-3.4.4.jar:3.4.4]
	at org.springframework.boot.web.servlet.ServletContextInitializerBeans.<init>(ServletContextInitializerBeans.java:87) ~[spring-boot-3.4.4.jar:3.4.4]
	at org.springframework.boot.web.servlet.context.ServletWebServerApplicationContext.getServletContextInitializerBeans(ServletWebServerApplicationContext.java:271) ~[spring-boot-3.4.4.jar:3.4.4]
	at org.springframework.boot.web.servlet.context.ServletWebServerApplicationContext.selfInitialize(ServletWebServerApplicationContext.java:245) ~[spring-boot-3.4.4.jar:3.4.4]
	at org.springframework.boot.web.embedded.tomcat.TomcatStarter.onStartup(TomcatStarter.java:52) ~[spring-boot-3.4.4.jar:3.4.4]
	at org.apache.catalina.core.StandardContext.startInternal(StandardContext.java:4467) ~[tomcat-embed-core-10.1.39.jar:10.1.39]
	at org.apache.catalina.util.LifecycleBase.start(LifecycleBase.java:164) ~[tomcat-embed-core-10.1.39.jar:10.1.39]
	at org.apache.catalina.core.ContainerBase$StartChild.call(ContainerBase.java:1203) ~[tomcat-embed-core-10.1.39.jar:10.1.39]
	at org.apache.catalina.core.ContainerBase$StartChild.call(ContainerBase.java:1193) ~[tomcat-embed-core-10.1.39.jar:10.1.39]
	at java.base/java.util.concurrent.FutureTask.run(FutureTask.java:317) ~[na:na]
	at org.apache.tomcat.util.threads.InlineExecutorService.execute(InlineExecutorService.java:75) ~[tomcat-embed-core-10.1.39.jar:10.1.39]
	at java.base/java.util.concurrent.AbstractExecutorService.submit(AbstractExecutorService.java:145) ~[na:na]
	at org.apache.catalina.core.ContainerBase.startInternal(ContainerBase.java:749) ~[tomcat-embed-core-10.1.39.jar:10.1.39]
	at org.apache.catalina.core.StandardHost.startInternal(StandardHost.java:772) ~[tomcat-embed-core-10.1.39.jar:10.1.39]
	at org.apache.catalina.util.LifecycleBase.start(LifecycleBase.java:164) ~[tomcat-embed-core-10.1.39.jar:10.1.39]
	at org.apache.catalina.core.ContainerBase$StartChild.call(ContainerBase.java:1203) ~[tomcat-embed-core-10.1.39.jar:10.1.39]
	at org.apache.catalina.core.ContainerBase$StartChild.call(ContainerBase.java:1193) ~[tomcat-embed-core-10.1.39.jar:10.1.39]
	at java.base/java.util.concurrent.FutureTask.run(FutureTask.java:317) ~[na:na]
	at org.apache.tomcat.util.threads.InlineExecutorService.execute(InlineExecutorService.java:75) ~[tomcat-embed-core-10.1.39.jar:10.1.39]
	at java.base/java.util.concurrent.AbstractExecutorService.submit(AbstractExecutorService.java:145) ~[na:na]
	at org.apache.catalina.core.ContainerBase.startInternal(ContainerBase.java:749) ~[tomcat-embed-core-10.1.39.jar:10.1.39]
	at org.apache.catalina.core.StandardEngine.startInternal(StandardEngine.java:203) ~[tomcat-embed-core-10.1.39.jar:10.1.39]
	at org.apache.catalina.util.LifecycleBase.start(LifecycleBase.java:164) ~[tomcat-embed-core-10.1.39.jar:10.1.39]
	at org.apache.catalina.core.StandardService.startInternal(StandardService.java:415) ~[tomcat-embed-core-10.1.39.jar:10.1.39]
	at org.apache.catalina.util.LifecycleBase.start(LifecycleBase.java:164) ~[tomcat-embed-core-10.1.39.jar:10.1.39]
	at org.apache.catalina.core.StandardServer.startInternal(StandardServer.java:870) ~[tomcat-embed-core-10.1.39.jar:10.1.39]
	at org.apache.catalina.util.LifecycleBase.start(LifecycleBase.java:164) ~[tomcat-embed-core-10.1.39.jar:10.1.39]
	at org.apache.catalina.startup.Tomcat.start(Tomcat.java:437) ~[tomcat-embed-core-10.1.39.jar:10.1.39]
	at org.springframework.boot.web.embedded.tomcat.TomcatWebServer.initialize(TomcatWebServer.java:128) ~[spring-boot-3.4.4.jar:3.4.4]
	... 16 common frames omitted
Caused by: org.springframework.beans.factory.BeanCreationException: Error creating bean with name 'jwtService' defined in file [C:\Users\luisv\Downloads\iquenobot\target\classes\com\iquenobot\security\application\JwtService.class]: Unexpected exception during bean creation
	at org.springframework.beans.factory.support.AbstractAutowireCapableBeanFactory.createBean(AbstractAutowireCapableBeanFactory.java:536) ~[spring-beans-6.2.5.jar:6.2.5]
	at org.springframework.beans.factory.support.AbstractBeanFactory.lambda$doGetBean$0(AbstractBeanFactory.java:339) ~[spring-beans-6.2.5.jar:6.2.5]
	at org.springframework.beans.factory.support.DefaultSingletonBeanRegistry.getSingleton(DefaultSingletonBeanRegistry.java:347) ~[spring-beans-6.2.5.jar:6.2.5]
	at org.springframework.beans.factory.support.AbstractBeanFactory.doGetBean(AbstractBeanFactory.java:337) ~[spring-beans-6.2.5.jar:6.2.5]
	at org.springframework.beans.factory.support.AbstractBeanFactory.getBean(AbstractBeanFactory.java:202) ~[spring-beans-6.2.5.jar:6.2.5]
	at org.springframework.beans.factory.support.DefaultListableBeanFactory.doResolveDependency(DefaultListableBeanFactory.java:1609) ~[spring-beans-6.2.5.jar:6.2.5]
	at org.springframework.beans.factory.support.DefaultListableBeanFactory.resolveDependency(DefaultListableBeanFactory.java:1555) ~[spring-beans-6.2.5.jar:6.2.5]
	at org.springframework.beans.factory.support.ConstructorResolver.resolveAutowiredArgument(ConstructorResolver.java:913) ~[spring-beans-6.2.5.jar:6.2.5]
	at org.springframework.beans.factory.support.ConstructorResolver.createArgumentArray(ConstructorResolver.java:791) ~[spring-beans-6.2.5.jar:6.2.5]
	... 57 common frames omitted
Caused by: org.springframework.util.PlaceholderResolutionException: Could not resolve placeholder 'app.jwt.secret' in value "${app.jwt.secret}"
	at org.springframework.util.PlaceholderResolutionException.withValue(PlaceholderResolutionException.java:81) ~[spring-core-6.2.5.jar:6.2.5]
	at org.springframework.util.PlaceholderParser$ParsedValue.resolve(PlaceholderParser.java:423) ~[spring-core-6.2.5.jar:6.2.5]
	at org.springframework.util.PlaceholderParser.replacePlaceholders(PlaceholderParser.java:128) ~[spring-core-6.2.5.jar:6.2.5]
	at org.springframework.util.PropertyPlaceholderHelper.parseStringValue(PropertyPlaceholderHelper.java:118) ~[spring-core-6.2.5.jar:6.2.5]
	at org.springframework.util.PropertyPlaceholderHelper.replacePlaceholders(PropertyPlaceholderHelper.java:114) ~[spring-core-6.2.5.jar:6.2.5]
	at org.springframework.core.env.AbstractPropertyResolver.doResolvePlaceholders(AbstractPropertyResolver.java:255) ~[spring-core-6.2.5.jar:6.2.5]
	at org.springframework.core.env.AbstractPropertyResolver.resolveRequiredPlaceholders(AbstractPropertyResolver.java:226) ~[spring-core-6.2.5.jar:6.2.5]
	at org.springframework.context.support.PropertySourcesPlaceholderConfigurer.lambda$processProperties$0(PropertySourcesPlaceholderConfigurer.java:201) ~[spring-context-6.2.5.jar:6.2.5]
	at org.springframework.beans.factory.support.AbstractBeanFactory.resolveEmbeddedValue(AbstractBeanFactory.java:971) ~[spring-beans-6.2.5.jar:6.2.5]
	at org.springframework.beans.factory.support.DefaultListableBeanFactory.doResolveDependency(DefaultListableBeanFactory.java:1577) ~[spring-beans-6.2.5.jar:6.2.5]
	at org.springframework.beans.factory.support.DefaultListableBeanFactory.resolveDependency(DefaultListableBeanFactory.java:1555) ~[spring-beans-6.2.5.jar:6.2.5]
	at org.springframework.beans.factory.support.ConstructorResolver.resolveAutowiredArgument(ConstructorResolver.java:913) ~[spring-beans-6.2.5.jar:6.2.5]
	at org.springframework.beans.factory.support.ConstructorResolver.createArgumentArray(ConstructorResolver.java:791) ~[spring-beans-6.2.5.jar:6.2.5]
	at org.springframework.beans.factory.support.ConstructorResolver.autowireConstructor(ConstructorResolver.java:240) ~[spring-beans-6.2.5.jar:6.2.5]
	at org.springframework.beans.factory.support.AbstractAutowireCapableBeanFactory.autowireConstructor(AbstractAutowireCapableBeanFactory.java:1381) ~[spring-beans-6.2.5.jar:6.2.5]
	at org.springframework.beans.factory.support.AbstractAutowireCapableBeanFactory.createBeanInstance(AbstractAutowireCapableBeanFactory.java:1218) ~[spring-beans-6.2.5.jar:6.2.5]
	at org.springframework.beans.factory.support.AbstractAutowireCapableBeanFactory.doCreateBean(AbstractAutowireCapableBeanFactory.java:563) ~[spring-beans-6.2.5.jar:6.2.5]
	at org.springframework.beans.factory.support.AbstractAutowireCapableBeanFactory.createBean(AbstractAutowireCapableBeanFactory.java:523) ~[spring-beans-6.2.5.jar:6.2.5]
	... 65 common frames omitted

  .   ____          _            __ _ _
 /\\ / ___'_ __ _ _(_)_ __  __ _ \ \ \ \
( ( )\___ | '_ | '_| | '_ \/ _` | \ \ \ \
 \\/  ___)| |_)| | | | | || (_| |  ) ) ) )
  '  |____| .__|_| |_|_| |_\__, | / / / /
 =========|_|==============|___/=/_/_/_/

 :: Spring Boot ::                (v3.4.4)

2026-07-28 07:34:08 - Starting IquenobotApplication using Java 21.0.11 with PID 20952 (C:\Users\luisv\Downloads\iquenobot\target\classes started by luisv in C:\Users\luisv\Downloads\iquenobot)
2026-07-28 07:34:08 - Running with Spring Boot v3.4.4, Spring v6.2.5
2026-07-28 07:34:08 - The following 1 profile is active: "dev"
2026-07-28 07:34:09 - Bootstrapping Spring Data JPA repositories in DEFAULT mode.
2026-07-28 07:34:10 - Finished Spring Data repository scanning in 318 ms. Found 18 JPA repository interfaces.
2026-07-28 07:34:11 - Tomcat initialized with port 8085 (http)
2026-07-28 07:34:11 - Starting service [Tomcat]
2026-07-28 07:34:11 - Starting Servlet engine: [Apache Tomcat/10.1.39]
2026-07-28 07:34:11 - Initializing Spring embedded WebApplicationContext
2026-07-28 07:34:11 - Root WebApplicationContext: initialization completed in 2263 ms
2026-07-28 07:34:11 - HikariPool-2 - Starting...
2026-07-28 07:34:13 - HikariPool-2 - Added connection org.postgresql.jdbc.PgConnection@34d1e772
2026-07-28 07:34:13 - HikariPool-2 - Start completed.
2026-07-28 07:34:13 - Database: jdbc:postgresql://ep-delicate-bird-axk10rcp-pooler.c-4.us-east-2.aws.neon.tech:5432/neondb?sslmode=require (PostgreSQL 18.4)
2026-07-28 07:34:14 - Flyway upgrade recommended: PostgreSQL 18.4 is newer than this version of Flyway and support has not been tested. The latest supported version of PostgreSQL is 17.
2026-07-28 07:34:15 - Successfully validated 21 migrations (execution time 00:00.616s)
2026-07-28 07:34:17 - Current version of schema "public": 021
2026-07-28 07:34:17 - Schema "public" is up to date. No migration necessary.
2026-07-28 07:34:18 - HHH000204: Processing PersistenceUnitInfo [name: default]
2026-07-28 07:34:18 - HHH000026: Second-level cache disabled
2026-07-28 07:34:18 - No LoadTimeWeaver setup: ignoring JPA class transformer
2026-07-28 07:34:18 - HHH90000025: PostgreSQLDialect does not need to be specified explicitly using 'hibernate.dialect' (remove the property setting and it will be selected by default)
2026-07-28 07:34:19 - HHH10001005: Database info:
	Database JDBC URL [Connecting through datasource 'HikariDataSource (HikariPool-2)']
	Database driver: undefined/unknown
	Database version: 18.4
	Autocommit mode: undefined/unknown
	Isolation level: undefined/unknown
	Minimum pool size: undefined/unknown
	Maximum pool size: undefined/unknown
2026-07-28 07:34:20 - HHH000489: No JTA platform available (set 'hibernate.transaction.jta.platform' to enable JTA platform integration)
2026-07-28 07:34:20 - Initialized JPA EntityManagerFactory for persistence unit 'default'
2026-07-28 07:34:21 - Filter 'jwtAuthenticationFilter' configured for use
2026-07-28 07:34:22 - DecisionEngine initialized with 3 strategies
2026-07-28 07:34:22 - ActionDispatcher initialized with 14 executors
2026-07-28 07:34:24 - File upload directory created at: C:\Users\luisv\Downloads\iquenobot\uploads
2026-07-28 07:34:24 - Orchestrator event executor initialized: core=5 max=20 queue=500
2026-07-28 07:34:24 - 

Using generated security password: 82fbb59e-d9dc-43f5-ab00-ac248966a4e3

This generated password is for development use only. Your security configuration must be updated before running your application in production.

2026-07-28 07:34:25 - Exposing 3 endpoints beneath base path '/actuator'
2026-07-28 07:34:26 - LiveReload server is running on port 35729
2026-07-28 07:34:26 - Tomcat started on port 8085 (http) with context path '/'
2026-07-28 07:34:26 - Started IquenobotApplication in 17.575 seconds (process running for 700.22)
2026-07-28 07:34:26 - Plans already seeded, skipping
2026-07-28 07:34:27 - SUPER_ADMIN already exists, skipping initialization
2026-07-28 07:34:27 - Condition evaluation unchanged
2026-07-28 07:34:41 - Restarting due to 1 class path change (1 addition, 0 deletions, 0 modifications)
2026-07-28 07:34:41 - Commencing graceful shutdown. Waiting for active requests to complete
2026-07-28 07:34:41 - Graceful shutdown complete
2026-07-28 07:34:41 - Closing JPA EntityManagerFactory for persistence unit 'default'
2026-07-28 07:34:41 - HikariPool-2 - Shutdown initiated...
2026-07-28 07:34:42 - HikariPool-2 - Shutdown completed.

  .   ____          _            __ _ _
 /\\ / ___'_ __ _ _(_)_ __  __ _ \ \ \ \
( ( )\___ | '_ | '_| | '_ \/ _` | \ \ \ \
 \\/  ___)| |_)| | | | | || (_| |  ) ) ) )
  '  |____| .__|_| |_|_| |_\__, | / / / /
 =========|_|==============|___/=/_/_/_/

 :: Spring Boot ::                (v3.4.4)

2026-07-28 07:34:42 - Starting IquenobotApplication using Java 21.0.11 with PID 20952 (C:\Users\luisv\Downloads\iquenobot\target\classes started by luisv in C:\Users\luisv\Downloads\iquenobot)
2026-07-28 07:34:42 - Running with Spring Boot v3.4.4, Spring v6.2.5
2026-07-28 07:34:42 - The following 1 profile is active: "dev"
2026-07-28 07:34:43 - Bootstrapping Spring Data JPA repositories in DEFAULT mode.
2026-07-28 07:34:44 - Finished Spring Data repository scanning in 292 ms. Found 18 JPA repository interfaces.
2026-07-28 07:34:45 - Tomcat initialized with port 8085 (http)
2026-07-28 07:34:45 - Starting service [Tomcat]
2026-07-28 07:34:45 - Starting Servlet engine: [Apache Tomcat/10.1.39]
2026-07-28 07:34:45 - Initializing Spring embedded WebApplicationContext
2026-07-28 07:34:45 - Root WebApplicationContext: initialization completed in 2459 ms
2026-07-28 07:34:45 - HikariPool-3 - Starting...
2026-07-28 07:34:47 - HikariPool-3 - Added connection org.postgresql.jdbc.PgConnection@768932ff
2026-07-28 07:34:47 - HikariPool-3 - Start completed.
2026-07-28 07:34:47 - Database: jdbc:postgresql://ep-delicate-bird-axk10rcp-pooler.c-4.us-east-2.aws.neon.tech:5432/neondb?sslmode=require (PostgreSQL 18.4)
2026-07-28 07:34:48 - Flyway upgrade recommended: PostgreSQL 18.4 is newer than this version of Flyway and support has not been tested. The latest supported version of PostgreSQL is 17.
2026-07-28 07:34:49 - Successfully validated 21 migrations (execution time 00:00.625s)
2026-07-28 07:34:51 - Current version of schema "public": 021
2026-07-28 07:34:51 - Schema "public" is up to date. No migration necessary.
2026-07-28 07:34:52 - HHH000204: Processing PersistenceUnitInfo [name: default]
2026-07-28 07:34:52 - HHH000026: Second-level cache disabled
2026-07-28 07:34:52 - No LoadTimeWeaver setup: ignoring JPA class transformer
2026-07-28 07:34:52 - HHH90000025: PostgreSQLDialect does not need to be specified explicitly using 'hibernate.dialect' (remove the property setting and it will be selected by default)
2026-07-28 07:34:53 - HHH10001005: Database info:
	Database JDBC URL [Connecting through datasource 'HikariDataSource (HikariPool-3)']
	Database driver: undefined/unknown
	Database version: 18.4
	Autocommit mode: undefined/unknown
	Isolation level: undefined/unknown
	Minimum pool size: undefined/unknown
	Maximum pool size: undefined/unknown
2026-07-28 07:34:53 - HHH000489: No JTA platform available (set 'hibernate.transaction.jta.platform' to enable JTA platform integration)
2026-07-28 07:34:54 - Initialized JPA EntityManagerFactory for persistence unit 'default'
2026-07-28 07:34:54 - Filter 'jwtAuthenticationFilter' configured for use
2026-07-28 07:34:56 - DecisionEngine initialized with 3 strategies
2026-07-28 07:34:56 - ActionDispatcher initialized with 14 executors
2026-07-28 07:34:57 - Exception encountered during context initialization - cancelling refresh attempt: org.springframework.beans.factory.BeanCreationException: Error creating bean with name 'productImportService': Lookup method resolution failed
2026-07-28 07:34:57 - Closing JPA EntityManagerFactory for persistence unit 'default'
2026-07-28 07:34:57 - HikariPool-3 - Shutdown initiated...
2026-07-28 07:34:58 - HikariPool-3 - Shutdown completed.
2026-07-28 07:34:58 - Stopping service [Tomcat]
2026-07-28 07:34:58 - 

Error starting ApplicationContext. To display the condition evaluation report re-run your application with 'debug' enabled.
2026-07-28 07:34:58 - Application run failed
org.springframework.beans.factory.BeanCreationException: Error creating bean with name 'productImportService': Lookup method resolution failed
	at org.springframework.beans.factory.annotation.AutowiredAnnotationBeanPostProcessor.checkLookupMethods(AutowiredAnnotationBeanPostProcessor.java:498) ~[spring-beans-6.2.5.jar:6.2.5]
	at org.springframework.beans.factory.annotation.AutowiredAnnotationBeanPostProcessor.determineCandidateConstructors(AutowiredAnnotationBeanPostProcessor.java:368) ~[spring-beans-6.2.5.jar:6.2.5]
	at org.springframework.beans.factory.support.AbstractAutowireCapableBeanFactory.determineConstructorsFromBeanPostProcessors(AbstractAutowireCapableBeanFactory.java:1320) ~[spring-beans-6.2.5.jar:6.2.5]
	at org.springframework.beans.factory.support.AbstractAutowireCapableBeanFactory.createBeanInstance(AbstractAutowireCapableBeanFactory.java:1215) ~[spring-beans-6.2.5.jar:6.2.5]
	at org.springframework.beans.factory.support.AbstractAutowireCapableBeanFactory.doCreateBean(AbstractAutowireCapableBeanFactory.java:563) ~[spring-beans-6.2.5.jar:6.2.5]
	at org.springframework.beans.factory.support.AbstractAutowireCapableBeanFactory.createBean(AbstractAutowireCapableBeanFactory.java:523) ~[spring-beans-6.2.5.jar:6.2.5]
	at org.springframework.beans.factory.support.AbstractBeanFactory.lambda$doGetBean$0(AbstractBeanFactory.java:339) ~[spring-beans-6.2.5.jar:6.2.5]
	at org.springframework.beans.factory.support.DefaultSingletonBeanRegistry.getSingleton(DefaultSingletonBeanRegistry.java:347) ~[spring-beans-6.2.5.jar:6.2.5]
	at org.springframework.beans.factory.support.AbstractBeanFactory.doGetBean(AbstractBeanFactory.java:337) ~[spring-beans-6.2.5.jar:6.2.5]
	at org.springframework.beans.factory.support.AbstractBeanFactory.getBean(AbstractBeanFactory.java:202) ~[spring-beans-6.2.5.jar:6.2.5]
	at org.springframework.beans.factory.support.DefaultListableBeanFactory.instantiateSingleton(DefaultListableBeanFactory.java:1155) ~[spring-beans-6.2.5.jar:6.2.5]
	at org.springframework.beans.factory.support.DefaultListableBeanFactory.preInstantiateSingleton(DefaultListableBeanFactory.java:1121) ~[spring-beans-6.2.5.jar:6.2.5]
	at org.springframework.beans.factory.support.DefaultListableBeanFactory.preInstantiateSingletons(DefaultListableBeanFactory.java:1056) ~[spring-beans-6.2.5.jar:6.2.5]
	at org.springframework.context.support.AbstractApplicationContext.finishBeanFactoryInitialization(AbstractApplicationContext.java:987) ~[spring-context-6.2.5.jar:6.2.5]
	at org.springframework.context.support.AbstractApplicationContext.refresh(AbstractApplicationContext.java:627) ~[spring-context-6.2.5.jar:6.2.5]
	at org.springframework.boot.web.servlet.context.ServletWebServerApplicationContext.refresh(ServletWebServerApplicationContext.java:146) ~[spring-boot-3.4.4.jar:3.4.4]
	at org.springframework.boot.SpringApplication.refresh(SpringApplication.java:752) ~[spring-boot-3.4.4.jar:3.4.4]
	at org.springframework.boot.SpringApplication.refreshContext(SpringApplication.java:439) ~[spring-boot-3.4.4.jar:3.4.4]
	at org.springframework.boot.SpringApplication.run(SpringApplication.java:318) ~[spring-boot-3.4.4.jar:3.4.4]
	at org.springframework.boot.SpringApplication.run(SpringApplication.java:1361) ~[spring-boot-3.4.4.jar:3.4.4]
	at org.springframework.boot.SpringApplication.run(SpringApplication.java:1350) ~[spring-boot-3.4.4.jar:3.4.4]
	at com.iquenobot.IquenobotApplication.main(IquenobotApplication.java:19) ~[classes/:na]
	at java.base/jdk.internal.reflect.DirectMethodHandleAccessor.invoke(DirectMethodHandleAccessor.java:103) ~[na:na]
	at java.base/java.lang.reflect.Method.invoke(Method.java:580) ~[na:na]
	at org.springframework.boot.devtools.restart.RestartLauncher.run(RestartLauncher.java:50) ~[spring-boot-devtools-3.4.4.jar:3.4.4]
Caused by: java.lang.IllegalStateException: Failed to introspect Class [com.iquenobot.product.application.ProductImportService] from ClassLoader [org.springframework.boot.devtools.restart.classloader.RestartClassLoader@34c70387]
	at org.springframework.util.ReflectionUtils.getDeclaredMethods(ReflectionUtils.java:483) ~[spring-core-6.2.5.jar:6.2.5]
	at org.springframework.util.ReflectionUtils.doWithLocalMethods(ReflectionUtils.java:320) ~[spring-core-6.2.5.jar:6.2.5]
	at org.springframework.beans.factory.annotation.AutowiredAnnotationBeanPostProcessor.checkLookupMethods(AutowiredAnnotationBeanPostProcessor.java:476) ~[spring-beans-6.2.5.jar:6.2.5]
	... 24 common frames omitted
Caused by: java.lang.NoClassDefFoundError: org/apache/poi/ss/usermodel/Workbook
	at java.base/java.lang.Class.getDeclaredMethods0(Native Method) ~[na:na]
	at java.base/java.lang.Class.privateGetDeclaredMethods(Class.java:3580) ~[na:na]
	at java.base/java.lang.Class.getDeclaredMethods(Class.java:2678) ~[na:na]
	at org.springframework.util.ReflectionUtils.getDeclaredMethods(ReflectionUtils.java:465) ~[spring-core-6.2.5.jar:6.2.5]
	... 26 common frames omitted
Caused by: java.lang.ClassNotFoundException: org.apache.poi.ss.usermodel.Workbook
	at java.base/jdk.internal.loader.BuiltinClassLoader.loadClass(BuiltinClassLoader.java:641) ~[na:na]
	at java.base/jdk.internal.loader.ClassLoaders$AppClassLoader.loadClass(ClassLoaders.java:188) ~[na:na]
	at java.base/java.lang.ClassLoader.loadClass(ClassLoader.java:526) ~[na:na]
	at java.base/java.lang.Class.forName0(Native Method) ~[na:na]
	at java.base/java.lang.Class.forName(Class.java:536) ~[na:na]
	at java.base/java.lang.Class.forName(Class.java:515) ~[na:na]
	at org.springframework.boot.devtools.restart.classloader.RestartClassLoader.loadClass(RestartClassLoader.java:121) ~[spring-boot-devtools-3.4.4.jar:3.4.4]
	at java.base/java.lang.ClassLoader.loadClass(ClassLoader.java:526) ~[na:na]
	... 30 common frames omitted

  .   ____          _            __ _ _
 /\\ / ___'_ __ _ _(_)_ __  __ _ \ \ \ \
( ( )\___ | '_ | '_| | '_ \/ _` | \ \ \ \
 \\/  ___)| |_)| | | | | || (_| |  ) ) ) )
  '  |____| .__|_| |_|_| |_\__, | / / / /
 =========|_|==============|___/=/_/_/_/

 :: Spring Boot ::                (v3.4.4)

2026-07-28 07:37:29 - Starting IquenobotApplication using Java 21.0.11 with PID 20952 (C:\Users\luisv\Downloads\iquenobot\target\classes started by luisv in C:\Users\luisv\Downloads\iquenobot)
2026-07-28 07:37:29 - Running with Spring Boot v3.4.4, Spring v6.2.5
2026-07-28 07:37:29 - The following 1 profile is active: "dev"
2026-07-28 07:37:30 - Bootstrapping Spring Data JPA repositories in DEFAULT mode.
2026-07-28 07:37:30 - Finished Spring Data repository scanning in 51 ms. Found 0 JPA repository interfaces.
2026-07-28 07:37:30 - Tomcat initialized with port 8085 (http)
2026-07-28 07:37:30 - Starting service [Tomcat]
2026-07-28 07:37:30 - Starting Servlet engine: [Apache Tomcat/10.1.39]
2026-07-28 07:37:30 - Initializing Spring embedded WebApplicationContext
2026-07-28 07:37:30 - Root WebApplicationContext: initialization completed in 1276 ms
2026-07-28 07:37:31 - HikariPool-4 - Starting...
2026-07-28 07:37:33 - HikariPool-4 - Added connection org.postgresql.jdbc.PgConnection@1e581130
2026-07-28 07:37:33 - HikariPool-4 - Start completed.
2026-07-28 07:37:33 - Database: jdbc:postgresql://ep-delicate-bird-axk10rcp-pooler.c-4.us-east-2.aws.neon.tech:5432/neondb?sslmode=require (PostgreSQL 18.4)
2026-07-28 07:37:34 - Flyway upgrade recommended: PostgreSQL 18.4 is newer than this version of Flyway and support has not been tested. The latest supported version of PostgreSQL is 17.
2026-07-28 07:37:35 - Successfully validated 21 migrations (execution time 00:00.669s)
2026-07-28 07:37:37 - Current version of schema "public": 021
2026-07-28 07:37:37 - Schema "public" is up to date. No migration necessary.
2026-07-28 07:37:38 - HHH000204: Processing PersistenceUnitInfo [name: default]
2026-07-28 07:37:38 - HHH000026: Second-level cache disabled
2026-07-28 07:37:38 - No LoadTimeWeaver setup: ignoring JPA class transformer
2026-07-28 07:37:38 - HHH90000025: PostgreSQLDialect does not need to be specified explicitly using 'hibernate.dialect' (remove the property setting and it will be selected by default)
2026-07-28 07:37:39 - HHH10001005: Database info:
	Database JDBC URL [Connecting through datasource 'HikariDataSource (HikariPool-4)']
	Database driver: undefined/unknown
	Database version: 18.4
	Autocommit mode: undefined/unknown
	Isolation level: undefined/unknown
	Minimum pool size: undefined/unknown
	Maximum pool size: undefined/unknown
2026-07-28 07:37:39 - HHH000489: No JTA platform available (set 'hibernate.transaction.jta.platform' to enable JTA platform integration)
2026-07-28 07:37:39 - Initialized JPA EntityManagerFactory for persistence unit 'default'
2026-07-28 07:37:39 - Exception encountered during context initialization - cancelling refresh attempt: org.springframework.beans.factory.BeanCreationException: Error creating bean with name 'productImportService': Lookup method resolution failed
2026-07-28 07:37:39 - Closing JPA EntityManagerFactory for persistence unit 'default'
2026-07-28 07:37:39 - HikariPool-4 - Shutdown initiated...
2026-07-28 07:37:39 - HikariPool-4 - Shutdown completed.
2026-07-28 07:37:39 - Stopping service [Tomcat]
2026-07-28 07:37:39 - 

Error starting ApplicationContext. To display the condition evaluation report re-run your application with 'debug' enabled.
2026-07-28 07:37:39 - Application run failed
org.springframework.beans.factory.BeanCreationException: Error creating bean with name 'productImportService': Lookup method resolution failed
	at org.springframework.beans.factory.annotation.AutowiredAnnotationBeanPostProcessor.checkLookupMethods(AutowiredAnnotationBeanPostProcessor.java:498) ~[spring-beans-6.2.5.jar:6.2.5]
	at org.springframework.beans.factory.annotation.AutowiredAnnotationBeanPostProcessor.determineCandidateConstructors(AutowiredAnnotationBeanPostProcessor.java:368) ~[spring-beans-6.2.5.jar:6.2.5]
	at org.springframework.beans.factory.support.AbstractAutowireCapableBeanFactory.determineConstructorsFromBeanPostProcessors(AbstractAutowireCapableBeanFactory.java:1320) ~[spring-beans-6.2.5.jar:6.2.5]
	at org.springframework.beans.factory.support.AbstractAutowireCapableBeanFactory.createBeanInstance(AbstractAutowireCapableBeanFactory.java:1215) ~[spring-beans-6.2.5.jar:6.2.5]
	at org.springframework.beans.factory.support.AbstractAutowireCapableBeanFactory.doCreateBean(AbstractAutowireCapableBeanFactory.java:563) ~[spring-beans-6.2.5.jar:6.2.5]
	at org.springframework.beans.factory.support.AbstractAutowireCapableBeanFactory.createBean(AbstractAutowireCapableBeanFactory.java:523) ~[spring-beans-6.2.5.jar:6.2.5]
	at org.springframework.beans.factory.support.AbstractBeanFactory.lambda$doGetBean$0(AbstractBeanFactory.java:339) ~[spring-beans-6.2.5.jar:6.2.5]
	at org.springframework.beans.factory.support.DefaultSingletonBeanRegistry.getSingleton(DefaultSingletonBeanRegistry.java:347) ~[spring-beans-6.2.5.jar:6.2.5]
	at org.springframework.beans.factory.support.AbstractBeanFactory.doGetBean(AbstractBeanFactory.java:337) ~[spring-beans-6.2.5.jar:6.2.5]
	at org.springframework.beans.factory.support.AbstractBeanFactory.getBean(AbstractBeanFactory.java:202) ~[spring-beans-6.2.5.jar:6.2.5]
	at org.springframework.beans.factory.support.DefaultListableBeanFactory.instantiateSingleton(DefaultListableBeanFactory.java:1155) ~[spring-beans-6.2.5.jar:6.2.5]
	at org.springframework.beans.factory.support.DefaultListableBeanFactory.preInstantiateSingleton(DefaultListableBeanFactory.java:1121) ~[spring-beans-6.2.5.jar:6.2.5]
	at org.springframework.beans.factory.support.DefaultListableBeanFactory.preInstantiateSingletons(DefaultListableBeanFactory.java:1056) ~[spring-beans-6.2.5.jar:6.2.5]
	at org.springframework.context.support.AbstractApplicationContext.finishBeanFactoryInitialization(AbstractApplicationContext.java:987) ~[spring-context-6.2.5.jar:6.2.5]
	at org.springframework.context.support.AbstractApplicationContext.refresh(AbstractApplicationContext.java:627) ~[spring-context-6.2.5.jar:6.2.5]
	at org.springframework.boot.web.servlet.context.ServletWebServerApplicationContext.refresh(ServletWebServerApplicationContext.java:146) ~[spring-boot-3.4.4.jar:3.4.4]
	at org.springframework.boot.SpringApplication.refresh(SpringApplication.java:752) ~[spring-boot-3.4.4.jar:3.4.4]
	at org.springframework.boot.SpringApplication.refreshContext(SpringApplication.java:439) ~[spring-boot-3.4.4.jar:3.4.4]
	at org.springframework.boot.SpringApplication.run(SpringApplication.java:318) ~[spring-boot-3.4.4.jar:3.4.4]
	at org.springframework.boot.SpringApplication.run(SpringApplication.java:1361) ~[spring-boot-3.4.4.jar:3.4.4]
	at org.springframework.boot.SpringApplication.run(SpringApplication.java:1350) ~[spring-boot-3.4.4.jar:3.4.4]
	at com.iquenobot.IquenobotApplication.main(IquenobotApplication.java:19) ~[classes/:na]
	at java.base/jdk.internal.reflect.DirectMethodHandleAccessor.invoke(DirectMethodHandleAccessor.java:103) ~[na:na]
	at java.base/java.lang.reflect.Method.invoke(Method.java:580) ~[na:na]
	at org.springframework.boot.devtools.restart.RestartLauncher.run(RestartLauncher.java:50) ~[spring-boot-devtools-3.4.4.jar:3.4.4]
Caused by: java.lang.IllegalStateException: Failed to introspect Class [com.iquenobot.product.application.ProductImportService] from ClassLoader [org.springframework.boot.devtools.restart.classloader.RestartClassLoader@3441e39e]
	at org.springframework.util.ReflectionUtils.getDeclaredMethods(ReflectionUtils.java:483) ~[spring-core-6.2.5.jar:6.2.5]
	at org.springframework.util.ReflectionUtils.doWithLocalMethods(ReflectionUtils.java:320) ~[spring-core-6.2.5.jar:6.2.5]
	at org.springframework.beans.factory.annotation.AutowiredAnnotationBeanPostProcessor.checkLookupMethods(AutowiredAnnotationBeanPostProcessor.java:476) ~[spring-beans-6.2.5.jar:6.2.5]
	... 24 common frames omitted
Caused by: java.lang.NoClassDefFoundError: com/iquenobot/shared/exception/BusinessException
	at java.base/java.lang.Class.getDeclaredMethods0(Native Method) ~[na:na]
	at java.base/java.lang.Class.privateGetDeclaredMethods(Class.java:3580) ~[na:na]
	at java.base/java.lang.Class.getDeclaredMethods(Class.java:2678) ~[na:na]
	at org.springframework.util.ReflectionUtils.getDeclaredMethods(ReflectionUtils.java:465) ~[spring-core-6.2.5.jar:6.2.5]
	... 26 common frames omitted
Caused by: java.lang.ClassNotFoundException: com.iquenobot.shared.exception.BusinessException
	at java.base/jdk.internal.loader.BuiltinClassLoader.loadClass(BuiltinClassLoader.java:641) ~[na:na]
	at java.base/jdk.internal.loader.ClassLoaders$AppClassLoader.loadClass(ClassLoaders.java:188) ~[na:na]
	at java.base/java.lang.ClassLoader.loadClass(ClassLoader.java:526) ~[na:na]
	at java.base/java.lang.Class.forName0(Native Method) ~[na:na]
	at java.base/java.lang.Class.forName(Class.java:536) ~[na:na]
	at java.base/java.lang.Class.forName(Class.java:515) ~[na:na]
	at org.springframework.boot.devtools.restart.classloader.RestartClassLoader.loadClass(RestartClassLoader.java:121) ~[spring-boot-devtools-3.4.4.jar:3.4.4]
	at java.base/java.lang.ClassLoader.loadClass(ClassLoader.java:526) ~[na:na]
	... 30 common frames omitted

  .   ____          _            __ _ _
 /\\ / ___'_ __ _ _(_)_ __  __ _ \ \ \ \
( ( )\___ | '_ | '_| | '_ \/ _` | \ \ \ \
 \\/  ___)| |_)| | | | | || (_| |  ) ) ) )
  '  |____| .__|_| |_|_| |_\__, | / / / /
 =========|_|==============|___/=/_/_/_/

 :: Spring Boot ::                (v3.4.4)

2026-07-28 07:37:41 - Starting IquenobotApplication using Java 21.0.11 with PID 20952 (C:\Users\luisv\Downloads\iquenobot\target\classes started by luisv in C:\Users\luisv\Downloads\iquenobot)
2026-07-28 07:37:41 - Running with Spring Boot v3.4.4, Spring v6.2.5
2026-07-28 07:37:41 - The following 1 profile is active: "dev"
2026-07-28 07:37:42 - Bootstrapping Spring Data JPA repositories in DEFAULT mode.
2026-07-28 07:37:42 - Finished Spring Data repository scanning in 77 ms. Found 0 JPA repository interfaces.
2026-07-28 07:37:43 - Tomcat initialized with port 8085 (http)
2026-07-28 07:37:43 - Starting service [Tomcat]
2026-07-28 07:37:43 - Starting Servlet engine: [Apache Tomcat/10.1.39]
2026-07-28 07:37:43 - Initializing Spring embedded WebApplicationContext
2026-07-28 07:37:43 - Root WebApplicationContext: initialization completed in 1667 ms
2026-07-28 07:37:43 - HikariPool-5 - Starting...
2026-07-28 07:37:45 - HikariPool-5 - Added connection org.postgresql.jdbc.PgConnection@4391cbdd
2026-07-28 07:37:45 - HikariPool-5 - Start completed.
2026-07-28 07:37:45 - Database: jdbc:postgresql://ep-delicate-bird-axk10rcp-pooler.c-4.us-east-2.aws.neon.tech:5432/neondb?sslmode=require (PostgreSQL 18.4)
2026-07-28 07:37:46 - Flyway upgrade recommended: PostgreSQL 18.4 is newer than this version of Flyway and support has not been tested. The latest supported version of PostgreSQL is 17.
2026-07-28 07:37:47 - Successfully validated 21 migrations (execution time 00:00.621s)
2026-07-28 07:37:49 - Current version of schema "public": 021
2026-07-28 07:37:49 - Schema "public" is up to date. No migration necessary.
2026-07-28 07:37:51 - HHH000204: Processing PersistenceUnitInfo [name: default]
2026-07-28 07:37:51 - HHH000026: Second-level cache disabled
2026-07-28 07:37:51 - No LoadTimeWeaver setup: ignoring JPA class transformer
2026-07-28 07:37:51 - HHH90000025: PostgreSQLDialect does not need to be specified explicitly using 'hibernate.dialect' (remove the property setting and it will be selected by default)
2026-07-28 07:37:51 - HHH10001005: Database info:
	Database JDBC URL [Connecting through datasource 'HikariDataSource (HikariPool-5)']
	Database driver: undefined/unknown
	Database version: 18.4
	Autocommit mode: undefined/unknown
	Isolation level: undefined/unknown
	Minimum pool size: undefined/unknown
	Maximum pool size: undefined/unknown
2026-07-28 07:37:52 - HHH000489: No JTA platform available (set 'hibernate.transaction.jta.platform' to enable JTA platform integration)
2026-07-28 07:37:53 - Initialized JPA EntityManagerFactory for persistence unit 'default'
2026-07-28 07:37:53 - Exception encountered during context initialization - cancelling refresh attempt: org.springframework.beans.factory.BeanCreationException: Error creating bean with name 'authMapperImpl': Lookup method resolution failed
2026-07-28 07:37:53 - Closing JPA EntityManagerFactory for persistence unit 'default'
2026-07-28 07:37:53 - HikariPool-5 - Shutdown initiated...
2026-07-28 07:37:53 - HikariPool-5 - Shutdown completed.
2026-07-28 07:37:53 - Stopping service [Tomcat]
2026-07-28 07:37:53 - 

Error starting ApplicationContext. To display the condition evaluation report re-run your application with 'debug' enabled.
2026-07-28 07:37:53 - Application run failed
org.springframework.beans.factory.BeanCreationException: Error creating bean with name 'authMapperImpl': Lookup method resolution failed
	at org.springframework.beans.factory.annotation.AutowiredAnnotationBeanPostProcessor.checkLookupMethods(AutowiredAnnotationBeanPostProcessor.java:498) ~[spring-beans-6.2.5.jar:6.2.5]
	at org.springframework.beans.factory.annotation.AutowiredAnnotationBeanPostProcessor.determineCandidateConstructors(AutowiredAnnotationBeanPostProcessor.java:368) ~[spring-beans-6.2.5.jar:6.2.5]
	at org.springframework.beans.factory.support.AbstractAutowireCapableBeanFactory.determineConstructorsFromBeanPostProcessors(AbstractAutowireCapableBeanFactory.java:1320) ~[spring-beans-6.2.5.jar:6.2.5]
	at org.springframework.beans.factory.support.AbstractAutowireCapableBeanFactory.createBeanInstance(AbstractAutowireCapableBeanFactory.java:1215) ~[spring-beans-6.2.5.jar:6.2.5]
	at org.springframework.beans.factory.support.AbstractAutowireCapableBeanFactory.doCreateBean(AbstractAutowireCapableBeanFactory.java:563) ~[spring-beans-6.2.5.jar:6.2.5]
	at org.springframework.beans.factory.support.AbstractAutowireCapableBeanFactory.createBean(AbstractAutowireCapableBeanFactory.java:523) ~[spring-beans-6.2.5.jar:6.2.5]
	at org.springframework.beans.factory.support.AbstractBeanFactory.lambda$doGetBean$0(AbstractBeanFactory.java:339) ~[spring-beans-6.2.5.jar:6.2.5]
	at org.springframework.beans.factory.support.DefaultSingletonBeanRegistry.getSingleton(DefaultSingletonBeanRegistry.java:347) ~[spring-beans-6.2.5.jar:6.2.5]
	at org.springframework.beans.factory.support.AbstractBeanFactory.doGetBean(AbstractBeanFactory.java:337) ~[spring-beans-6.2.5.jar:6.2.5]
	at org.springframework.beans.factory.support.AbstractBeanFactory.getBean(AbstractBeanFactory.java:202) ~[spring-beans-6.2.5.jar:6.2.5]
	at org.springframework.beans.factory.support.DefaultListableBeanFactory.instantiateSingleton(DefaultListableBeanFactory.java:1155) ~[spring-beans-6.2.5.jar:6.2.5]
	at org.springframework.beans.factory.support.DefaultListableBeanFactory.preInstantiateSingleton(DefaultListableBeanFactory.java:1121) ~[spring-beans-6.2.5.jar:6.2.5]
	at org.springframework.beans.factory.support.DefaultListableBeanFactory.preInstantiateSingletons(DefaultListableBeanFactory.java:1056) ~[spring-beans-6.2.5.jar:6.2.5]
	at org.springframework.context.support.AbstractApplicationContext.finishBeanFactoryInitialization(AbstractApplicationContext.java:987) ~[spring-context-6.2.5.jar:6.2.5]
	at org.springframework.context.support.AbstractApplicationContext.refresh(AbstractApplicationContext.java:627) ~[spring-context-6.2.5.jar:6.2.5]
	at org.springframework.boot.web.servlet.context.ServletWebServerApplicationContext.refresh(ServletWebServerApplicationContext.java:146) ~[spring-boot-3.4.4.jar:3.4.4]
	at org.springframework.boot.SpringApplication.refresh(SpringApplication.java:752) ~[spring-boot-3.4.4.jar:3.4.4]
	at org.springframework.boot.SpringApplication.refreshContext(SpringApplication.java:439) ~[spring-boot-3.4.4.jar:3.4.4]
	at org.springframework.boot.SpringApplication.run(SpringApplication.java:318) ~[spring-boot-3.4.4.jar:3.4.4]
	at org.springframework.boot.SpringApplication.run(SpringApplication.java:1361) ~[spring-boot-3.4.4.jar:3.4.4]
	at org.springframework.boot.SpringApplication.run(SpringApplication.java:1350) ~[spring-boot-3.4.4.jar:3.4.4]
	at com.iquenobot.IquenobotApplication.main(IquenobotApplication.java:19) ~[classes/:na]
	at java.base/jdk.internal.reflect.DirectMethodHandleAccessor.invoke(DirectMethodHandleAccessor.java:103) ~[na:na]
	at java.base/java.lang.reflect.Method.invoke(Method.java:580) ~[na:na]
	at org.springframework.boot.devtools.restart.RestartLauncher.run(RestartLauncher.java:50) ~[spring-boot-devtools-3.4.4.jar:3.4.4]
Caused by: java.lang.IllegalStateException: Failed to introspect Class [com.iquenobot.auth.interfaces.mapper.AuthMapperImpl] from ClassLoader [org.springframework.boot.devtools.restart.classloader.RestartClassLoader@32a85b7f]
	at org.springframework.util.ReflectionUtils.getDeclaredMethods(ReflectionUtils.java:483) ~[spring-core-6.2.5.jar:6.2.5]
	at org.springframework.util.ReflectionUtils.doWithLocalMethods(ReflectionUtils.java:320) ~[spring-core-6.2.5.jar:6.2.5]
	at org.springframework.beans.factory.annotation.AutowiredAnnotationBeanPostProcessor.checkLookupMethods(AutowiredAnnotationBeanPostProcessor.java:476) ~[spring-beans-6.2.5.jar:6.2.5]
	... 24 common frames omitted
Caused by: java.lang.NoClassDefFoundError: CreateTenantRequestDto
	at java.base/java.lang.Class.getDeclaredMethods0(Native Method) ~[na:na]
	at java.base/java.lang.Class.privateGetDeclaredMethods(Class.java:3580) ~[na:na]
	at java.base/java.lang.Class.getDeclaredMethods(Class.java:2678) ~[na:na]
	at org.springframework.util.ReflectionUtils.getDeclaredMethods(ReflectionUtils.java:465) ~[spring-core-6.2.5.jar:6.2.5]
	... 26 common frames omitted
Caused by: java.lang.ClassNotFoundException: CreateTenantRequestDto
	at java.base/jdk.internal.loader.BuiltinClassLoader.loadClass(BuiltinClassLoader.java:641) ~[na:na]
	at java.base/jdk.internal.loader.ClassLoaders$AppClassLoader.loadClass(ClassLoaders.java:188) ~[na:na]
	at java.base/java.lang.ClassLoader.loadClass(ClassLoader.java:526) ~[na:na]
	at java.base/java.lang.Class.forName0(Native Method) ~[na:na]
	at java.base/java.lang.Class.forName(Class.java:536) ~[na:na]
	at java.base/java.lang.Class.forName(Class.java:515) ~[na:na]
	at org.springframework.boot.devtools.restart.classloader.RestartClassLoader.loadClass(RestartClassLoader.java:121) ~[spring-boot-devtools-3.4.4.jar:3.4.4]
	at java.base/java.lang.ClassLoader.loadClass(ClassLoader.java:526) ~[na:na]
	... 30 common frames omitted

  .   ____          _            __ _ _
 /\\ / ___'_ __ _ _(_)_ __  __ _ \ \ \ \
( ( )\___ | '_ | '_| | '_ \/ _` | \ \ \ \
 \\/  ___)| |_)| | | | | || (_| |  ) ) ) )
  '  |____| .__|_| |_|_| |_\__, | / / / /
 =========|_|==============|___/=/_/_/_/

 :: Spring Boot ::                (v3.4.4)

2026-07-28 08:06:35 - Starting IquenobotApplication using Java 21.0.11 with PID 20952 (C:\Users\luisv\Downloads\iquenobot\target\classes started by luisv in C:\Users\luisv\Downloads\iquenobot)
2026-07-28 08:06:35 - Running with Spring Boot v3.4.4, Spring v6.2.5
2026-07-28 08:06:35 - The following 1 profile is active: "dev"
2026-07-28 08:06:38 - Bootstrapping Spring Data JPA repositories in DEFAULT mode.
2026-07-28 08:06:39 - Finished Spring Data repository scanning in 673 ms. Found 18 JPA repository interfaces.
2026-07-28 08:06:40 - Tomcat initialized with port 8085 (http)
2026-07-28 08:06:40 - Starting service [Tomcat]
2026-07-28 08:06:40 - Starting Servlet engine: [Apache Tomcat/10.1.39]
2026-07-28 08:06:40 - Initializing Spring embedded WebApplicationContext
2026-07-28 08:06:40 - Root WebApplicationContext: initialization completed in 5276 ms
2026-07-28 08:06:41 - HikariPool-6 - Starting...
2026-07-28 08:06:42 - HikariPool-6 - Added connection org.postgresql.jdbc.PgConnection@11bf7c9
2026-07-28 08:06:42 - HikariPool-6 - Start completed.
2026-07-28 08:06:43 - Database: jdbc:postgresql://ep-delicate-bird-axk10rcp-pooler.c-4.us-east-2.aws.neon.tech:5432/neondb?sslmode=require (PostgreSQL 18.4)
2026-07-28 08:06:44 - Flyway upgrade recommended: PostgreSQL 18.4 is newer than this version of Flyway and support has not been tested. The latest supported version of PostgreSQL is 17.
2026-07-28 08:06:45 - Successfully validated 21 migrations (execution time 00:00.714s)
2026-07-28 08:06:47 - Current version of schema "public": 021
2026-07-28 08:06:47 - Schema "public" is up to date. No migration necessary.
2026-07-28 08:06:48 - HHH000204: Processing PersistenceUnitInfo [name: default]
2026-07-28 08:06:48 - HHH000026: Second-level cache disabled
2026-07-28 08:06:48 - No LoadTimeWeaver setup: ignoring JPA class transformer
2026-07-28 08:06:48 - HHH90000025: PostgreSQLDialect does not need to be specified explicitly using 'hibernate.dialect' (remove the property setting and it will be selected by default)
2026-07-28 08:06:48 - HHH10001005: Database info:
	Database JDBC URL [Connecting through datasource 'HikariDataSource (HikariPool-6)']
	Database driver: undefined/unknown
	Database version: 18.4
	Autocommit mode: undefined/unknown
	Isolation level: undefined/unknown
	Minimum pool size: undefined/unknown
	Maximum pool size: undefined/unknown
2026-07-28 08:06:50 - HHH000489: No JTA platform available (set 'hibernate.transaction.jta.platform' to enable JTA platform integration)
2026-07-28 08:06:51 - Initialized JPA EntityManagerFactory for persistence unit 'default'
2026-07-28 08:06:51 - Filter 'jwtAuthenticationFilter' configured for use
2026-07-28 08:06:53 - DecisionEngine initialized with 3 strategies
2026-07-28 08:06:53 - ActionDispatcher initialized with 14 executors
2026-07-28 08:06:55 - Exception encountered during context initialization - cancelling refresh attempt: org.springframework.beans.factory.BeanCreationException: Error creating bean with name 'productImportService': Lookup method resolution failed
2026-07-28 08:06:55 - Closing JPA EntityManagerFactory for persistence unit 'default'
2026-07-28 08:06:55 - HikariPool-6 - Shutdown initiated...
2026-07-28 08:06:56 - HikariPool-6 - Shutdown completed.
2026-07-28 08:06:56 - Stopping service [Tomcat]
2026-07-28 08:06:56 - 

Error starting ApplicationContext. To display the condition evaluation report re-run your application with 'debug' enabled.
2026-07-28 08:06:56 - Application run failed
org.springframework.beans.factory.BeanCreationException: Error creating bean with name 'productImportService': Lookup method resolution failed
	at org.springframework.beans.factory.annotation.AutowiredAnnotationBeanPostProcessor.checkLookupMethods(AutowiredAnnotationBeanPostProcessor.java:498) ~[spring-beans-6.2.5.jar:6.2.5]
	at org.springframework.beans.factory.annotation.AutowiredAnnotationBeanPostProcessor.determineCandidateConstructors(AutowiredAnnotationBeanPostProcessor.java:368) ~[spring-beans-6.2.5.jar:6.2.5]
	at org.springframework.beans.factory.support.AbstractAutowireCapableBeanFactory.determineConstructorsFromBeanPostProcessors(AbstractAutowireCapableBeanFactory.java:1320) ~[spring-beans-6.2.5.jar:6.2.5]
	at org.springframework.beans.factory.support.AbstractAutowireCapableBeanFactory.createBeanInstance(AbstractAutowireCapableBeanFactory.java:1215) ~[spring-beans-6.2.5.jar:6.2.5]
	at org.springframework.beans.factory.support.AbstractAutowireCapableBeanFactory.doCreateBean(AbstractAutowireCapableBeanFactory.java:563) ~[spring-beans-6.2.5.jar:6.2.5]
	at org.springframework.beans.factory.support.AbstractAutowireCapableBeanFactory.createBean(AbstractAutowireCapableBeanFactory.java:523) ~[spring-beans-6.2.5.jar:6.2.5]
	at org.springframework.beans.factory.support.AbstractBeanFactory.lambda$doGetBean$0(AbstractBeanFactory.java:339) ~[spring-beans-6.2.5.jar:6.2.5]
	at org.springframework.beans.factory.support.DefaultSingletonBeanRegistry.getSingleton(DefaultSingletonBeanRegistry.java:347) ~[spring-beans-6.2.5.jar:6.2.5]
	at org.springframework.beans.factory.support.AbstractBeanFactory.doGetBean(AbstractBeanFactory.java:337) ~[spring-beans-6.2.5.jar:6.2.5]
	at org.springframework.beans.factory.support.AbstractBeanFactory.getBean(AbstractBeanFactory.java:202) ~[spring-beans-6.2.5.jar:6.2.5]
	at org.springframework.beans.factory.support.DefaultListableBeanFactory.instantiateSingleton(DefaultListableBeanFactory.java:1155) ~[spring-beans-6.2.5.jar:6.2.5]
	at org.springframework.beans.factory.support.DefaultListableBeanFactory.preInstantiateSingleton(DefaultListableBeanFactory.java:1121) ~[spring-beans-6.2.5.jar:6.2.5]
	at org.springframework.beans.factory.support.DefaultListableBeanFactory.preInstantiateSingletons(DefaultListableBeanFactory.java:1056) ~[spring-beans-6.2.5.jar:6.2.5]
	at org.springframework.context.support.AbstractApplicationContext.finishBeanFactoryInitialization(AbstractApplicationContext.java:987) ~[spring-context-6.2.5.jar:6.2.5]
	at org.springframework.context.support.AbstractApplicationContext.refresh(AbstractApplicationContext.java:627) ~[spring-context-6.2.5.jar:6.2.5]
	at org.springframework.boot.web.servlet.context.ServletWebServerApplicationContext.refresh(ServletWebServerApplicationContext.java:146) ~[spring-boot-3.4.4.jar:3.4.4]
	at org.springframework.boot.SpringApplication.refresh(SpringApplication.java:752) ~[spring-boot-3.4.4.jar:3.4.4]
	at org.springframework.boot.SpringApplication.refreshContext(SpringApplication.java:439) ~[spring-boot-3.4.4.jar:3.4.4]
	at org.springframework.boot.SpringApplication.run(SpringApplication.java:318) ~[spring-boot-3.4.4.jar:3.4.4]
	at org.springframework.boot.SpringApplication.run(SpringApplication.java:1361) ~[spring-boot-3.4.4.jar:3.4.4]
	at org.springframework.boot.SpringApplication.run(SpringApplication.java:1350) ~[spring-boot-3.4.4.jar:3.4.4]
	at com.iquenobot.IquenobotApplication.main(IquenobotApplication.java:19) ~[classes/:na]
	at java.base/jdk.internal.reflect.DirectMethodHandleAccessor.invoke(DirectMethodHandleAccessor.java:103) ~[na:na]
	at java.base/java.lang.reflect.Method.invoke(Method.java:580) ~[na:na]
	at org.springframework.boot.devtools.restart.RestartLauncher.run(RestartLauncher.java:50) ~[spring-boot-devtools-3.4.4.jar:3.4.4]
Caused by: java.lang.IllegalStateException: Failed to introspect Class [com.iquenobot.product.application.ProductImportService] from ClassLoader [org.springframework.boot.devtools.restart.classloader.RestartClassLoader@104c1e88]
	at org.springframework.util.ReflectionUtils.getDeclaredMethods(ReflectionUtils.java:483) ~[spring-core-6.2.5.jar:6.2.5]
	at org.springframework.util.ReflectionUtils.doWithLocalMethods(ReflectionUtils.java:320) ~[spring-core-6.2.5.jar:6.2.5]
	at org.springframework.beans.factory.annotation.AutowiredAnnotationBeanPostProcessor.checkLookupMethods(AutowiredAnnotationBeanPostProcessor.java:476) ~[spring-beans-6.2.5.jar:6.2.5]
	... 24 common frames omitted
Caused by: java.lang.NoClassDefFoundError: org/apache/poi/ss/usermodel/Workbook
	at java.base/java.lang.Class.getDeclaredMethods0(Native Method) ~[na:na]
	at java.base/java.lang.Class.privateGetDeclaredMethods(Class.java:3580) ~[na:na]
	at java.base/java.lang.Class.getDeclaredMethods(Class.java:2678) ~[na:na]
	at org.springframework.util.ReflectionUtils.getDeclaredMethods(ReflectionUtils.java:465) ~[spring-core-6.2.5.jar:6.2.5]
	... 26 common frames omitted
Caused by: java.lang.ClassNotFoundException: org.apache.poi.ss.usermodel.Workbook
	at java.base/jdk.internal.loader.BuiltinClassLoader.loadClass(BuiltinClassLoader.java:641) ~[na:na]
	at java.base/jdk.internal.loader.ClassLoaders$AppClassLoader.loadClass(ClassLoaders.java:188) ~[na:na]
	at java.base/java.lang.ClassLoader.loadClass(ClassLoader.java:526) ~[na:na]
	at java.base/java.lang.Class.forName0(Native Method) ~[na:na]
	at java.base/java.lang.Class.forName(Class.java:536) ~[na:na]
	at java.base/java.lang.Class.forName(Class.java:515) ~[na:na]
	at org.springframework.boot.devtools.restart.classloader.RestartClassLoader.loadClass(RestartClassLoader.java:121) ~[spring-boot-devtools-3.4.4.jar:3.4.4]
	at java.base/java.lang.ClassLoader.loadClass(ClassLoader.java:526) ~[na:na]
	... 30 common frames omitted

  .   ____          _            __ _ _
 /\\ / ___'_ __ _ _(_)_ __  __ _ \ \ \ \
( ( )\___ | '_ | '_| | '_ \/ _` | \ \ \ \
 \\/  ___)| |_)| | | | | || (_| |  ) ) ) )
  '  |____| .__|_| |_|_| |_\__, | / / / /
 =========|_|==============|___/=/_/_/_/

 :: Spring Boot ::                (v3.4.4)

2026-07-28 08:06:58 - Starting IquenobotApplication using Java 21.0.11 with PID 20952 (C:\Users\luisv\Downloads\iquenobot\target\classes started by luisv in C:\Users\luisv\Downloads\iquenobot)
2026-07-28 08:06:58 - Running with Spring Boot v3.4.4, Spring v6.2.5
2026-07-28 08:06:58 - The following 1 profile is active: "dev"
2026-07-28 08:06:59 - Bootstrapping Spring Data JPA repositories in DEFAULT mode.
2026-07-28 08:06:59 - Finished Spring Data repository scanning in 484 ms. Found 18 JPA repository interfaces.
2026-07-28 08:07:00 - Tomcat initialized with port 8085 (http)
2026-07-28 08:07:00 - Starting service [Tomcat]
2026-07-28 08:07:00 - Starting Servlet engine: [Apache Tomcat/10.1.39]
2026-07-28 08:07:00 - Initializing Spring embedded WebApplicationContext
2026-07-28 08:07:00 - Root WebApplicationContext: initialization completed in 2582 ms
2026-07-28 08:07:01 - HikariPool-7 - Starting...
2026-07-28 08:07:02 - HikariPool-7 - Added connection org.postgresql.jdbc.PgConnection@72b3c9f8
2026-07-28 08:07:02 - HikariPool-7 - Start completed.
2026-07-28 08:07:02 - Database: jdbc:postgresql://ep-delicate-bird-axk10rcp-pooler.c-4.us-east-2.aws.neon.tech:5432/neondb?sslmode=require (PostgreSQL 18.4)
2026-07-28 08:07:04 - Flyway upgrade recommended: PostgreSQL 18.4 is newer than this version of Flyway and support has not been tested. The latest supported version of PostgreSQL is 17.
2026-07-28 08:07:04 - Successfully validated 21 migrations (execution time 00:00.610s)
2026-07-28 08:07:06 - Current version of schema "public": 021
2026-07-28 08:07:06 - Schema "public" is up to date. No migration necessary.
2026-07-28 08:07:07 - HHH000204: Processing PersistenceUnitInfo [name: default]
2026-07-28 08:07:07 - HHH000026: Second-level cache disabled
2026-07-28 08:07:07 - No LoadTimeWeaver setup: ignoring JPA class transformer
2026-07-28 08:07:08 - HHH90000025: PostgreSQLDialect does not need to be specified explicitly using 'hibernate.dialect' (remove the property setting and it will be selected by default)
2026-07-28 08:07:08 - HHH10001005: Database info:
	Database JDBC URL [Connecting through datasource 'HikariDataSource (HikariPool-7)']
	Database driver: undefined/unknown
	Database version: 18.4
	Autocommit mode: undefined/unknown
	Isolation level: undefined/unknown
	Minimum pool size: undefined/unknown
	Maximum pool size: undefined/unknown
2026-07-28 08:07:09 - HHH000489: No JTA platform available (set 'hibernate.transaction.jta.platform' to enable JTA platform integration)
2026-07-28 08:07:10 - Initialized JPA EntityManagerFactory for persistence unit 'default'
2026-07-28 08:07:10 - Filter 'jwtAuthenticationFilter' configured for use
2026-07-28 08:07:12 - DecisionEngine initialized with 3 strategies
2026-07-28 08:07:12 - ActionDispatcher initialized with 14 executors
2026-07-28 08:07:13 - Exception encountered during context initialization - cancelling refresh attempt: org.springframework.beans.factory.BeanCreationException: Error creating bean with name 'productImportService': Lookup method resolution failed
2026-07-28 08:07:13 - Closing JPA EntityManagerFactory for persistence unit 'default'
2026-07-28 08:07:13 - HikariPool-7 - Shutdown initiated...
2026-07-28 08:07:13 - HikariPool-7 - Shutdown completed.
2026-07-28 08:07:13 - Stopping service [Tomcat]
2026-07-28 08:07:13 - 

Error starting ApplicationContext. To display the condition evaluation report re-run your application with 'debug' enabled.
2026-07-28 08:07:13 - Application run failed
org.springframework.beans.factory.BeanCreationException: Error creating bean with name 'productImportService': Lookup method resolution failed
	at org.springframework.beans.factory.annotation.AutowiredAnnotationBeanPostProcessor.checkLookupMethods(AutowiredAnnotationBeanPostProcessor.java:498) ~[spring-beans-6.2.5.jar:6.2.5]
	at org.springframework.beans.factory.annotation.AutowiredAnnotationBeanPostProcessor.determineCandidateConstructors(AutowiredAnnotationBeanPostProcessor.java:368) ~[spring-beans-6.2.5.jar:6.2.5]
	at org.springframework.beans.factory.support.AbstractAutowireCapableBeanFactory.determineConstructorsFromBeanPostProcessors(AbstractAutowireCapableBeanFactory.java:1320) ~[spring-beans-6.2.5.jar:6.2.5]
	at org.springframework.beans.factory.support.AbstractAutowireCapableBeanFactory.createBeanInstance(AbstractAutowireCapableBeanFactory.java:1215) ~[spring-beans-6.2.5.jar:6.2.5]
	at org.springframework.beans.factory.support.AbstractAutowireCapableBeanFactory.doCreateBean(AbstractAutowireCapableBeanFactory.java:563) ~[spring-beans-6.2.5.jar:6.2.5]
	at org.springframework.beans.factory.support.AbstractAutowireCapableBeanFactory.createBean(AbstractAutowireCapableBeanFactory.java:523) ~[spring-beans-6.2.5.jar:6.2.5]
	at org.springframework.beans.factory.support.AbstractBeanFactory.lambda$doGetBean$0(AbstractBeanFactory.java:339) ~[spring-beans-6.2.5.jar:6.2.5]
	at org.springframework.beans.factory.support.DefaultSingletonBeanRegistry.getSingleton(DefaultSingletonBeanRegistry.java:347) ~[spring-beans-6.2.5.jar:6.2.5]
	at org.springframework.beans.factory.support.AbstractBeanFactory.doGetBean(AbstractBeanFactory.java:337) ~[spring-beans-6.2.5.jar:6.2.5]
	at org.springframework.beans.factory.support.AbstractBeanFactory.getBean(AbstractBeanFactory.java:202) ~[spring-beans-6.2.5.jar:6.2.5]
	at org.springframework.beans.factory.support.DefaultListableBeanFactory.instantiateSingleton(DefaultListableBeanFactory.java:1155) ~[spring-beans-6.2.5.jar:6.2.5]
	at org.springframework.beans.factory.support.DefaultListableBeanFactory.preInstantiateSingleton(DefaultListableBeanFactory.java:1121) ~[spring-beans-6.2.5.jar:6.2.5]
	at org.springframework.beans.factory.support.DefaultListableBeanFactory.preInstantiateSingletons(DefaultListableBeanFactory.java:1056) ~[spring-beans-6.2.5.jar:6.2.5]
	at org.springframework.context.support.AbstractApplicationContext.finishBeanFactoryInitialization(AbstractApplicationContext.java:987) ~[spring-context-6.2.5.jar:6.2.5]
	at org.springframework.context.support.AbstractApplicationContext.refresh(AbstractApplicationContext.java:627) ~[spring-context-6.2.5.jar:6.2.5]
	at org.springframework.boot.web.servlet.context.ServletWebServerApplicationContext.refresh(ServletWebServerApplicationContext.java:146) ~[spring-boot-3.4.4.jar:3.4.4]
	at org.springframework.boot.SpringApplication.refresh(SpringApplication.java:752) ~[spring-boot-3.4.4.jar:3.4.4]
	at org.springframework.boot.SpringApplication.refreshContext(SpringApplication.java:439) ~[spring-boot-3.4.4.jar:3.4.4]
	at org.springframework.boot.SpringApplication.run(SpringApplication.java:318) ~[spring-boot-3.4.4.jar:3.4.4]
	at org.springframework.boot.SpringApplication.run(SpringApplication.java:1361) ~[spring-boot-3.4.4.jar:3.4.4]
	at org.springframework.boot.SpringApplication.run(SpringApplication.java:1350) ~[spring-boot-3.4.4.jar:3.4.4]
	at com.iquenobot.IquenobotApplication.main(IquenobotApplication.java:19) ~[classes/:na]
	at java.base/jdk.internal.reflect.DirectMethodHandleAccessor.invoke(DirectMethodHandleAccessor.java:103) ~[na:na]
	at java.base/java.lang.reflect.Method.invoke(Method.java:580) ~[na:na]
	at org.springframework.boot.devtools.restart.RestartLauncher.run(RestartLauncher.java:50) ~[spring-boot-devtools-3.4.4.jar:3.4.4]
Caused by: java.lang.IllegalStateException: Failed to introspect Class [com.iquenobot.product.application.ProductImportService] from ClassLoader [org.springframework.boot.devtools.restart.classloader.RestartClassLoader@1c9bfc3d]
	at org.springframework.util.ReflectionUtils.getDeclaredMethods(ReflectionUtils.java:483) ~[spring-core-6.2.5.jar:6.2.5]
	at org.springframework.util.ReflectionUtils.doWithLocalMethods(ReflectionUtils.java:320) ~[spring-core-6.2.5.jar:6.2.5]
	at org.springframework.beans.factory.annotation.AutowiredAnnotationBeanPostProcessor.checkLookupMethods(AutowiredAnnotationBeanPostProcessor.java:476) ~[spring-beans-6.2.5.jar:6.2.5]
	... 24 common frames omitted
Caused by: java.lang.NoClassDefFoundError: org/apache/poi/ss/usermodel/Workbook
	at java.base/java.lang.Class.getDeclaredMethods0(Native Method) ~[na:na]
	at java.base/java.lang.Class.privateGetDeclaredMethods(Class.java:3580) ~[na:na]
	at java.base/java.lang.Class.getDeclaredMethods(Class.java:2678) ~[na:na]
	at org.springframework.util.ReflectionUtils.getDeclaredMethods(ReflectionUtils.java:465) ~[spring-core-6.2.5.jar:6.2.5]
	... 26 common frames omitted
Caused by: java.lang.ClassNotFoundException: org.apache.poi.ss.usermodel.Workbook
	at java.base/jdk.internal.loader.BuiltinClassLoader.loadClass(BuiltinClassLoader.java:641) ~[na:na]
	at java.base/jdk.internal.loader.ClassLoaders$AppClassLoader.loadClass(ClassLoaders.java:188) ~[na:na]
	at java.base/java.lang.ClassLoader.loadClass(ClassLoader.java:526) ~[na:na]
	at java.base/java.lang.Class.forName0(Native Method) ~[na:na]
	at java.base/java.lang.Class.forName(Class.java:536) ~[na:na]
	at java.base/java.lang.Class.forName(Class.java:515) ~[na:na]
	at org.springframework.boot.devtools.restart.classloader.RestartClassLoader.loadClass(RestartClassLoader.java:121) ~[spring-boot-devtools-3.4.4.jar:3.4.4]
	at java.base/java.lang.ClassLoader.loadClass(ClassLoader.java:526) ~[na:na]
	... 30 common frames omitted

  .   ____          _            __ _ _
 /\\ / ___'_ __ _ _(_)_ __  __ _ \ \ \ \
( ( )\___ | '_ | '_| | '_ \/ _` | \ \ \ \
 \\/  ___)| |_)| | | | | || (_| |  ) ) ) )
  '  |____| .__|_| |_|_| |_\__, | / / / /
 =========|_|==============|___/=/_/_/_/

 :: Spring Boot ::                (v3.4.4)

2026-07-28 08:07:18 - Starting IquenobotApplication using Java 21.0.11 with PID 20952 (C:\Users\luisv\Downloads\iquenobot\target\classes started by luisv in C:\Users\luisv\Downloads\iquenobot)
2026-07-28 08:07:18 - Running with Spring Boot v3.4.4, Spring v6.2.5
2026-07-28 08:07:18 - The following 1 profile is active: "dev"
2026-07-28 08:07:20 - Bootstrapping Spring Data JPA repositories in DEFAULT mode.
2026-07-28 08:07:20 - Finished Spring Data repository scanning in 472 ms. Found 18 JPA repository interfaces.
2026-07-28 08:07:22 - Tomcat initialized with port 8085 (http)
2026-07-28 08:07:22 - Starting service [Tomcat]
2026-07-28 08:07:22 - Starting Servlet engine: [Apache Tomcat/10.1.39]
2026-07-28 08:07:22 - Initializing Spring embedded WebApplicationContext
2026-07-28 08:07:22 - Root WebApplicationContext: initialization completed in 4813 ms
2026-07-28 08:07:23 - HikariPool-8 - Starting...
2026-07-28 08:07:25 - HikariPool-8 - Added connection org.postgresql.jdbc.PgConnection@1d0d9086
2026-07-28 08:07:25 - HikariPool-8 - Start completed.
2026-07-28 08:07:25 - Database: jdbc:postgresql://ep-delicate-bird-axk10rcp-pooler.c-4.us-east-2.aws.neon.tech:5432/neondb?sslmode=require (PostgreSQL 18.4)
2026-07-28 08:07:26 - Flyway upgrade recommended: PostgreSQL 18.4 is newer than this version of Flyway and support has not been tested. The latest supported version of PostgreSQL is 17.
2026-07-28 08:07:27 - Successfully validated 21 migrations (execution time 00:00.636s)
2026-07-28 08:07:29 - Current version of schema "public": 021
2026-07-28 08:07:29 - Schema "public" is up to date. No migration necessary.
2026-07-28 08:07:30 - HHH000204: Processing PersistenceUnitInfo [name: default]
2026-07-28 08:07:30 - HHH000026: Second-level cache disabled
2026-07-28 08:07:30 - No LoadTimeWeaver setup: ignoring JPA class transformer
2026-07-28 08:07:30 - HHH90000025: PostgreSQLDialect does not need to be specified explicitly using 'hibernate.dialect' (remove the property setting and it will be selected by default)
2026-07-28 08:07:31 - HHH10001005: Database info:
	Database JDBC URL [Connecting through datasource 'HikariDataSource (HikariPool-8)']
	Database driver: undefined/unknown
	Database version: 18.4
	Autocommit mode: undefined/unknown
	Isolation level: undefined/unknown
	Minimum pool size: undefined/unknown
	Maximum pool size: undefined/unknown
2026-07-28 08:07:32 - HHH000489: No JTA platform available (set 'hibernate.transaction.jta.platform' to enable JTA platform integration)
2026-07-28 08:07:33 - Initialized JPA EntityManagerFactory for persistence unit 'default'
2026-07-28 08:07:33 - Filter 'jwtAuthenticationFilter' configured for use
2026-07-28 08:07:35 - DecisionEngine initialized with 3 strategies
2026-07-28 08:07:36 - ActionDispatcher initialized with 14 executors
2026-07-28 08:07:37 - Exception encountered during context initialization - cancelling refresh attempt: org.springframework.beans.factory.BeanCreationException: Error creating bean with name 'productImportService': Lookup method resolution failed
2026-07-28 08:07:37 - Closing JPA EntityManagerFactory for persistence unit 'default'
2026-07-28 08:07:37 - HikariPool-8 - Shutdown initiated...
2026-07-28 08:07:37 - HikariPool-8 - Shutdown completed.
2026-07-28 08:07:37 - Stopping service [Tomcat]
2026-07-28 08:07:37 - 

Error starting ApplicationContext. To display the condition evaluation report re-run your application with 'debug' enabled.
2026-07-28 08:07:37 - Application run failed
org.springframework.beans.factory.BeanCreationException: Error creating bean with name 'productImportService': Lookup method resolution failed
	at org.springframework.beans.factory.annotation.AutowiredAnnotationBeanPostProcessor.checkLookupMethods(AutowiredAnnotationBeanPostProcessor.java:498) ~[spring-beans-6.2.5.jar:6.2.5]
	at org.springframework.beans.factory.annotation.AutowiredAnnotationBeanPostProcessor.determineCandidateConstructors(AutowiredAnnotationBeanPostProcessor.java:368) ~[spring-beans-6.2.5.jar:6.2.5]
	at org.springframework.beans.factory.support.AbstractAutowireCapableBeanFactory.determineConstructorsFromBeanPostProcessors(AbstractAutowireCapableBeanFactory.java:1320) ~[spring-beans-6.2.5.jar:6.2.5]
	at org.springframework.beans.factory.support.AbstractAutowireCapableBeanFactory.createBeanInstance(AbstractAutowireCapableBeanFactory.java:1215) ~[spring-beans-6.2.5.jar:6.2.5]
	at org.springframework.beans.factory.support.AbstractAutowireCapableBeanFactory.doCreateBean(AbstractAutowireCapableBeanFactory.java:563) ~[spring-beans-6.2.5.jar:6.2.5]
	at org.springframework.beans.factory.support.AbstractAutowireCapableBeanFactory.createBean(AbstractAutowireCapableBeanFactory.java:523) ~[spring-beans-6.2.5.jar:6.2.5]
	at org.springframework.beans.factory.support.AbstractBeanFactory.lambda$doGetBean$0(AbstractBeanFactory.java:339) ~[spring-beans-6.2.5.jar:6.2.5]
	at org.springframework.beans.factory.support.DefaultSingletonBeanRegistry.getSingleton(DefaultSingletonBeanRegistry.java:347) ~[spring-beans-6.2.5.jar:6.2.5]
	at org.springframework.beans.factory.support.AbstractBeanFactory.doGetBean(AbstractBeanFactory.java:337) ~[spring-beans-6.2.5.jar:6.2.5]
	at org.springframework.beans.factory.support.AbstractBeanFactory.getBean(AbstractBeanFactory.java:202) ~[spring-beans-6.2.5.jar:6.2.5]
	at org.springframework.beans.factory.support.DefaultListableBeanFactory.instantiateSingleton(DefaultListableBeanFactory.java:1155) ~[spring-beans-6.2.5.jar:6.2.5]
	at org.springframework.beans.factory.support.DefaultListableBeanFactory.preInstantiateSingleton(DefaultListableBeanFactory.java:1121) ~[spring-beans-6.2.5.jar:6.2.5]
	at org.springframework.beans.factory.support.DefaultListableBeanFactory.preInstantiateSingletons(DefaultListableBeanFactory.java:1056) ~[spring-beans-6.2.5.jar:6.2.5]
	at org.springframework.context.support.AbstractApplicationContext.finishBeanFactoryInitialization(AbstractApplicationContext.java:987) ~[spring-context-6.2.5.jar:6.2.5]
	at org.springframework.context.support.AbstractApplicationContext.refresh(AbstractApplicationContext.java:627) ~[spring-context-6.2.5.jar:6.2.5]
	at org.springframework.boot.web.servlet.context.ServletWebServerApplicationContext.refresh(ServletWebServerApplicationContext.java:146) ~[spring-boot-3.4.4.jar:3.4.4]
	at org.springframework.boot.SpringApplication.refresh(SpringApplication.java:752) ~[spring-boot-3.4.4.jar:3.4.4]
	at org.springframework.boot.SpringApplication.refreshContext(SpringApplication.java:439) ~[spring-boot-3.4.4.jar:3.4.4]
	at org.springframework.boot.SpringApplication.run(SpringApplication.java:318) ~[spring-boot-3.4.4.jar:3.4.4]
	at org.springframework.boot.SpringApplication.run(SpringApplication.java:1361) ~[spring-boot-3.4.4.jar:3.4.4]
	at org.springframework.boot.SpringApplication.run(SpringApplication.java:1350) ~[spring-boot-3.4.4.jar:3.4.4]
	at com.iquenobot.IquenobotApplication.main(IquenobotApplication.java:19) ~[classes/:na]
	at java.base/jdk.internal.reflect.DirectMethodHandleAccessor.invoke(DirectMethodHandleAccessor.java:103) ~[na:na]
	at java.base/java.lang.reflect.Method.invoke(Method.java:580) ~[na:na]
	at org.springframework.boot.devtools.restart.RestartLauncher.run(RestartLauncher.java:50) ~[spring-boot-devtools-3.4.4.jar:3.4.4]
Caused by: java.lang.IllegalStateException: Failed to introspect Class [com.iquenobot.product.application.ProductImportService] from ClassLoader [org.springframework.boot.devtools.restart.classloader.RestartClassLoader@277db123]
	at org.springframework.util.ReflectionUtils.getDeclaredMethods(ReflectionUtils.java:483) ~[spring-core-6.2.5.jar:6.2.5]
	at org.springframework.util.ReflectionUtils.doWithLocalMethods(ReflectionUtils.java:320) ~[spring-core-6.2.5.jar:6.2.5]
	at org.springframework.beans.factory.annotation.AutowiredAnnotationBeanPostProcessor.checkLookupMethods(AutowiredAnnotationBeanPostProcessor.java:476) ~[spring-beans-6.2.5.jar:6.2.5]
	... 24 common frames omitted
Caused by: java.lang.NoClassDefFoundError: org/apache/poi/ss/usermodel/Workbook
	at java.base/java.lang.Class.getDeclaredMethods0(Native Method) ~[na:na]
	at java.base/java.lang.Class.privateGetDeclaredMethods(Class.java:3580) ~[na:na]
	at java.base/java.lang.Class.getDeclaredMethods(Class.java:2678) ~[na:na]
	at org.springframework.util.ReflectionUtils.getDeclaredMethods(ReflectionUtils.java:465) ~[spring-core-6.2.5.jar:6.2.5]
	... 26 common frames omitted
Caused by: java.lang.ClassNotFoundException: org.apache.poi.ss.usermodel.Workbook
	at java.base/jdk.internal.loader.BuiltinClassLoader.loadClass(BuiltinClassLoader.java:641) ~[na:na]
	at java.base/jdk.internal.loader.ClassLoaders$AppClassLoader.loadClass(ClassLoaders.java:188) ~[na:na]
	at java.base/java.lang.ClassLoader.loadClass(ClassLoader.java:526) ~[na:na]
	at java.base/java.lang.Class.forName0(Native Method) ~[na:na]
	at java.base/java.lang.Class.forName(Class.java:536) ~[na:na]
	at java.base/java.lang.Class.forName(Class.java:515) ~[na:na]
	at org.springframework.boot.devtools.restart.classloader.RestartClassLoader.loadClass(RestartClassLoader.java:121) ~[spring-boot-devtools-3.4.4.jar:3.4.4]
	at java.base/java.lang.ClassLoader.loadClass(ClassLoader.java:526) ~[na:na]
	... 30 common frames omitted

  .   ____          _            __ _ _
 /\\ / ___'_ __ _ _(_)_ __  __ _ \ \ \ \
( ( )\___ | '_ | '_| | '_ \/ _` | \ \ \ \
 \\/  ___)| |_)| | | | | || (_| |  ) ) ) )
  '  |____| .__|_| |_|_| |_\__, | / / / /
 =========|_|==============|___/=/_/_/_/

 :: Spring Boot ::                (v3.4.4)

2026-07-28 08:07:56 - Starting IquenobotApplication using Java 21.0.11 with PID 20952 (C:\Users\luisv\Downloads\iquenobot\target\classes started by luisv in C:\Users\luisv\Downloads\iquenobot)
2026-07-28 08:07:56 - Running with Spring Boot v3.4.4, Spring v6.2.5
2026-07-28 08:07:56 - The following 1 profile is active: "dev"
2026-07-28 08:07:58 - Bootstrapping Spring Data JPA repositories in DEFAULT mode.
2026-07-28 08:07:59 - Finished Spring Data repository scanning in 641 ms. Found 18 JPA repository interfaces.
2026-07-28 08:08:00 - Tomcat initialized with port 8085 (http)
2026-07-28 08:08:00 - Starting service [Tomcat]
2026-07-28 08:08:00 - Starting Servlet engine: [Apache Tomcat/10.1.39]
2026-07-28 08:08:00 - Initializing Spring embedded WebApplicationContext
2026-07-28 08:08:00 - Root WebApplicationContext: initialization completed in 3312 ms
2026-07-28 08:08:00 - HikariPool-9 - Starting...
2026-07-28 08:08:02 - HikariPool-9 - Added connection org.postgresql.jdbc.PgConnection@7d845093
2026-07-28 08:08:02 - HikariPool-9 - Start completed.
2026-07-28 08:08:02 - Database: jdbc:postgresql://ep-delicate-bird-axk10rcp-pooler.c-4.us-east-2.aws.neon.tech:5432/neondb?sslmode=require (PostgreSQL 18.4)
2026-07-28 08:08:03 - Flyway upgrade recommended: PostgreSQL 18.4 is newer than this version of Flyway and support has not been tested. The latest supported version of PostgreSQL is 17.
2026-07-28 08:08:04 - Successfully validated 21 migrations (execution time 00:00.608s)
2026-07-28 08:08:06 - Current version of schema "public": 021
2026-07-28 08:08:06 - Schema "public" is up to date. No migration necessary.
2026-07-28 08:08:07 - HHH000204: Processing PersistenceUnitInfo [name: default]
2026-07-28 08:08:07 - HHH000026: Second-level cache disabled
2026-07-28 08:08:07 - No LoadTimeWeaver setup: ignoring JPA class transformer
2026-07-28 08:08:07 - HHH90000025: PostgreSQLDialect does not need to be specified explicitly using 'hibernate.dialect' (remove the property setting and it will be selected by default)
2026-07-28 08:08:08 - HHH10001005: Database info:
	Database JDBC URL [Connecting through datasource 'HikariDataSource (HikariPool-9)']
	Database driver: undefined/unknown
	Database version: 18.4
	Autocommit mode: undefined/unknown
	Isolation level: undefined/unknown
	Minimum pool size: undefined/unknown
	Maximum pool size: undefined/unknown
2026-07-28 08:08:09 - HHH000489: No JTA platform available (set 'hibernate.transaction.jta.platform' to enable JTA platform integration)
2026-07-28 08:08:10 - Initialized JPA EntityManagerFactory for persistence unit 'default'
2026-07-28 08:08:10 - Filter 'jwtAuthenticationFilter' configured for use
2026-07-28 08:08:12 - DecisionEngine initialized with 3 strategies
2026-07-28 08:08:13 - ActionDispatcher initialized with 14 executors
2026-07-28 08:08:14 - Exception encountered during context initialization - cancelling refresh attempt: org.springframework.beans.factory.BeanCreationException: Error creating bean with name 'productImportService': Lookup method resolution failed
2026-07-28 08:08:14 - Closing JPA EntityManagerFactory for persistence unit 'default'
2026-07-28 08:08:14 - HikariPool-9 - Shutdown initiated...
2026-07-28 08:08:15 - HikariPool-9 - Shutdown completed.
2026-07-28 08:08:15 - Stopping service [Tomcat]
2026-07-28 08:08:15 - 

Error starting ApplicationContext. To display the condition evaluation report re-run your application with 'debug' enabled.
2026-07-28 08:08:15 - Application run failed
org.springframework.beans.factory.BeanCreationException: Error creating bean with name 'productImportService': Lookup method resolution failed
	at org.springframework.beans.factory.annotation.AutowiredAnnotationBeanPostProcessor.checkLookupMethods(AutowiredAnnotationBeanPostProcessor.java:498) ~[spring-beans-6.2.5.jar:6.2.5]
	at org.springframework.beans.factory.annotation.AutowiredAnnotationBeanPostProcessor.determineCandidateConstructors(AutowiredAnnotationBeanPostProcessor.java:368) ~[spring-beans-6.2.5.jar:6.2.5]
	at org.springframework.beans.factory.support.AbstractAutowireCapableBeanFactory.determineConstructorsFromBeanPostProcessors(AbstractAutowireCapableBeanFactory.java:1320) ~[spring-beans-6.2.5.jar:6.2.5]
	at org.springframework.beans.factory.support.AbstractAutowireCapableBeanFactory.createBeanInstance(AbstractAutowireCapableBeanFactory.java:1215) ~[spring-beans-6.2.5.jar:6.2.5]
	at org.springframework.beans.factory.support.AbstractAutowireCapableBeanFactory.doCreateBean(AbstractAutowireCapableBeanFactory.java:563) ~[spring-beans-6.2.5.jar:6.2.5]
	at org.springframework.beans.factory.support.AbstractAutowireCapableBeanFactory.createBean(AbstractAutowireCapableBeanFactory.java:523) ~[spring-beans-6.2.5.jar:6.2.5]
	at org.springframework.beans.factory.support.AbstractBeanFactory.lambda$doGetBean$0(AbstractBeanFactory.java:339) ~[spring-beans-6.2.5.jar:6.2.5]
	at org.springframework.beans.factory.support.DefaultSingletonBeanRegistry.getSingleton(DefaultSingletonBeanRegistry.java:347) ~[spring-beans-6.2.5.jar:6.2.5]
	at org.springframework.beans.factory.support.AbstractBeanFactory.doGetBean(AbstractBeanFactory.java:337) ~[spring-beans-6.2.5.jar:6.2.5]
	at org.springframework.beans.factory.support.AbstractBeanFactory.getBean(AbstractBeanFactory.java:202) ~[spring-beans-6.2.5.jar:6.2.5]
	at org.springframework.beans.factory.support.DefaultListableBeanFactory.instantiateSingleton(DefaultListableBeanFactory.java:1155) ~[spring-beans-6.2.5.jar:6.2.5]
	at org.springframework.beans.factory.support.DefaultListableBeanFactory.preInstantiateSingleton(DefaultListableBeanFactory.java:1121) ~[spring-beans-6.2.5.jar:6.2.5]
	at org.springframework.beans.factory.support.DefaultListableBeanFactory.preInstantiateSingletons(DefaultListableBeanFactory.java:1056) ~[spring-beans-6.2.5.jar:6.2.5]
	at org.springframework.context.support.AbstractApplicationContext.finishBeanFactoryInitialization(AbstractApplicationContext.java:987) ~[spring-context-6.2.5.jar:6.2.5]
	at org.springframework.context.support.AbstractApplicationContext.refresh(AbstractApplicationContext.java:627) ~[spring-context-6.2.5.jar:6.2.5]
	at org.springframework.boot.web.servlet.context.ServletWebServerApplicationContext.refresh(ServletWebServerApplicationContext.java:146) ~[spring-boot-3.4.4.jar:3.4.4]
	at org.springframework.boot.SpringApplication.refresh(SpringApplication.java:752) ~[spring-boot-3.4.4.jar:3.4.4]
	at org.springframework.boot.SpringApplication.refreshContext(SpringApplication.java:439) ~[spring-boot-3.4.4.jar:3.4.4]
	at org.springframework.boot.SpringApplication.run(SpringApplication.java:318) ~[spring-boot-3.4.4.jar:3.4.4]
	at org.springframework.boot.SpringApplication.run(SpringApplication.java:1361) ~[spring-boot-3.4.4.jar:3.4.4]
	at org.springframework.boot.SpringApplication.run(SpringApplication.java:1350) ~[spring-boot-3.4.4.jar:3.4.4]
	at com.iquenobot.IquenobotApplication.main(IquenobotApplication.java:19) ~[classes/:na]
	at java.base/jdk.internal.reflect.DirectMethodHandleAccessor.invoke(DirectMethodHandleAccessor.java:103) ~[na:na]
	at java.base/java.lang.reflect.Method.invoke(Method.java:580) ~[na:na]
	at org.springframework.boot.devtools.restart.RestartLauncher.run(RestartLauncher.java:50) ~[spring-boot-devtools-3.4.4.jar:3.4.4]
Caused by: java.lang.IllegalStateException: Failed to introspect Class [com.iquenobot.product.application.ProductImportService] from ClassLoader [org.springframework.boot.devtools.restart.classloader.RestartClassLoader@57fe7510]
	at org.springframework.util.ReflectionUtils.getDeclaredMethods(ReflectionUtils.java:483) ~[spring-core-6.2.5.jar:6.2.5]
	at org.springframework.util.ReflectionUtils.doWithLocalMethods(ReflectionUtils.java:320) ~[spring-core-6.2.5.jar:6.2.5]
	at org.springframework.beans.factory.annotation.AutowiredAnnotationBeanPostProcessor.checkLookupMethods(AutowiredAnnotationBeanPostProcessor.java:476) ~[spring-beans-6.2.5.jar:6.2.5]
	... 24 common frames omitted
Caused by: java.lang.NoClassDefFoundError: org/apache/poi/ss/usermodel/Workbook
	at java.base/java.lang.Class.getDeclaredMethods0(Native Method) ~[na:na]
	at java.base/java.lang.Class.privateGetDeclaredMethods(Class.java:3580) ~[na:na]
	at java.base/java.lang.Class.getDeclaredMethods(Class.java:2678) ~[na:na]
	at org.springframework.util.ReflectionUtils.getDeclaredMethods(ReflectionUtils.java:465) ~[spring-core-6.2.5.jar:6.2.5]
	... 26 common frames omitted
Caused by: java.lang.ClassNotFoundException: org.apache.poi.ss.usermodel.Workbook
	at java.base/jdk.internal.loader.BuiltinClassLoader.loadClass(BuiltinClassLoader.java:641) ~[na:na]
	at java.base/jdk.internal.loader.ClassLoaders$AppClassLoader.loadClass(ClassLoaders.java:188) ~[na:na]
	at java.base/java.lang.ClassLoader.loadClass(ClassLoader.java:526) ~[na:na]
	at java.base/java.lang.Class.forName0(Native Method) ~[na:na]
	at java.base/java.lang.Class.forName(Class.java:536) ~[na:na]
	at java.base/java.lang.Class.forName(Class.java:515) ~[na:na]
	at org.springframework.boot.devtools.restart.classloader.RestartClassLoader.loadClass(RestartClassLoader.java:121) ~[spring-boot-devtools-3.4.4.jar:3.4.4]
	at java.base/java.lang.ClassLoader.loadClass(ClassLoader.java:526) ~[na:na]
	... 30 common frames omitted

  .   ____          _            __ _ _
 /\\ / ___'_ __ _ _(_)_ __  __ _ \ \ \ \
( ( )\___ | '_ | '_| | '_ \/ _` | \ \ \ \
 \\/  ___)| |_)| | | | | || (_| |  ) ) ) )
  '  |____| .__|_| |_|_| |_\__, | / / / /
 =========|_|==============|___/=/_/_/_/

 :: Spring Boot ::                (v3.4.4)

2026-07-28 08:08:28 - Starting IquenobotApplication using Java 21.0.11 with PID 20952 (C:\Users\luisv\Downloads\iquenobot\target\classes started by luisv in C:\Users\luisv\Downloads\iquenobot)
2026-07-28 08:08:28 - Running with Spring Boot v3.4.4, Spring v6.2.5
2026-07-28 08:08:28 - The following 1 profile is active: "dev"
2026-07-28 08:08:30 - Bootstrapping Spring Data JPA repositories in DEFAULT mode.
2026-07-28 08:08:32 - Finished Spring Data repository scanning in 966 ms. Found 18 JPA repository interfaces.
2026-07-28 08:08:34 - Tomcat initialized with port 8085 (http)
2026-07-28 08:08:34 - Starting service [Tomcat]
2026-07-28 08:08:34 - Starting Servlet engine: [Apache Tomcat/10.1.39]
2026-07-28 08:08:34 - Initializing Spring embedded WebApplicationContext
2026-07-28 08:08:34 - Root WebApplicationContext: initialization completed in 6148 ms
2026-07-28 08:08:35 - HikariPool-10 - Starting...
2026-07-28 08:08:36 - HikariPool-10 - Added connection org.postgresql.jdbc.PgConnection@4eb765f5
2026-07-28 08:08:36 - HikariPool-10 - Start completed.
2026-07-28 08:08:36 - Database: jdbc:postgresql://ep-delicate-bird-axk10rcp-pooler.c-4.us-east-2.aws.neon.tech:5432/neondb?sslmode=require (PostgreSQL 18.4)
2026-07-28 08:08:38 - Flyway upgrade recommended: PostgreSQL 18.4 is newer than this version of Flyway and support has not been tested. The latest supported version of PostgreSQL is 17.
2026-07-28 08:08:38 - Successfully validated 21 migrations (execution time 00:00.682s)
2026-07-28 08:08:42 - Current version of schema "public": 021
2026-07-28 08:08:42 - Schema "public" is up to date. No migration necessary.
2026-07-28 08:08:43 - HHH000204: Processing PersistenceUnitInfo [name: default]
2026-07-28 08:08:44 - HHH000026: Second-level cache disabled
2026-07-28 08:08:44 - No LoadTimeWeaver setup: ignoring JPA class transformer
2026-07-28 08:08:44 - HHH90000025: PostgreSQLDialect does not need to be specified explicitly using 'hibernate.dialect' (remove the property setting and it will be selected by default)
2026-07-28 08:08:44 - HHH10001005: Database info:
	Database JDBC URL [Connecting through datasource 'HikariDataSource (HikariPool-10)']
	Database driver: undefined/unknown
	Database version: 18.4
	Autocommit mode: undefined/unknown
	Isolation level: undefined/unknown
	Minimum pool size: undefined/unknown
	Maximum pool size: undefined/unknown
2026-07-28 08:08:47 - HHH000489: No JTA platform available (set 'hibernate.transaction.jta.platform' to enable JTA platform integration)
2026-07-28 08:08:48 - Initialized JPA EntityManagerFactory for persistence unit 'default'
2026-07-28 08:08:48 - Filter 'jwtAuthenticationFilter' configured for use
2026-07-28 08:08:51 - DecisionEngine initialized with 3 strategies
2026-07-28 08:08:51 - ActionDispatcher initialized with 14 executors
2026-07-28 08:08:53 - Exception encountered during context initialization - cancelling refresh attempt: org.springframework.beans.factory.BeanCreationException: Error creating bean with name 'productImportService': Lookup method resolution failed
2026-07-28 08:08:53 - Closing JPA EntityManagerFactory for persistence unit 'default'
2026-07-28 08:08:53 - HikariPool-10 - Shutdown initiated...
2026-07-28 08:08:54 - HikariPool-10 - Shutdown completed.
2026-07-28 08:08:54 - Stopping service [Tomcat]
2026-07-28 08:08:54 - 

Error starting ApplicationContext. To display the condition evaluation report re-run your application with 'debug' enabled.
2026-07-28 08:08:54 - Application run failed
org.springframework.beans.factory.BeanCreationException: Error creating bean with name 'productImportService': Lookup method resolution failed
	at org.springframework.beans.factory.annotation.AutowiredAnnotationBeanPostProcessor.checkLookupMethods(AutowiredAnnotationBeanPostProcessor.java:498) ~[spring-beans-6.2.5.jar:6.2.5]
	at org.springframework.beans.factory.annotation.AutowiredAnnotationBeanPostProcessor.determineCandidateConstructors(AutowiredAnnotationBeanPostProcessor.java:368) ~[spring-beans-6.2.5.jar:6.2.5]
	at org.springframework.beans.factory.support.AbstractAutowireCapableBeanFactory.determineConstructorsFromBeanPostProcessors(AbstractAutowireCapableBeanFactory.java:1320) ~[spring-beans-6.2.5.jar:6.2.5]
	at org.springframework.beans.factory.support.AbstractAutowireCapableBeanFactory.createBeanInstance(AbstractAutowireCapableBeanFactory.java:1215) ~[spring-beans-6.2.5.jar:6.2.5]
	at org.springframework.beans.factory.support.AbstractAutowireCapableBeanFactory.doCreateBean(AbstractAutowireCapableBeanFactory.java:563) ~[spring-beans-6.2.5.jar:6.2.5]
	at org.springframework.beans.factory.support.AbstractAutowireCapableBeanFactory.createBean(AbstractAutowireCapableBeanFactory.java:523) ~[spring-beans-6.2.5.jar:6.2.5]
	at org.springframework.beans.factory.support.AbstractBeanFactory.lambda$doGetBean$0(AbstractBeanFactory.java:339) ~[spring-beans-6.2.5.jar:6.2.5]
	at org.springframework.beans.factory.support.DefaultSingletonBeanRegistry.getSingleton(DefaultSingletonBeanRegistry.java:347) ~[spring-beans-6.2.5.jar:6.2.5]
	at org.springframework.beans.factory.support.AbstractBeanFactory.doGetBean(AbstractBeanFactory.java:337) ~[spring-beans-6.2.5.jar:6.2.5]
	at org.springframework.beans.factory.support.AbstractBeanFactory.getBean(AbstractBeanFactory.java:202) ~[spring-beans-6.2.5.jar:6.2.5]
	at org.springframework.beans.factory.support.DefaultListableBeanFactory.instantiateSingleton(DefaultListableBeanFactory.java:1155) ~[spring-beans-6.2.5.jar:6.2.5]
	at org.springframework.beans.factory.support.DefaultListableBeanFactory.preInstantiateSingleton(DefaultListableBeanFactory.java:1121) ~[spring-beans-6.2.5.jar:6.2.5]
	at org.springframework.beans.factory.support.DefaultListableBeanFactory.preInstantiateSingletons(DefaultListableBeanFactory.java:1056) ~[spring-beans-6.2.5.jar:6.2.5]
	at org.springframework.context.support.AbstractApplicationContext.finishBeanFactoryInitialization(AbstractApplicationContext.java:987) ~[spring-context-6.2.5.jar:6.2.5]
	at org.springframework.context.support.AbstractApplicationContext.refresh(AbstractApplicationContext.java:627) ~[spring-context-6.2.5.jar:6.2.5]
	at org.springframework.boot.web.servlet.context.ServletWebServerApplicationContext.refresh(ServletWebServerApplicationContext.java:146) ~[spring-boot-3.4.4.jar:3.4.4]
	at org.springframework.boot.SpringApplication.refresh(SpringApplication.java:752) ~[spring-boot-3.4.4.jar:3.4.4]
	at org.springframework.boot.SpringApplication.refreshContext(SpringApplication.java:439) ~[spring-boot-3.4.4.jar:3.4.4]
	at org.springframework.boot.SpringApplication.run(SpringApplication.java:318) ~[spring-boot-3.4.4.jar:3.4.4]
	at org.springframework.boot.SpringApplication.run(SpringApplication.java:1361) ~[spring-boot-3.4.4.jar:3.4.4]
	at org.springframework.boot.SpringApplication.run(SpringApplication.java:1350) ~[spring-boot-3.4.4.jar:3.4.4]
	at com.iquenobot.IquenobotApplication.main(IquenobotApplication.java:19) ~[classes/:na]
	at java.base/jdk.internal.reflect.DirectMethodHandleAccessor.invoke(DirectMethodHandleAccessor.java:103) ~[na:na]
	at java.base/java.lang.reflect.Method.invoke(Method.java:580) ~[na:na]
	at org.springframework.boot.devtools.restart.RestartLauncher.run(RestartLauncher.java:50) ~[spring-boot-devtools-3.4.4.jar:3.4.4]
Caused by: java.lang.IllegalStateException: Failed to introspect Class [com.iquenobot.product.application.ProductImportService] from ClassLoader [org.springframework.boot.devtools.restart.classloader.RestartClassLoader@27369939]
	at org.springframework.util.ReflectionUtils.getDeclaredMethods(ReflectionUtils.java:483) ~[spring-core-6.2.5.jar:6.2.5]
	at org.springframework.util.ReflectionUtils.doWithLocalMethods(ReflectionUtils.java:320) ~[spring-core-6.2.5.jar:6.2.5]
	at org.springframework.beans.factory.annotation.AutowiredAnnotationBeanPostProcessor.checkLookupMethods(AutowiredAnnotationBeanPostProcessor.java:476) ~[spring-beans-6.2.5.jar:6.2.5]
	... 24 common frames omitted
Caused by: java.lang.NoClassDefFoundError: org/apache/poi/ss/usermodel/Workbook
	at java.base/java.lang.Class.getDeclaredMethods0(Native Method) ~[na:na]
	at java.base/java.lang.Class.privateGetDeclaredMethods(Class.java:3580) ~[na:na]
	at java.base/java.lang.Class.getDeclaredMethods(Class.java:2678) ~[na:na]
	at org.springframework.util.ReflectionUtils.getDeclaredMethods(ReflectionUtils.java:465) ~[spring-core-6.2.5.jar:6.2.5]
	... 26 common frames omitted
Caused by: java.lang.ClassNotFoundException: org.apache.poi.ss.usermodel.Workbook
	at java.base/jdk.internal.loader.BuiltinClassLoader.loadClass(BuiltinClassLoader.java:641) ~[na:na]
	at java.base/jdk.internal.loader.ClassLoaders$AppClassLoader.loadClass(ClassLoaders.java:188) ~[na:na]
	at java.base/java.lang.ClassLoader.loadClass(ClassLoader.java:526) ~[na:na]
	at java.base/java.lang.Class.forName0(Native Method) ~[na:na]
	at java.base/java.lang.Class.forName(Class.java:536) ~[na:na]
	at java.base/java.lang.Class.forName(Class.java:515) ~[na:na]
	at org.springframework.boot.devtools.restart.classloader.RestartClassLoader.loadClass(RestartClassLoader.java:121) ~[spring-boot-devtools-3.4.4.jar:3.4.4]
	at java.base/java.lang.ClassLoader.loadClass(ClassLoader.java:526) ~[na:na]
	... 30 common frames omitted

  .   ____          _            __ _ _
 /\\ / ___'_ __ _ _(_)_ __  __ _ \ \ \ \
( ( )\___ | '_ | '_| | '_ \/ _` | \ \ \ \
 \\/  ___)| |_)| | | | | || (_| |  ) ) ) )
  '  |____| .__|_| |_|_| |_\__, | / / / /
 =========|_|==============|___/=/_/_/_/

 :: Spring Boot ::                (v3.4.4)

2026-07-28 08:18:20 - Starting IquenobotApplication using Java 21.0.11 with PID 20952 (C:\Users\luisv\Downloads\iquenobot\target\classes started by luisv in C:\Users\luisv\Downloads\iquenobot)
2026-07-28 08:18:20 - Running with Spring Boot v3.4.4, Spring v6.2.5
2026-07-28 08:18:20 - The following 1 profile is active: "dev"
2026-07-28 08:18:23 - Bootstrapping Spring Data JPA repositories in DEFAULT mode.
2026-07-28 08:18:24 - Finished Spring Data repository scanning in 799 ms. Found 18 JPA repository interfaces.
2026-07-28 08:18:26 - Tomcat initialized with port 8085 (http)
2026-07-28 08:18:26 - Starting service [Tomcat]
2026-07-28 08:18:26 - Starting Servlet engine: [Apache Tomcat/10.1.39]
2026-07-28 08:18:26 - Initializing Spring embedded WebApplicationContext
2026-07-28 08:18:26 - Root WebApplicationContext: initialization completed in 5711 ms
2026-07-28 08:18:27 - HikariPool-11 - Starting...
2026-07-28 08:18:28 - HikariPool-11 - Added connection org.postgresql.jdbc.PgConnection@6267bec3
2026-07-28 08:18:28 - HikariPool-11 - Start completed.
2026-07-28 08:18:28 - Database: jdbc:postgresql://ep-delicate-bird-axk10rcp-pooler.c-4.us-east-2.aws.neon.tech:5432/neondb?sslmode=require (PostgreSQL 18.4)
2026-07-28 08:18:30 - Flyway upgrade recommended: PostgreSQL 18.4 is newer than this version of Flyway and support has not been tested. The latest supported version of PostgreSQL is 17.
2026-07-28 08:18:31 - Successfully validated 21 migrations (execution time 00:00.792s)
2026-07-28 08:18:32 - Current version of schema "public": 021
2026-07-28 08:18:33 - Schema "public" is up to date. No migration necessary.
2026-07-28 08:18:34 - HHH000204: Processing PersistenceUnitInfo [name: default]
2026-07-28 08:18:34 - HHH000026: Second-level cache disabled
2026-07-28 08:18:34 - No LoadTimeWeaver setup: ignoring JPA class transformer
2026-07-28 08:18:34 - HHH90000025: PostgreSQLDialect does not need to be specified explicitly using 'hibernate.dialect' (remove the property setting and it will be selected by default)
2026-07-28 08:18:34 - HHH10001005: Database info:
	Database JDBC URL [Connecting through datasource 'HikariDataSource (HikariPool-11)']
	Database driver: undefined/unknown
	Database version: 18.4
	Autocommit mode: undefined/unknown
	Isolation level: undefined/unknown
	Minimum pool size: undefined/unknown
	Maximum pool size: undefined/unknown
2026-07-28 08:18:35 - HHH000489: No JTA platform available (set 'hibernate.transaction.jta.platform' to enable JTA platform integration)
2026-07-28 08:18:36 - Initialized JPA EntityManagerFactory for persistence unit 'default'
2026-07-28 08:18:37 - Filter 'jwtAuthenticationFilter' configured for use
2026-07-28 08:18:39 - DecisionEngine initialized with 3 strategies
2026-07-28 08:18:39 - ActionDispatcher initialized with 14 executors
2026-07-28 08:18:40 - Exception encountered during context initialization - cancelling refresh attempt: org.springframework.beans.factory.BeanCreationException: Error creating bean with name 'productImportService': Lookup method resolution failed
2026-07-28 08:18:40 - Closing JPA EntityManagerFactory for persistence unit 'default'
2026-07-28 08:18:40 - HikariPool-11 - Shutdown initiated...
2026-07-28 08:18:41 - HikariPool-11 - Shutdown completed.
2026-07-28 08:18:41 - Stopping service [Tomcat]
2026-07-28 08:18:41 - 

Error starting ApplicationContext. To display the condition evaluation report re-run your application with 'debug' enabled.
2026-07-28 08:18:41 - Application run failed
org.springframework.beans.factory.BeanCreationException: Error creating bean with name 'productImportService': Lookup method resolution failed
	at org.springframework.beans.factory.annotation.AutowiredAnnotationBeanPostProcessor.checkLookupMethods(AutowiredAnnotationBeanPostProcessor.java:498) ~[spring-beans-6.2.5.jar:6.2.5]
	at org.springframework.beans.factory.annotation.AutowiredAnnotationBeanPostProcessor.determineCandidateConstructors(AutowiredAnnotationBeanPostProcessor.java:368) ~[spring-beans-6.2.5.jar:6.2.5]
	at org.springframework.beans.factory.support.AbstractAutowireCapableBeanFactory.determineConstructorsFromBeanPostProcessors(AbstractAutowireCapableBeanFactory.java:1320) ~[spring-beans-6.2.5.jar:6.2.5]
	at org.springframework.beans.factory.support.AbstractAutowireCapableBeanFactory.createBeanInstance(AbstractAutowireCapableBeanFactory.java:1215) ~[spring-beans-6.2.5.jar:6.2.5]
	at org.springframework.beans.factory.support.AbstractAutowireCapableBeanFactory.doCreateBean(AbstractAutowireCapableBeanFactory.java:563) ~[spring-beans-6.2.5.jar:6.2.5]
	at org.springframework.beans.factory.support.AbstractAutowireCapableBeanFactory.createBean(AbstractAutowireCapableBeanFactory.java:523) ~[spring-beans-6.2.5.jar:6.2.5]
	at org.springframework.beans.factory.support.AbstractBeanFactory.lambda$doGetBean$0(AbstractBeanFactory.java:339) ~[spring-beans-6.2.5.jar:6.2.5]
	at org.springframework.beans.factory.support.DefaultSingletonBeanRegistry.getSingleton(DefaultSingletonBeanRegistry.java:347) ~[spring-beans-6.2.5.jar:6.2.5]
	at org.springframework.beans.factory.support.AbstractBeanFactory.doGetBean(AbstractBeanFactory.java:337) ~[spring-beans-6.2.5.jar:6.2.5]
	at org.springframework.beans.factory.support.AbstractBeanFactory.getBean(AbstractBeanFactory.java:202) ~[spring-beans-6.2.5.jar:6.2.5]
	at org.springframework.beans.factory.support.DefaultListableBeanFactory.instantiateSingleton(DefaultListableBeanFactory.java:1155) ~[spring-beans-6.2.5.jar:6.2.5]
	at org.springframework.beans.factory.support.DefaultListableBeanFactory.preInstantiateSingleton(DefaultListableBeanFactory.java:1121) ~[spring-beans-6.2.5.jar:6.2.5]
	at org.springframework.beans.factory.support.DefaultListableBeanFactory.preInstantiateSingletons(DefaultListableBeanFactory.java:1056) ~[spring-beans-6.2.5.jar:6.2.5]
	at org.springframework.context.support.AbstractApplicationContext.finishBeanFactoryInitialization(AbstractApplicationContext.java:987) ~[spring-context-6.2.5.jar:6.2.5]
	at org.springframework.context.support.AbstractApplicationContext.refresh(AbstractApplicationContext.java:627) ~[spring-context-6.2.5.jar:6.2.5]
	at org.springframework.boot.web.servlet.context.ServletWebServerApplicationContext.refresh(ServletWebServerApplicationContext.java:146) ~[spring-boot-3.4.4.jar:3.4.4]
	at org.springframework.boot.SpringApplication.refresh(SpringApplication.java:752) ~[spring-boot-3.4.4.jar:3.4.4]
	at org.springframework.boot.SpringApplication.refreshContext(SpringApplication.java:439) ~[spring-boot-3.4.4.jar:3.4.4]
	at org.springframework.boot.SpringApplication.run(SpringApplication.java:318) ~[spring-boot-3.4.4.jar:3.4.4]
	at org.springframework.boot.SpringApplication.run(SpringApplication.java:1361) ~[spring-boot-3.4.4.jar:3.4.4]
	at org.springframework.boot.SpringApplication.run(SpringApplication.java:1350) ~[spring-boot-3.4.4.jar:3.4.4]
	at com.iquenobot.IquenobotApplication.main(IquenobotApplication.java:19) ~[classes/:na]
	at java.base/jdk.internal.reflect.DirectMethodHandleAccessor.invoke(DirectMethodHandleAccessor.java:103) ~[na:na]
	at java.base/java.lang.reflect.Method.invoke(Method.java:580) ~[na:na]
	at org.springframework.boot.devtools.restart.RestartLauncher.run(RestartLauncher.java:50) ~[spring-boot-devtools-3.4.4.jar:3.4.4]
Caused by: java.lang.IllegalStateException: Failed to introspect Class [com.iquenobot.product.application.ProductImportService] from ClassLoader [org.springframework.boot.devtools.restart.classloader.RestartClassLoader@648ff3f6]
	at org.springframework.util.ReflectionUtils.getDeclaredMethods(ReflectionUtils.java:483) ~[spring-core-6.2.5.jar:6.2.5]
	at org.springframework.util.ReflectionUtils.doWithLocalMethods(ReflectionUtils.java:320) ~[spring-core-6.2.5.jar:6.2.5]
	at org.springframework.beans.factory.annotation.AutowiredAnnotationBeanPostProcessor.checkLookupMethods(AutowiredAnnotationBeanPostProcessor.java:476) ~[spring-beans-6.2.5.jar:6.2.5]
	... 24 common frames omitted
Caused by: java.lang.NoClassDefFoundError: org/apache/poi/ss/usermodel/Workbook
	at java.base/java.lang.Class.getDeclaredMethods0(Native Method) ~[na:na]
	at java.base/java.lang.Class.privateGetDeclaredMethods(Class.java:3580) ~[na:na]
	at java.base/java.lang.Class.getDeclaredMethods(Class.java:2678) ~[na:na]
	at org.springframework.util.ReflectionUtils.getDeclaredMethods(ReflectionUtils.java:465) ~[spring-core-6.2.5.jar:6.2.5]
	... 26 common frames omitted
Caused by: java.lang.ClassNotFoundException: org.apache.poi.ss.usermodel.Workbook
	at java.base/jdk.internal.loader.BuiltinClassLoader.loadClass(BuiltinClassLoader.java:641) ~[na:na]
	at java.base/jdk.internal.loader.ClassLoaders$AppClassLoader.loadClass(ClassLoaders.java:188) ~[na:na]
	at java.base/java.lang.ClassLoader.loadClass(ClassLoader.java:526) ~[na:na]
	at java.base/java.lang.Class.forName0(Native Method) ~[na:na]
	at java.base/java.lang.Class.forName(Class.java:536) ~[na:na]
	at java.base/java.lang.Class.forName(Class.java:515) ~[na:na]
	at org.springframework.boot.devtools.restart.classloader.RestartClassLoader.loadClass(RestartClassLoader.java:121) ~[spring-boot-devtools-3.4.4.jar:3.4.4]
	at java.base/java.lang.ClassLoader.loadClass(ClassLoader.java:526) ~[na:na]
	... 30 common frames omitted

  .   ____          _            __ _ _
 /\\ / ___'_ __ _ _(_)_ __  __ _ \ \ \ \
( ( )\___ | '_ | '_| | '_ \/ _` | \ \ \ \
 \\/  ___)| |_)| | | | | || (_| |  ) ) ) )
  '  |____| .__|_| |_|_| |_\__, | / / / /
 =========|_|==============|___/=/_/_/_/

 :: Spring Boot ::                (v3.4.4)

2026-07-28 08:19:38 - Starting IquenobotApplication using Java 21.0.11 with PID 20952 (C:\Users\luisv\Downloads\iquenobot\target\classes started by luisv in C:\Users\luisv\Downloads\iquenobot)
2026-07-28 08:19:38 - Running with Spring Boot v3.4.4, Spring v6.2.5
2026-07-28 08:19:38 - The following 1 profile is active: "dev"
2026-07-28 08:19:42 - Bootstrapping Spring Data JPA repositories in DEFAULT mode.
2026-07-28 08:19:43 - Finished Spring Data repository scanning in 955 ms. Found 18 JPA repository interfaces.
2026-07-28 08:19:44 - Tomcat initialized with port 8085 (http)
2026-07-28 08:19:44 - Starting service [Tomcat]
2026-07-28 08:19:44 - Starting Servlet engine: [Apache Tomcat/10.1.39]
2026-07-28 08:19:44 - Initializing Spring embedded WebApplicationContext
2026-07-28 08:19:44 - Root WebApplicationContext: initialization completed in 6648 ms
2026-07-28 08:19:45 - HikariPool-12 - Starting...
2026-07-28 08:19:47 - HikariPool-12 - Added connection org.postgresql.jdbc.PgConnection@37bb82aa
2026-07-28 08:19:47 - HikariPool-12 - Start completed.
2026-07-28 08:19:47 - Database: jdbc:postgresql://ep-delicate-bird-axk10rcp-pooler.c-4.us-east-2.aws.neon.tech:5432/neondb?sslmode=require (PostgreSQL 18.4)
2026-07-28 08:19:48 - Flyway upgrade recommended: PostgreSQL 18.4 is newer than this version of Flyway and support has not been tested. The latest supported version of PostgreSQL is 17.
2026-07-28 08:19:49 - Successfully validated 21 migrations (execution time 00:00.630s)
2026-07-28 08:19:51 - Current version of schema "public": 021
2026-07-28 08:19:51 - Schema "public" is up to date. No migration necessary.
2026-07-28 08:19:52 - HHH000204: Processing PersistenceUnitInfo [name: default]
2026-07-28 08:19:52 - HHH000026: Second-level cache disabled
2026-07-28 08:19:52 - No LoadTimeWeaver setup: ignoring JPA class transformer
2026-07-28 08:19:52 - HHH90000025: PostgreSQLDialect does not need to be specified explicitly using 'hibernate.dialect' (remove the property setting and it will be selected by default)
2026-07-28 08:19:53 - HHH10001005: Database info:
	Database JDBC URL [Connecting through datasource 'HikariDataSource (HikariPool-12)']
	Database driver: undefined/unknown
	Database version: 18.4
	Autocommit mode: undefined/unknown
	Isolation level: undefined/unknown
	Minimum pool size: undefined/unknown
	Maximum pool size: undefined/unknown
2026-07-28 08:19:55 - HHH000489: No JTA platform available (set 'hibernate.transaction.jta.platform' to enable JTA platform integration)
2026-07-28 08:19:56 - Initialized JPA EntityManagerFactory for persistence unit 'default'
2026-07-28 08:19:56 - Filter 'jwtAuthenticationFilter' configured for use
2026-07-28 08:19:58 - DecisionEngine initialized with 3 strategies
2026-07-28 08:19:58 - ActionDispatcher initialized with 14 executors
2026-07-28 08:20:00 - Exception encountered during context initialization - cancelling refresh attempt: org.springframework.beans.factory.BeanCreationException: Error creating bean with name 'productImportService': Lookup method resolution failed
2026-07-28 08:20:00 - Closing JPA EntityManagerFactory for persistence unit 'default'
2026-07-28 08:20:00 - HikariPool-12 - Shutdown initiated...
2026-07-28 08:20:00 - HikariPool-12 - Shutdown completed.
2026-07-28 08:20:00 - Stopping service [Tomcat]
2026-07-28 08:20:00 - 

Error starting ApplicationContext. To display the condition evaluation report re-run your application with 'debug' enabled.
2026-07-28 08:20:00 - Application run failed
org.springframework.beans.factory.BeanCreationException: Error creating bean with name 'productImportService': Lookup method resolution failed
	at org.springframework.beans.factory.annotation.AutowiredAnnotationBeanPostProcessor.checkLookupMethods(AutowiredAnnotationBeanPostProcessor.java:498) ~[spring-beans-6.2.5.jar:6.2.5]
	at org.springframework.beans.factory.annotation.AutowiredAnnotationBeanPostProcessor.determineCandidateConstructors(AutowiredAnnotationBeanPostProcessor.java:368) ~[spring-beans-6.2.5.jar:6.2.5]
	at org.springframework.beans.factory.support.AbstractAutowireCapableBeanFactory.determineConstructorsFromBeanPostProcessors(AbstractAutowireCapableBeanFactory.java:1320) ~[spring-beans-6.2.5.jar:6.2.5]
	at org.springframework.beans.factory.support.AbstractAutowireCapableBeanFactory.createBeanInstance(AbstractAutowireCapableBeanFactory.java:1215) ~[spring-beans-6.2.5.jar:6.2.5]
	at org.springframework.beans.factory.support.AbstractAutowireCapableBeanFactory.doCreateBean(AbstractAutowireCapableBeanFactory.java:563) ~[spring-beans-6.2.5.jar:6.2.5]
	at org.springframework.beans.factory.support.AbstractAutowireCapableBeanFactory.createBean(AbstractAutowireCapableBeanFactory.java:523) ~[spring-beans-6.2.5.jar:6.2.5]
	at org.springframework.beans.factory.support.AbstractBeanFactory.lambda$doGetBean$0(AbstractBeanFactory.java:339) ~[spring-beans-6.2.5.jar:6.2.5]
	at org.springframework.beans.factory.support.DefaultSingletonBeanRegistry.getSingleton(DefaultSingletonBeanRegistry.java:347) ~[spring-beans-6.2.5.jar:6.2.5]
	at org.springframework.beans.factory.support.AbstractBeanFactory.doGetBean(AbstractBeanFactory.java:337) ~[spring-beans-6.2.5.jar:6.2.5]
	at org.springframework.beans.factory.support.AbstractBeanFactory.getBean(AbstractBeanFactory.java:202) ~[spring-beans-6.2.5.jar:6.2.5]
	at org.springframework.beans.factory.support.DefaultListableBeanFactory.instantiateSingleton(DefaultListableBeanFactory.java:1155) ~[spring-beans-6.2.5.jar:6.2.5]
	at org.springframework.beans.factory.support.DefaultListableBeanFactory.preInstantiateSingleton(DefaultListableBeanFactory.java:1121) ~[spring-beans-6.2.5.jar:6.2.5]
	at org.springframework.beans.factory.support.DefaultListableBeanFactory.preInstantiateSingletons(DefaultListableBeanFactory.java:1056) ~[spring-beans-6.2.5.jar:6.2.5]
	at org.springframework.context.support.AbstractApplicationContext.finishBeanFactoryInitialization(AbstractApplicationContext.java:987) ~[spring-context-6.2.5.jar:6.2.5]
	at org.springframework.context.support.AbstractApplicationContext.refresh(AbstractApplicationContext.java:627) ~[spring-context-6.2.5.jar:6.2.5]
	at org.springframework.boot.web.servlet.context.ServletWebServerApplicationContext.refresh(ServletWebServerApplicationContext.java:146) ~[spring-boot-3.4.4.jar:3.4.4]
	at org.springframework.boot.SpringApplication.refresh(SpringApplication.java:752) ~[spring-boot-3.4.4.jar:3.4.4]
	at org.springframework.boot.SpringApplication.refreshContext(SpringApplication.java:439) ~[spring-boot-3.4.4.jar:3.4.4]
	at org.springframework.boot.SpringApplication.run(SpringApplication.java:318) ~[spring-boot-3.4.4.jar:3.4.4]
	at org.springframework.boot.SpringApplication.run(SpringApplication.java:1361) ~[spring-boot-3.4.4.jar:3.4.4]
	at org.springframework.boot.SpringApplication.run(SpringApplication.java:1350) ~[spring-boot-3.4.4.jar:3.4.4]
	at com.iquenobot.IquenobotApplication.main(IquenobotApplication.java:19) ~[classes/:na]
	at java.base/jdk.internal.reflect.DirectMethodHandleAccessor.invoke(DirectMethodHandleAccessor.java:103) ~[na:na]
	at java.base/java.lang.reflect.Method.invoke(Method.java:580) ~[na:na]
	at org.springframework.boot.devtools.restart.RestartLauncher.run(RestartLauncher.java:50) ~[spring-boot-devtools-3.4.4.jar:3.4.4]
Caused by: java.lang.IllegalStateException: Failed to introspect Class [com.iquenobot.product.application.ProductImportService] from ClassLoader [org.springframework.boot.devtools.restart.classloader.RestartClassLoader@2e31b2ed]
	at org.springframework.util.ReflectionUtils.getDeclaredMethods(ReflectionUtils.java:483) ~[spring-core-6.2.5.jar:6.2.5]
	at org.springframework.util.ReflectionUtils.doWithLocalMethods(ReflectionUtils.java:320) ~[spring-core-6.2.5.jar:6.2.5]
	at org.springframework.beans.factory.annotation.AutowiredAnnotationBeanPostProcessor.checkLookupMethods(AutowiredAnnotationBeanPostProcessor.java:476) ~[spring-beans-6.2.5.jar:6.2.5]
	... 24 common frames omitted
Caused by: java.lang.NoClassDefFoundError: org/apache/poi/ss/usermodel/Workbook
	at java.base/java.lang.Class.getDeclaredMethods0(Native Method) ~[na:na]
	at java.base/java.lang.Class.privateGetDeclaredMethods(Class.java:3580) ~[na:na]
	at java.base/java.lang.Class.getDeclaredMethods(Class.java:2678) ~[na:na]
	at org.springframework.util.ReflectionUtils.getDeclaredMethods(ReflectionUtils.java:465) ~[spring-core-6.2.5.jar:6.2.5]
	... 26 common frames omitted
Caused by: java.lang.ClassNotFoundException: org.apache.poi.ss.usermodel.Workbook
	at java.base/jdk.internal.loader.BuiltinClassLoader.loadClass(BuiltinClassLoader.java:641) ~[na:na]
	at java.base/jdk.internal.loader.ClassLoaders$AppClassLoader.loadClass(ClassLoaders.java:188) ~[na:na]
	at java.base/java.lang.ClassLoader.loadClass(ClassLoader.java:526) ~[na:na]
	at java.base/java.lang.Class.forName0(Native Method) ~[na:na]
	at java.base/java.lang.Class.forName(Class.java:536) ~[na:na]
	at java.base/java.lang.Class.forName(Class.java:515) ~[na:na]
	at org.springframework.boot.devtools.restart.classloader.RestartClassLoader.loadClass(RestartClassLoader.java:121) ~[spring-boot-devtools-3.4.4.jar:3.4.4]
	at java.base/java.lang.ClassLoader.loadClass(ClassLoader.java:526) ~[na:na]
	... 30 common frames omitted

  .   ____          _            __ _ _
 /\\ / ___'_ __ _ _(_)_ __  __ _ \ \ \ \
( ( )\___ | '_ | '_| | '_ \/ _` | \ \ \ \
 \\/  ___)| |_)| | | | | || (_| |  ) ) ) )
  '  |____| .__|_| |_|_| |_\__, | / / / /
 =========|_|==============|___/=/_/_/_/

 :: Spring Boot ::                (v3.4.4)

2026-07-28 08:20:08 - Starting IquenobotApplication using Java 21.0.11 with PID 20952 (C:\Users\luisv\Downloads\iquenobot\target\classes started by luisv in C:\Users\luisv\Downloads\iquenobot)
2026-07-28 08:20:08 - Running with Spring Boot v3.4.4, Spring v6.2.5
2026-07-28 08:20:08 - The following 1 profile is active: "dev"
2026-07-28 08:20:10 - Bootstrapping Spring Data JPA repositories in DEFAULT mode.
2026-07-28 08:20:11 - Finished Spring Data repository scanning in 777 ms. Found 18 JPA repository interfaces.
2026-07-28 08:20:13 - Tomcat initialized with port 8085 (http)
2026-07-28 08:20:13 - Starting service [Tomcat]
2026-07-28 08:20:13 - Starting Servlet engine: [Apache Tomcat/10.1.39]
2026-07-28 08:20:13 - Initializing Spring embedded WebApplicationContext
2026-07-28 08:20:13 - Root WebApplicationContext: initialization completed in 4543 ms
2026-07-28 08:20:14 - HikariPool-13 - Starting...
2026-07-28 08:20:15 - HikariPool-13 - Added connection org.postgresql.jdbc.PgConnection@7ad116db
2026-07-28 08:20:15 - HikariPool-13 - Start completed.
2026-07-28 08:20:15 - Database: jdbc:postgresql://ep-delicate-bird-axk10rcp-pooler.c-4.us-east-2.aws.neon.tech:5432/neondb?sslmode=require (PostgreSQL 18.4)
2026-07-28 08:20:16 - Flyway upgrade recommended: PostgreSQL 18.4 is newer than this version of Flyway and support has not been tested. The latest supported version of PostgreSQL is 17.
2026-07-28 08:20:17 - Successfully validated 21 migrations (execution time 00:00.750s)
2026-07-28 08:20:19 - Current version of schema "public": 021
2026-07-28 08:20:19 - Schema "public" is up to date. No migration necessary.
2026-07-28 08:20:20 - HHH000204: Processing PersistenceUnitInfo [name: default]
2026-07-28 08:20:20 - HHH000026: Second-level cache disabled
2026-07-28 08:20:20 - No LoadTimeWeaver setup: ignoring JPA class transformer
2026-07-28 08:20:21 - HHH90000025: PostgreSQLDialect does not need to be specified explicitly using 'hibernate.dialect' (remove the property setting and it will be selected by default)
2026-07-28 08:20:21 - HHH10001005: Database info:
	Database JDBC URL [Connecting through datasource 'HikariDataSource (HikariPool-13)']
	Database driver: undefined/unknown
	Database version: 18.4
	Autocommit mode: undefined/unknown
	Isolation level: undefined/unknown
	Minimum pool size: undefined/unknown
	Maximum pool size: undefined/unknown
2026-07-28 08:20:23 - HHH000489: No JTA platform available (set 'hibernate.transaction.jta.platform' to enable JTA platform integration)
2026-07-28 08:20:24 - Initialized JPA EntityManagerFactory for persistence unit 'default'
2026-07-28 08:20:24 - Filter 'jwtAuthenticationFilter' configured for use
2026-07-28 08:20:26 - DecisionEngine initialized with 3 strategies
2026-07-28 08:20:27 - ActionDispatcher initialized with 14 executors
2026-07-28 08:20:28 - Exception encountered during context initialization - cancelling refresh attempt: org.springframework.beans.factory.BeanCreationException: Error creating bean with name 'productImportService': Lookup method resolution failed
2026-07-28 08:20:28 - Closing JPA EntityManagerFactory for persistence unit 'default'
2026-07-28 08:20:28 - HikariPool-13 - Shutdown initiated...
2026-07-28 08:20:29 - HikariPool-13 - Shutdown completed.
2026-07-28 08:20:29 - Stopping service [Tomcat]
2026-07-28 08:20:29 - 

Error starting ApplicationContext. To display the condition evaluation report re-run your application with 'debug' enabled.
2026-07-28 08:20:29 - Application run failed
org.springframework.beans.factory.BeanCreationException: Error creating bean with name 'productImportService': Lookup method resolution failed
	at org.springframework.beans.factory.annotation.AutowiredAnnotationBeanPostProcessor.checkLookupMethods(AutowiredAnnotationBeanPostProcessor.java:498) ~[spring-beans-6.2.5.jar:6.2.5]
	at org.springframework.beans.factory.annotation.AutowiredAnnotationBeanPostProcessor.determineCandidateConstructors(AutowiredAnnotationBeanPostProcessor.java:368) ~[spring-beans-6.2.5.jar:6.2.5]
	at org.springframework.beans.factory.support.AbstractAutowireCapableBeanFactory.determineConstructorsFromBeanPostProcessors(AbstractAutowireCapableBeanFactory.java:1320) ~[spring-beans-6.2.5.jar:6.2.5]
	at org.springframework.beans.factory.support.AbstractAutowireCapableBeanFactory.createBeanInstance(AbstractAutowireCapableBeanFactory.java:1215) ~[spring-beans-6.2.5.jar:6.2.5]
	at org.springframework.beans.factory.support.AbstractAutowireCapableBeanFactory.doCreateBean(AbstractAutowireCapableBeanFactory.java:563) ~[spring-beans-6.2.5.jar:6.2.5]
	at org.springframework.beans.factory.support.AbstractAutowireCapableBeanFactory.createBean(AbstractAutowireCapableBeanFactory.java:523) ~[spring-beans-6.2.5.jar:6.2.5]
	at org.springframework.beans.factory.support.AbstractBeanFactory.lambda$doGetBean$0(AbstractBeanFactory.java:339) ~[spring-beans-6.2.5.jar:6.2.5]
	at org.springframework.beans.factory.support.DefaultSingletonBeanRegistry.getSingleton(DefaultSingletonBeanRegistry.java:347) ~[spring-beans-6.2.5.jar:6.2.5]
	at org.springframework.beans.factory.support.AbstractBeanFactory.doGetBean(AbstractBeanFactory.java:337) ~[spring-beans-6.2.5.jar:6.2.5]
	at org.springframework.beans.factory.support.AbstractBeanFactory.getBean(AbstractBeanFactory.java:202) ~[spring-beans-6.2.5.jar:6.2.5]
	at org.springframework.beans.factory.support.DefaultListableBeanFactory.instantiateSingleton(DefaultListableBeanFactory.java:1155) ~[spring-beans-6.2.5.jar:6.2.5]
	at org.springframework.beans.factory.support.DefaultListableBeanFactory.preInstantiateSingleton(DefaultListableBeanFactory.java:1121) ~[spring-beans-6.2.5.jar:6.2.5]
	at org.springframework.beans.factory.support.DefaultListableBeanFactory.preInstantiateSingletons(DefaultListableBeanFactory.java:1056) ~[spring-beans-6.2.5.jar:6.2.5]
	at org.springframework.context.support.AbstractApplicationContext.finishBeanFactoryInitialization(AbstractApplicationContext.java:987) ~[spring-context-6.2.5.jar:6.2.5]
	at org.springframework.context.support.AbstractApplicationContext.refresh(AbstractApplicationContext.java:627) ~[spring-context-6.2.5.jar:6.2.5]
	at org.springframework.boot.web.servlet.context.ServletWebServerApplicationContext.refresh(ServletWebServerApplicationContext.java:146) ~[spring-boot-3.4.4.jar:3.4.4]
	at org.springframework.boot.SpringApplication.refresh(SpringApplication.java:752) ~[spring-boot-3.4.4.jar:3.4.4]
	at org.springframework.boot.SpringApplication.refreshContext(SpringApplication.java:439) ~[spring-boot-3.4.4.jar:3.4.4]
	at org.springframework.boot.SpringApplication.run(SpringApplication.java:318) ~[spring-boot-3.4.4.jar:3.4.4]
	at org.springframework.boot.SpringApplication.run(SpringApplication.java:1361) ~[spring-boot-3.4.4.jar:3.4.4]
	at org.springframework.boot.SpringApplication.run(SpringApplication.java:1350) ~[spring-boot-3.4.4.jar:3.4.4]
	at com.iquenobot.IquenobotApplication.main(IquenobotApplication.java:19) ~[classes/:na]
	at java.base/jdk.internal.reflect.DirectMethodHandleAccessor.invoke(DirectMethodHandleAccessor.java:103) ~[na:na]
	at java.base/java.lang.reflect.Method.invoke(Method.java:580) ~[na:na]
	at org.springframework.boot.devtools.restart.RestartLauncher.run(RestartLauncher.java:50) ~[spring-boot-devtools-3.4.4.jar:3.4.4]
Caused by: java.lang.IllegalStateException: Failed to introspect Class [com.iquenobot.product.application.ProductImportService] from ClassLoader [org.springframework.boot.devtools.restart.classloader.RestartClassLoader@ac304ce]
	at org.springframework.util.ReflectionUtils.getDeclaredMethods(ReflectionUtils.java:483) ~[spring-core-6.2.5.jar:6.2.5]
	at org.springframework.util.ReflectionUtils.doWithLocalMethods(ReflectionUtils.java:320) ~[spring-core-6.2.5.jar:6.2.5]
	at org.springframework.beans.factory.annotation.AutowiredAnnotationBeanPostProcessor.checkLookupMethods(AutowiredAnnotationBeanPostProcessor.java:476) ~[spring-beans-6.2.5.jar:6.2.5]
	... 24 common frames omitted
Caused by: java.lang.NoClassDefFoundError: org/apache/poi/ss/usermodel/Workbook
	at java.base/java.lang.Class.getDeclaredMethods0(Native Method) ~[na:na]
	at java.base/java.lang.Class.privateGetDeclaredMethods(Class.java:3580) ~[na:na]
	at java.base/java.lang.Class.getDeclaredMethods(Class.java:2678) ~[na:na]
	at org.springframework.util.ReflectionUtils.getDeclaredMethods(ReflectionUtils.java:465) ~[spring-core-6.2.5.jar:6.2.5]
	... 26 common frames omitted
Caused by: java.lang.ClassNotFoundException: org.apache.poi.ss.usermodel.Workbook
	at java.base/jdk.internal.loader.BuiltinClassLoader.loadClass(BuiltinClassLoader.java:641) ~[na:na]
	at java.base/jdk.internal.loader.ClassLoaders$AppClassLoader.loadClass(ClassLoaders.java:188) ~[na:na]
	at java.base/java.lang.ClassLoader.loadClass(ClassLoader.java:526) ~[na:na]
	at java.base/java.lang.Class.forName0(Native Method) ~[na:na]
	at java.base/java.lang.Class.forName(Class.java:536) ~[na:na]
	at java.base/java.lang.Class.forName(Class.java:515) ~[na:na]
	at org.springframework.boot.devtools.restart.classloader.RestartClassLoader.loadClass(RestartClassLoader.java:121) ~[spring-boot-devtools-3.4.4.jar:3.4.4]
	at java.base/java.lang.ClassLoader.loadClass(ClassLoader.java:526) ~[na:na]
	... 30 common frames omitted

  .   ____          _            __ _ _
 /\\ / ___'_ __ _ _(_)_ __  __ _ \ \ \ \
( ( )\___ | '_ | '_| | '_ \/ _` | \ \ \ \
 \\/  ___)| |_)| | | | | || (_| |  ) ) ) )
  '  |____| .__|_| |_|_| |_\__, | / / / /
 =========|_|==============|___/=/_/_/_/

 :: Spring Boot ::                (v3.4.4)

2026-07-28 08:30:12 - Starting IquenobotApplication using Java 21.0.11 with PID 20952 (C:\Users\luisv\Downloads\iquenobot\target\classes started by luisv in C:\Users\luisv\Downloads\iquenobot)
2026-07-28 08:30:12 - Running with Spring Boot v3.4.4, Spring v6.2.5
2026-07-28 08:30:12 - The following 1 profile is active: "dev"
2026-07-28 08:30:17 - Bootstrapping Spring Data JPA repositories in DEFAULT mode.
2026-07-28 08:30:18 - Finished Spring Data repository scanning in 496 ms. Found 18 JPA repository interfaces.
2026-07-28 08:30:19 - Tomcat initialized with port 8085 (http)
2026-07-28 08:30:19 - Starting service [Tomcat]
2026-07-28 08:30:19 - Starting Servlet engine: [Apache Tomcat/10.1.39]
2026-07-28 08:30:19 - Initializing Spring embedded WebApplicationContext
2026-07-28 08:30:19 - Root WebApplicationContext: initialization completed in 7434 ms
2026-07-28 08:30:20 - HikariPool-14 - Starting...
2026-07-28 08:30:21 - HikariPool-14 - Added connection org.postgresql.jdbc.PgConnection@59956cd8
2026-07-28 08:30:21 - HikariPool-14 - Start completed.
2026-07-28 08:30:21 - Database: jdbc:postgresql://ep-delicate-bird-axk10rcp-pooler.c-4.us-east-2.aws.neon.tech:5432/neondb?sslmode=require (PostgreSQL 18.4)
2026-07-28 08:30:23 - Flyway upgrade recommended: PostgreSQL 18.4 is newer than this version of Flyway and support has not been tested. The latest supported version of PostgreSQL is 17.
2026-07-28 08:30:23 - Successfully validated 21 migrations (execution time 00:00.613s)
2026-07-28 08:30:25 - Current version of schema "public": 021
2026-07-28 08:30:25 - Schema "public" is up to date. No migration necessary.
2026-07-28 08:30:27 - HHH000204: Processing PersistenceUnitInfo [name: default]
2026-07-28 08:30:27 - HHH000026: Second-level cache disabled
2026-07-28 08:30:27 - No LoadTimeWeaver setup: ignoring JPA class transformer
2026-07-28 08:30:27 - HHH90000025: PostgreSQLDialect does not need to be specified explicitly using 'hibernate.dialect' (remove the property setting and it will be selected by default)
2026-07-28 08:30:27 - HHH10001005: Database info:
	Database JDBC URL [Connecting through datasource 'HikariDataSource (HikariPool-14)']
	Database driver: undefined/unknown
	Database version: 18.4
	Autocommit mode: undefined/unknown
	Isolation level: undefined/unknown
	Minimum pool size: undefined/unknown
	Maximum pool size: undefined/unknown
2026-07-28 08:30:29 - HHH000489: No JTA platform available (set 'hibernate.transaction.jta.platform' to enable JTA platform integration)
2026-07-28 08:30:30 - Initialized JPA EntityManagerFactory for persistence unit 'default'
2026-07-28 08:30:30 - Filter 'jwtAuthenticationFilter' configured for use
2026-07-28 08:30:33 - DecisionEngine initialized with 3 strategies
2026-07-28 08:30:33 - ActionDispatcher initialized with 14 executors
2026-07-28 08:30:35 - Exception encountered during context initialization - cancelling refresh attempt: org.springframework.beans.factory.BeanCreationException: Error creating bean with name 'productImportService': Lookup method resolution failed
2026-07-28 08:30:35 - Closing JPA EntityManagerFactory for persistence unit 'default'
2026-07-28 08:30:35 - HikariPool-14 - Shutdown initiated...
2026-07-28 08:30:35 - HikariPool-14 - Shutdown completed.
2026-07-28 08:30:35 - Stopping service [Tomcat]
2026-07-28 08:30:35 - 

Error starting ApplicationContext. To display the condition evaluation report re-run your application with 'debug' enabled.
2026-07-28 08:30:35 - Application run failed
org.springframework.beans.factory.BeanCreationException: Error creating bean with name 'productImportService': Lookup method resolution failed
	at org.springframework.beans.factory.annotation.AutowiredAnnotationBeanPostProcessor.checkLookupMethods(AutowiredAnnotationBeanPostProcessor.java:498) ~[spring-beans-6.2.5.jar:6.2.5]
	at org.springframework.beans.factory.annotation.AutowiredAnnotationBeanPostProcessor.determineCandidateConstructors(AutowiredAnnotationBeanPostProcessor.java:368) ~[spring-beans-6.2.5.jar:6.2.5]
	at org.springframework.beans.factory.support.AbstractAutowireCapableBeanFactory.determineConstructorsFromBeanPostProcessors(AbstractAutowireCapableBeanFactory.java:1320) ~[spring-beans-6.2.5.jar:6.2.5]
	at org.springframework.beans.factory.support.AbstractAutowireCapableBeanFactory.createBeanInstance(AbstractAutowireCapableBeanFactory.java:1215) ~[spring-beans-6.2.5.jar:6.2.5]
	at org.springframework.beans.factory.support.AbstractAutowireCapableBeanFactory.doCreateBean(AbstractAutowireCapableBeanFactory.java:563) ~[spring-beans-6.2.5.jar:6.2.5]
	at org.springframework.beans.factory.support.AbstractAutowireCapableBeanFactory.createBean(AbstractAutowireCapableBeanFactory.java:523) ~[spring-beans-6.2.5.jar:6.2.5]
	at org.springframework.beans.factory.support.AbstractBeanFactory.lambda$doGetBean$0(AbstractBeanFactory.java:339) ~[spring-beans-6.2.5.jar:6.2.5]
	at org.springframework.beans.factory.support.DefaultSingletonBeanRegistry.getSingleton(DefaultSingletonBeanRegistry.java:347) ~[spring-beans-6.2.5.jar:6.2.5]
	at org.springframework.beans.factory.support.AbstractBeanFactory.doGetBean(AbstractBeanFactory.java:337) ~[spring-beans-6.2.5.jar:6.2.5]
	at org.springframework.beans.factory.support.AbstractBeanFactory.getBean(AbstractBeanFactory.java:202) ~[spring-beans-6.2.5.jar:6.2.5]
	at org.springframework.beans.factory.support.DefaultListableBeanFactory.instantiateSingleton(DefaultListableBeanFactory.java:1155) ~[spring-beans-6.2.5.jar:6.2.5]
	at org.springframework.beans.factory.support.DefaultListableBeanFactory.preInstantiateSingleton(DefaultListableBeanFactory.java:1121) ~[spring-beans-6.2.5.jar:6.2.5]
	at org.springframework.beans.factory.support.DefaultListableBeanFactory.preInstantiateSingletons(DefaultListableBeanFactory.java:1056) ~[spring-beans-6.2.5.jar:6.2.5]
	at org.springframework.context.support.AbstractApplicationContext.finishBeanFactoryInitialization(AbstractApplicationContext.java:987) ~[spring-context-6.2.5.jar:6.2.5]
	at org.springframework.context.support.AbstractApplicationContext.refresh(AbstractApplicationContext.java:627) ~[spring-context-6.2.5.jar:6.2.5]
	at org.springframework.boot.web.servlet.context.ServletWebServerApplicationContext.refresh(ServletWebServerApplicationContext.java:146) ~[spring-boot-3.4.4.jar:3.4.4]
	at org.springframework.boot.SpringApplication.refresh(SpringApplication.java:752) ~[spring-boot-3.4.4.jar:3.4.4]
	at org.springframework.boot.SpringApplication.refreshContext(SpringApplication.java:439) ~[spring-boot-3.4.4.jar:3.4.4]
	at org.springframework.boot.SpringApplication.run(SpringApplication.java:318) ~[spring-boot-3.4.4.jar:3.4.4]
	at org.springframework.boot.SpringApplication.run(SpringApplication.java:1361) ~[spring-boot-3.4.4.jar:3.4.4]
	at org.springframework.boot.SpringApplication.run(SpringApplication.java:1350) ~[spring-boot-3.4.4.jar:3.4.4]
	at com.iquenobot.IquenobotApplication.main(IquenobotApplication.java:19) ~[classes/:na]
	at java.base/jdk.internal.reflect.DirectMethodHandleAccessor.invoke(DirectMethodHandleAccessor.java:103) ~[na:na]
	at java.base/java.lang.reflect.Method.invoke(Method.java:580) ~[na:na]
	at org.springframework.boot.devtools.restart.RestartLauncher.run(RestartLauncher.java:50) ~[spring-boot-devtools-3.4.4.jar:3.4.4]
Caused by: java.lang.IllegalStateException: Failed to introspect Class [com.iquenobot.product.application.ProductImportService] from ClassLoader [org.springframework.boot.devtools.restart.classloader.RestartClassLoader@19afabfe]
	at org.springframework.util.ReflectionUtils.getDeclaredMethods(ReflectionUtils.java:483) ~[spring-core-6.2.5.jar:6.2.5]
	at org.springframework.util.ReflectionUtils.doWithLocalMethods(ReflectionUtils.java:320) ~[spring-core-6.2.5.jar:6.2.5]
	at org.springframework.beans.factory.annotation.AutowiredAnnotationBeanPostProcessor.checkLookupMethods(AutowiredAnnotationBeanPostProcessor.java:476) ~[spring-beans-6.2.5.jar:6.2.5]
	... 24 common frames omitted
Caused by: java.lang.NoClassDefFoundError: org/apache/poi/ss/usermodel/Workbook
	at java.base/java.lang.Class.getDeclaredMethods0(Native Method) ~[na:na]
	at java.base/java.lang.Class.privateGetDeclaredMethods(Class.java:3580) ~[na:na]
	at java.base/java.lang.Class.getDeclaredMethods(Class.java:2678) ~[na:na]
	at org.springframework.util.ReflectionUtils.getDeclaredMethods(ReflectionUtils.java:465) ~[spring-core-6.2.5.jar:6.2.5]
	... 26 common frames omitted
Caused by: java.lang.ClassNotFoundException: org.apache.poi.ss.usermodel.Workbook
	at java.base/jdk.internal.loader.BuiltinClassLoader.loadClass(BuiltinClassLoader.java:641) ~[na:na]
	at java.base/jdk.internal.loader.ClassLoaders$AppClassLoader.loadClass(ClassLoaders.java:188) ~[na:na]
	at java.base/java.lang.ClassLoader.loadClass(ClassLoader.java:526) ~[na:na]
	at java.base/java.lang.Class.forName0(Native Method) ~[na:na]
	at java.base/java.lang.Class.forName(Class.java:536) ~[na:na]
	at java.base/java.lang.Class.forName(Class.java:515) ~[na:na]
	at org.springframework.boot.devtools.restart.classloader.RestartClassLoader.loadClass(RestartClassLoader.java:121) ~[spring-boot-devtools-3.4.4.jar:3.4.4]
	at java.base/java.lang.ClassLoader.loadClass(ClassLoader.java:526) ~[na:na]
	... 30 common frames omitted

  .   ____          _            __ _ _
 /\\ / ___'_ __ _ _(_)_ __  __ _ \ \ \ \
( ( )\___ | '_ | '_| | '_ \/ _` | \ \ \ \
 \\/  ___)| |_)| | | | | || (_| |  ) ) ) )
  '  |____| .__|_| |_|_| |_\__, | / / / /
 =========|_|==============|___/=/_/_/_/

 :: Spring Boot ::                (v3.4.4)

2026-07-28 08:48:47 - Starting IquenobotApplication using Java 21.0.11 with PID 20952 (C:\Users\luisv\Downloads\iquenobot\target\classes started by luisv in C:\Users\luisv\Downloads\iquenobot)
2026-07-28 08:48:47 - Running with Spring Boot v3.4.4, Spring v6.2.5
2026-07-28 08:48:47 - The following 1 profile is active: "dev"
2026-07-28 08:48:50 - Bootstrapping Spring Data JPA repositories in DEFAULT mode.
2026-07-28 08:48:50 - Finished Spring Data repository scanning in 479 ms. Found 18 JPA repository interfaces.
2026-07-28 08:48:52 - Tomcat initialized with port 8085 (http)
2026-07-28 08:48:52 - Starting service [Tomcat]
2026-07-28 08:48:52 - Starting Servlet engine: [Apache Tomcat/10.1.39]
2026-07-28 08:48:52 - Initializing Spring embedded WebApplicationContext
2026-07-28 08:48:52 - Root WebApplicationContext: initialization completed in 4647 ms
2026-07-28 08:48:53 - HikariPool-15 - Starting...
2026-07-28 08:48:54 - HikariPool-15 - Added connection org.postgresql.jdbc.PgConnection@1ef52646
2026-07-28 08:48:54 - HikariPool-15 - Start completed.
2026-07-28 08:48:55 - Database: jdbc:postgresql://ep-delicate-bird-axk10rcp-pooler.c-4.us-east-2.aws.neon.tech:5432/neondb?sslmode=require (PostgreSQL 18.4)
2026-07-28 08:48:56 - Flyway upgrade recommended: PostgreSQL 18.4 is newer than this version of Flyway and support has not been tested. The latest supported version of PostgreSQL is 17.
2026-07-28 08:48:57 - Successfully validated 21 migrations (execution time 00:00.607s)
2026-07-28 08:48:58 - Current version of schema "public": 021
2026-07-28 08:48:59 - Schema "public" is up to date. No migration necessary.
2026-07-28 08:49:00 - HHH000204: Processing PersistenceUnitInfo [name: default]
2026-07-28 08:49:00 - HHH000026: Second-level cache disabled
2026-07-28 08:49:00 - No LoadTimeWeaver setup: ignoring JPA class transformer
2026-07-28 08:49:00 - HHH90000025: PostgreSQLDialect does not need to be specified explicitly using 'hibernate.dialect' (remove the property setting and it will be selected by default)
2026-07-28 08:49:00 - HHH10001005: Database info:
	Database JDBC URL [Connecting through datasource 'HikariDataSource (HikariPool-15)']
	Database driver: undefined/unknown
	Database version: 18.4
	Autocommit mode: undefined/unknown
	Isolation level: undefined/unknown
	Minimum pool size: undefined/unknown
	Maximum pool size: undefined/unknown
2026-07-28 08:49:02 - HHH000489: No JTA platform available (set 'hibernate.transaction.jta.platform' to enable JTA platform integration)
2026-07-28 08:49:03 - Initialized JPA EntityManagerFactory for persistence unit 'default'
2026-07-28 08:49:03 - Filter 'jwtAuthenticationFilter' configured for use
2026-07-28 08:49:05 - DecisionEngine initialized with 3 strategies
2026-07-28 08:49:05 - ActionDispatcher initialized with 14 executors
2026-07-28 08:49:06 - Exception encountered during context initialization - cancelling refresh attempt: org.springframework.beans.factory.BeanCreationException: Error creating bean with name 'productImportService': Lookup method resolution failed
2026-07-28 08:49:06 - Closing JPA EntityManagerFactory for persistence unit 'default'
2026-07-28 08:49:06 - HikariPool-15 - Shutdown initiated...
2026-07-28 08:49:07 - HikariPool-15 - Shutdown completed.
2026-07-28 08:49:07 - Stopping service [Tomcat]
2026-07-28 08:49:07 - 

Error starting ApplicationContext. To display the condition evaluation report re-run your application with 'debug' enabled.
2026-07-28 08:49:07 - Application run failed
org.springframework.beans.factory.BeanCreationException: Error creating bean with name 'productImportService': Lookup method resolution failed
	at org.springframework.beans.factory.annotation.AutowiredAnnotationBeanPostProcessor.checkLookupMethods(AutowiredAnnotationBeanPostProcessor.java:498) ~[spring-beans-6.2.5.jar:6.2.5]
	at org.springframework.beans.factory.annotation.AutowiredAnnotationBeanPostProcessor.determineCandidateConstructors(AutowiredAnnotationBeanPostProcessor.java:368) ~[spring-beans-6.2.5.jar:6.2.5]
	at org.springframework.beans.factory.support.AbstractAutowireCapableBeanFactory.determineConstructorsFromBeanPostProcessors(AbstractAutowireCapableBeanFactory.java:1320) ~[spring-beans-6.2.5.jar:6.2.5]
	at org.springframework.beans.factory.support.AbstractAutowireCapableBeanFactory.createBeanInstance(AbstractAutowireCapableBeanFactory.java:1215) ~[spring-beans-6.2.5.jar:6.2.5]
	at org.springframework.beans.factory.support.AbstractAutowireCapableBeanFactory.doCreateBean(AbstractAutowireCapableBeanFactory.java:563) ~[spring-beans-6.2.5.jar:6.2.5]
	at org.springframework.beans.factory.support.AbstractAutowireCapableBeanFactory.createBean(AbstractAutowireCapableBeanFactory.java:523) ~[spring-beans-6.2.5.jar:6.2.5]
	at org.springframework.beans.factory.support.AbstractBeanFactory.lambda$doGetBean$0(AbstractBeanFactory.java:339) ~[spring-beans-6.2.5.jar:6.2.5]
	at org.springframework.beans.factory.support.DefaultSingletonBeanRegistry.getSingleton(DefaultSingletonBeanRegistry.java:347) ~[spring-beans-6.2.5.jar:6.2.5]
	at org.springframework.beans.factory.support.AbstractBeanFactory.doGetBean(AbstractBeanFactory.java:337) ~[spring-beans-6.2.5.jar:6.2.5]
	at org.springframework.beans.factory.support.AbstractBeanFactory.getBean(AbstractBeanFactory.java:202) ~[spring-beans-6.2.5.jar:6.2.5]
	at org.springframework.beans.factory.support.DefaultListableBeanFactory.instantiateSingleton(DefaultListableBeanFactory.java:1155) ~[spring-beans-6.2.5.jar:6.2.5]
	at org.springframework.beans.factory.support.DefaultListableBeanFactory.preInstantiateSingleton(DefaultListableBeanFactory.java:1121) ~[spring-beans-6.2.5.jar:6.2.5]
	at org.springframework.beans.factory.support.DefaultListableBeanFactory.preInstantiateSingletons(DefaultListableBeanFactory.java:1056) ~[spring-beans-6.2.5.jar:6.2.5]
	at org.springframework.context.support.AbstractApplicationContext.finishBeanFactoryInitialization(AbstractApplicationContext.java:987) ~[spring-context-6.2.5.jar:6.2.5]
	at org.springframework.context.support.AbstractApplicationContext.refresh(AbstractApplicationContext.java:627) ~[spring-context-6.2.5.jar:6.2.5]
	at org.springframework.boot.web.servlet.context.ServletWebServerApplicationContext.refresh(ServletWebServerApplicationContext.java:146) ~[spring-boot-3.4.4.jar:3.4.4]
	at org.springframework.boot.SpringApplication.refresh(SpringApplication.java:752) ~[spring-boot-3.4.4.jar:3.4.4]
	at org.springframework.boot.SpringApplication.refreshContext(SpringApplication.java:439) ~[spring-boot-3.4.4.jar:3.4.4]
	at org.springframework.boot.SpringApplication.run(SpringApplication.java:318) ~[spring-boot-3.4.4.jar:3.4.4]
	at org.springframework.boot.SpringApplication.run(SpringApplication.java:1361) ~[spring-boot-3.4.4.jar:3.4.4]
	at org.springframework.boot.SpringApplication.run(SpringApplication.java:1350) ~[spring-boot-3.4.4.jar:3.4.4]
	at com.iquenobot.IquenobotApplication.main(IquenobotApplication.java:19) ~[classes/:na]
	at java.base/jdk.internal.reflect.DirectMethodHandleAccessor.invoke(DirectMethodHandleAccessor.java:103) ~[na:na]
	at java.base/java.lang.reflect.Method.invoke(Method.java:580) ~[na:na]
	at org.springframework.boot.devtools.restart.RestartLauncher.run(RestartLauncher.java:50) ~[spring-boot-devtools-3.4.4.jar:3.4.4]
Caused by: java.lang.IllegalStateException: Failed to introspect Class [com.iquenobot.product.application.ProductImportService] from ClassLoader [org.springframework.boot.devtools.restart.classloader.RestartClassLoader@224eb7e]
	at org.springframework.util.ReflectionUtils.getDeclaredMethods(ReflectionUtils.java:483) ~[spring-core-6.2.5.jar:6.2.5]
	at org.springframework.util.ReflectionUtils.doWithLocalMethods(ReflectionUtils.java:320) ~[spring-core-6.2.5.jar:6.2.5]
	at org.springframework.beans.factory.annotation.AutowiredAnnotationBeanPostProcessor.checkLookupMethods(AutowiredAnnotationBeanPostProcessor.java:476) ~[spring-beans-6.2.5.jar:6.2.5]
	... 24 common frames omitted
Caused by: java.lang.NoClassDefFoundError: org/apache/poi/ss/usermodel/Workbook
	at java.base/java.lang.Class.getDeclaredMethods0(Native Method) ~[na:na]
	at java.base/java.lang.Class.privateGetDeclaredMethods(Class.java:3580) ~[na:na]
	at java.base/java.lang.Class.getDeclaredMethods(Class.java:2678) ~[na:na]
	at org.springframework.util.ReflectionUtils.getDeclaredMethods(ReflectionUtils.java:465) ~[spring-core-6.2.5.jar:6.2.5]
	... 26 common frames omitted
Caused by: java.lang.ClassNotFoundException: org.apache.poi.ss.usermodel.Workbook
	at java.base/jdk.internal.loader.BuiltinClassLoader.loadClass(BuiltinClassLoader.java:641) ~[na:na]
	at java.base/jdk.internal.loader.ClassLoaders$AppClassLoader.loadClass(ClassLoaders.java:188) ~[na:na]
	at java.base/java.lang.ClassLoader.loadClass(ClassLoader.java:526) ~[na:na]
	at java.base/java.lang.Class.forName0(Native Method) ~[na:na]
	at java.base/java.lang.Class.forName(Class.java:536) ~[na:na]
	at java.base/java.lang.Class.forName(Class.java:515) ~[na:na]
	at org.springframework.boot.devtools.restart.classloader.RestartClassLoader.loadClass(RestartClassLoader.java:121) ~[spring-boot-devtools-3.4.4.jar:3.4.4]
	at java.base/java.lang.ClassLoader.loadClass(ClassLoader.java:526) ~[na:na]
	... 30 common frames omitted

  .   ____          _            __ _ _
 /\\ / ___'_ __ _ _(_)_ __  __ _ \ \ \ \
( ( )\___ | '_ | '_| | '_ \/ _` | \ \ \ \
 \\/  ___)| |_)| | | | | || (_| |  ) ) ) )
  '  |____| .__|_| |_|_| |_\__, | / / / /
 =========|_|==============|___/=/_/_/_/

 :: Spring Boot ::                (v3.4.4)

2026-07-28 08:49:19 - Starting IquenobotApplication using Java 21.0.11 with PID 20952 (C:\Users\luisv\Downloads\iquenobot\target\classes started by luisv in C:\Users\luisv\Downloads\iquenobot)
2026-07-28 08:49:19 - Running with Spring Boot v3.4.4, Spring v6.2.5
2026-07-28 08:49:19 - The following 1 profile is active: "dev"
2026-07-28 08:49:21 - Bootstrapping Spring Data JPA repositories in DEFAULT mode.
2026-07-28 08:49:22 - Finished Spring Data repository scanning in 535 ms. Found 18 JPA repository interfaces.
2026-07-28 08:49:23 - Tomcat initialized with port 8085 (http)
2026-07-28 08:49:23 - Starting service [Tomcat]
2026-07-28 08:49:23 - Starting Servlet engine: [Apache Tomcat/10.1.39]
2026-07-28 08:49:23 - Initializing Spring embedded WebApplicationContext
2026-07-28 08:49:23 - Root WebApplicationContext: initialization completed in 3891 ms
2026-07-28 08:49:23 - HikariPool-16 - Starting...
2026-07-28 08:49:25 - HikariPool-16 - Added connection org.postgresql.jdbc.PgConnection@46bbeb0c
2026-07-28 08:49:25 - HikariPool-16 - Start completed.
2026-07-28 08:49:25 - Database: jdbc:postgresql://ep-delicate-bird-axk10rcp-pooler.c-4.us-east-2.aws.neon.tech:5432/neondb?sslmode=require (PostgreSQL 18.4)
2026-07-28 08:49:26 - Flyway upgrade recommended: PostgreSQL 18.4 is newer than this version of Flyway and support has not been tested. The latest supported version of PostgreSQL is 17.
2026-07-28 08:49:27 - Successfully validated 21 migrations (execution time 00:00.608s)
2026-07-28 08:49:29 - Current version of schema "public": 021
2026-07-28 08:49:29 - Schema "public" is up to date. No migration necessary.
2026-07-28 08:49:30 - HHH000204: Processing PersistenceUnitInfo [name: default]
2026-07-28 08:49:30 - HHH000026: Second-level cache disabled
2026-07-28 08:49:30 - No LoadTimeWeaver setup: ignoring JPA class transformer
2026-07-28 08:49:30 - HHH90000025: PostgreSQLDialect does not need to be specified explicitly using 'hibernate.dialect' (remove the property setting and it will be selected by default)
2026-07-28 08:49:31 - HHH10001005: Database info:
	Database JDBC URL [Connecting through datasource 'HikariDataSource (HikariPool-16)']
	Database driver: undefined/unknown
	Database version: 18.4
	Autocommit mode: undefined/unknown
	Isolation level: undefined/unknown
	Minimum pool size: undefined/unknown
	Maximum pool size: undefined/unknown
2026-07-28 08:49:32 - HHH000489: No JTA platform available (set 'hibernate.transaction.jta.platform' to enable JTA platform integration)
2026-07-28 08:49:33 - Initialized JPA EntityManagerFactory for persistence unit 'default'
2026-07-28 08:49:33 - Filter 'jwtAuthenticationFilter' configured for use
2026-07-28 08:49:35 - DecisionEngine initialized with 3 strategies
2026-07-28 08:49:35 - ActionDispatcher initialized with 14 executors
2026-07-28 08:49:36 - Exception encountered during context initialization - cancelling refresh attempt: org.springframework.beans.factory.BeanCreationException: Error creating bean with name 'productImportService': Lookup method resolution failed
2026-07-28 08:49:36 - Closing JPA EntityManagerFactory for persistence unit 'default'
2026-07-28 08:49:36 - HikariPool-16 - Shutdown initiated...
2026-07-28 08:49:37 - HikariPool-16 - Shutdown completed.
2026-07-28 08:49:37 - Stopping service [Tomcat]
2026-07-28 08:49:37 - 

Error starting ApplicationContext. To display the condition evaluation report re-run your application with 'debug' enabled.
2026-07-28 08:49:37 - Application run failed
org.springframework.beans.factory.BeanCreationException: Error creating bean with name 'productImportService': Lookup method resolution failed
	at org.springframework.beans.factory.annotation.AutowiredAnnotationBeanPostProcessor.checkLookupMethods(AutowiredAnnotationBeanPostProcessor.java:498) ~[spring-beans-6.2.5.jar:6.2.5]
	at org.springframework.beans.factory.annotation.AutowiredAnnotationBeanPostProcessor.determineCandidateConstructors(AutowiredAnnotationBeanPostProcessor.java:368) ~[spring-beans-6.2.5.jar:6.2.5]
	at org.springframework.beans.factory.support.AbstractAutowireCapableBeanFactory.determineConstructorsFromBeanPostProcessors(AbstractAutowireCapableBeanFactory.java:1320) ~[spring-beans-6.2.5.jar:6.2.5]
	at org.springframework.beans.factory.support.AbstractAutowireCapableBeanFactory.createBeanInstance(AbstractAutowireCapableBeanFactory.java:1215) ~[spring-beans-6.2.5.jar:6.2.5]
	at org.springframework.beans.factory.support.AbstractAutowireCapableBeanFactory.doCreateBean(AbstractAutowireCapableBeanFactory.java:563) ~[spring-beans-6.2.5.jar:6.2.5]
	at org.springframework.beans.factory.support.AbstractAutowireCapableBeanFactory.createBean(AbstractAutowireCapableBeanFactory.java:523) ~[spring-beans-6.2.5.jar:6.2.5]
	at org.springframework.beans.factory.support.AbstractBeanFactory.lambda$doGetBean$0(AbstractBeanFactory.java:339) ~[spring-beans-6.2.5.jar:6.2.5]
	at org.springframework.beans.factory.support.DefaultSingletonBeanRegistry.getSingleton(DefaultSingletonBeanRegistry.java:347) ~[spring-beans-6.2.5.jar:6.2.5]
	at org.springframework.beans.factory.support.AbstractBeanFactory.doGetBean(AbstractBeanFactory.java:337) ~[spring-beans-6.2.5.jar:6.2.5]
	at org.springframework.beans.factory.support.AbstractBeanFactory.getBean(AbstractBeanFactory.java:202) ~[spring-beans-6.2.5.jar:6.2.5]
	at org.springframework.beans.factory.support.DefaultListableBeanFactory.instantiateSingleton(DefaultListableBeanFactory.java:1155) ~[spring-beans-6.2.5.jar:6.2.5]
	at org.springframework.beans.factory.support.DefaultListableBeanFactory.preInstantiateSingleton(DefaultListableBeanFactory.java:1121) ~[spring-beans-6.2.5.jar:6.2.5]
	at org.springframework.beans.factory.support.DefaultListableBeanFactory.preInstantiateSingletons(DefaultListableBeanFactory.java:1056) ~[spring-beans-6.2.5.jar:6.2.5]
	at org.springframework.context.support.AbstractApplicationContext.finishBeanFactoryInitialization(AbstractApplicationContext.java:987) ~[spring-context-6.2.5.jar:6.2.5]
	at org.springframework.context.support.AbstractApplicationContext.refresh(AbstractApplicationContext.java:627) ~[spring-context-6.2.5.jar:6.2.5]
	at org.springframework.boot.web.servlet.context.ServletWebServerApplicationContext.refresh(ServletWebServerApplicationContext.java:146) ~[spring-boot-3.4.4.jar:3.4.4]
	at org.springframework.boot.SpringApplication.refresh(SpringApplication.java:752) ~[spring-boot-3.4.4.jar:3.4.4]
	at org.springframework.boot.SpringApplication.refreshContext(SpringApplication.java:439) ~[spring-boot-3.4.4.jar:3.4.4]
	at org.springframework.boot.SpringApplication.run(SpringApplication.java:318) ~[spring-boot-3.4.4.jar:3.4.4]
	at org.springframework.boot.SpringApplication.run(SpringApplication.java:1361) ~[spring-boot-3.4.4.jar:3.4.4]
	at org.springframework.boot.SpringApplication.run(SpringApplication.java:1350) ~[spring-boot-3.4.4.jar:3.4.4]
	at com.iquenobot.IquenobotApplication.main(IquenobotApplication.java:19) ~[classes/:na]
	at java.base/jdk.internal.reflect.DirectMethodHandleAccessor.invoke(DirectMethodHandleAccessor.java:103) ~[na:na]
	at java.base/java.lang.reflect.Method.invoke(Method.java:580) ~[na:na]
	at org.springframework.boot.devtools.restart.RestartLauncher.run(RestartLauncher.java:50) ~[spring-boot-devtools-3.4.4.jar:3.4.4]
Caused by: java.lang.IllegalStateException: Failed to introspect Class [com.iquenobot.product.application.ProductImportService] from ClassLoader [org.springframework.boot.devtools.restart.classloader.RestartClassLoader@21a1970d]
	at org.springframework.util.ReflectionUtils.getDeclaredMethods(ReflectionUtils.java:483) ~[spring-core-6.2.5.jar:6.2.5]
	at org.springframework.util.ReflectionUtils.doWithLocalMethods(ReflectionUtils.java:320) ~[spring-core-6.2.5.jar:6.2.5]
	at org.springframework.beans.factory.annotation.AutowiredAnnotationBeanPostProcessor.checkLookupMethods(AutowiredAnnotationBeanPostProcessor.java:476) ~[spring-beans-6.2.5.jar:6.2.5]
	... 24 common frames omitted
Caused by: java.lang.NoClassDefFoundError: org/apache/poi/ss/usermodel/Workbook
	at java.base/java.lang.Class.getDeclaredMethods0(Native Method) ~[na:na]
	at java.base/java.lang.Class.privateGetDeclaredMethods(Class.java:3580) ~[na:na]
	at java.base/java.lang.Class.getDeclaredMethods(Class.java:2678) ~[na:na]
	at org.springframework.util.ReflectionUtils.getDeclaredMethods(ReflectionUtils.java:465) ~[spring-core-6.2.5.jar:6.2.5]
	... 26 common frames omitted
Caused by: java.lang.ClassNotFoundException: org.apache.poi.ss.usermodel.Workbook
	at java.base/jdk.internal.loader.BuiltinClassLoader.loadClass(BuiltinClassLoader.java:641) ~[na:na]
	at java.base/jdk.internal.loader.ClassLoaders$AppClassLoader.loadClass(ClassLoaders.java:188) ~[na:na]
	at java.base/java.lang.ClassLoader.loadClass(ClassLoader.java:526) ~[na:na]
	at java.base/java.lang.Class.forName0(Native Method) ~[na:na]
	at java.base/java.lang.Class.forName(Class.java:536) ~[na:na]
	at java.base/java.lang.Class.forName(Class.java:515) ~[na:na]
	at org.springframework.boot.devtools.restart.classloader.RestartClassLoader.loadClass(RestartClassLoader.java:121) ~[spring-boot-devtools-3.4.4.jar:3.4.4]
	at java.base/java.lang.ClassLoader.loadClass(ClassLoader.java:526) ~[na:na]
	... 30 common frames omitted

  .   ____          _            __ _ _
 /\\ / ___'_ __ _ _(_)_ __  __ _ \ \ \ \
( ( )\___ | '_ | '_| | '_ \/ _` | \ \ \ \
 \\/  ___)| |_)| | | | | || (_| |  ) ) ) )
  '  |____| .__|_| |_|_| |_\__, | / / / /
 =========|_|==============|___/=/_/_/_/

 :: Spring Boot ::                (v3.4.4)

2026-07-28 08:49:39 - Starting IquenobotApplication using Java 21.0.11 with PID 20952 (C:\Users\luisv\Downloads\iquenobot\target\classes started by luisv in C:\Users\luisv\Downloads\iquenobot)
2026-07-28 08:49:39 - Running with Spring Boot v3.4.4, Spring v6.2.5
2026-07-28 08:49:39 - The following 1 profile is active: "dev"
2026-07-28 08:49:41 - Bootstrapping Spring Data JPA repositories in DEFAULT mode.
2026-07-28 08:49:41 - Finished Spring Data repository scanning in 602 ms. Found 18 JPA repository interfaces.
2026-07-28 08:49:42 - Tomcat initialized with port 8085 (http)
2026-07-28 08:49:42 - Starting service [Tomcat]
2026-07-28 08:49:42 - Starting Servlet engine: [Apache Tomcat/10.1.39]
2026-07-28 08:49:43 - Initializing Spring embedded WebApplicationContext
2026-07-28 08:49:43 - Root WebApplicationContext: initialization completed in 3593 ms
2026-07-28 08:49:43 - HikariPool-17 - Starting...
2026-07-28 08:49:44 - HikariPool-17 - Added connection org.postgresql.jdbc.PgConnection@71b2b1a5
2026-07-28 08:49:44 - HikariPool-17 - Start completed.
2026-07-28 08:49:45 - Database: jdbc:postgresql://ep-delicate-bird-axk10rcp-pooler.c-4.us-east-2.aws.neon.tech:5432/neondb?sslmode=require (PostgreSQL 18.4)
2026-07-28 08:49:46 - Flyway upgrade recommended: PostgreSQL 18.4 is newer than this version of Flyway and support has not been tested. The latest supported version of PostgreSQL is 17.
2026-07-28 08:49:47 - Successfully validated 21 migrations (execution time 00:00.637s)
2026-07-28 08:49:49 - Current version of schema "public": 021
2026-07-28 08:49:49 - Schema "public" is up to date. No migration necessary.
2026-07-28 08:49:50 - HHH000204: Processing PersistenceUnitInfo [name: default]
2026-07-28 08:49:50 - HHH000026: Second-level cache disabled
2026-07-28 08:49:50 - No LoadTimeWeaver setup: ignoring JPA class transformer
2026-07-28 08:49:50 - HHH90000025: PostgreSQLDialect does not need to be specified explicitly using 'hibernate.dialect' (remove the property setting and it will be selected by default)
2026-07-28 08:49:51 - HHH10001005: Database info:
	Database JDBC URL [Connecting through datasource 'HikariDataSource (HikariPool-17)']
	Database driver: undefined/unknown
	Database version: 18.4
	Autocommit mode: undefined/unknown
	Isolation level: undefined/unknown
	Minimum pool size: undefined/unknown
	Maximum pool size: undefined/unknown
2026-07-28 08:49:52 - HHH000489: No JTA platform available (set 'hibernate.transaction.jta.platform' to enable JTA platform integration)
2026-07-28 08:49:53 - Initialized JPA EntityManagerFactory for persistence unit 'default'
2026-07-28 08:49:53 - Filter 'jwtAuthenticationFilter' configured for use
2026-07-28 08:49:55 - DecisionEngine initialized with 3 strategies
2026-07-28 08:49:55 - ActionDispatcher initialized with 14 executors
2026-07-28 08:49:56 - Exception encountered during context initialization - cancelling refresh attempt: org.springframework.beans.factory.BeanCreationException: Error creating bean with name 'productImportService': Lookup method resolution failed
2026-07-28 08:49:56 - Closing JPA EntityManagerFactory for persistence unit 'default'
2026-07-28 08:49:56 - HikariPool-17 - Shutdown initiated...
2026-07-28 08:49:57 - HikariPool-17 - Shutdown completed.
2026-07-28 08:49:57 - Stopping service [Tomcat]
2026-07-28 08:49:57 - 

Error starting ApplicationContext. To display the condition evaluation report re-run your application with 'debug' enabled.
2026-07-28 08:49:57 - Application run failed
org.springframework.beans.factory.BeanCreationException: Error creating bean with name 'productImportService': Lookup method resolution failed
	at org.springframework.beans.factory.annotation.AutowiredAnnotationBeanPostProcessor.checkLookupMethods(AutowiredAnnotationBeanPostProcessor.java:498) ~[spring-beans-6.2.5.jar:6.2.5]
	at org.springframework.beans.factory.annotation.AutowiredAnnotationBeanPostProcessor.determineCandidateConstructors(AutowiredAnnotationBeanPostProcessor.java:368) ~[spring-beans-6.2.5.jar:6.2.5]
	at org.springframework.beans.factory.support.AbstractAutowireCapableBeanFactory.determineConstructorsFromBeanPostProcessors(AbstractAutowireCapableBeanFactory.java:1320) ~[spring-beans-6.2.5.jar:6.2.5]
	at org.springframework.beans.factory.support.AbstractAutowireCapableBeanFactory.createBeanInstance(AbstractAutowireCapableBeanFactory.java:1215) ~[spring-beans-6.2.5.jar:6.2.5]
	at org.springframework.beans.factory.support.AbstractAutowireCapableBeanFactory.doCreateBean(AbstractAutowireCapableBeanFactory.java:563) ~[spring-beans-6.2.5.jar:6.2.5]
	at org.springframework.beans.factory.support.AbstractAutowireCapableBeanFactory.createBean(AbstractAutowireCapableBeanFactory.java:523) ~[spring-beans-6.2.5.jar:6.2.5]
	at org.springframework.beans.factory.support.AbstractBeanFactory.lambda$doGetBean$0(AbstractBeanFactory.java:339) ~[spring-beans-6.2.5.jar:6.2.5]
	at org.springframework.beans.factory.support.DefaultSingletonBeanRegistry.getSingleton(DefaultSingletonBeanRegistry.java:347) ~[spring-beans-6.2.5.jar:6.2.5]
	at org.springframework.beans.factory.support.AbstractBeanFactory.doGetBean(AbstractBeanFactory.java:337) ~[spring-beans-6.2.5.jar:6.2.5]
	at org.springframework.beans.factory.support.AbstractBeanFactory.getBean(AbstractBeanFactory.java:202) ~[spring-beans-6.2.5.jar:6.2.5]
	at org.springframework.beans.factory.support.DefaultListableBeanFactory.instantiateSingleton(DefaultListableBeanFactory.java:1155) ~[spring-beans-6.2.5.jar:6.2.5]
	at org.springframework.beans.factory.support.DefaultListableBeanFactory.preInstantiateSingleton(DefaultListableBeanFactory.java:1121) ~[spring-beans-6.2.5.jar:6.2.5]
	at org.springframework.beans.factory.support.DefaultListableBeanFactory.preInstantiateSingletons(DefaultListableBeanFactory.java:1056) ~[spring-beans-6.2.5.jar:6.2.5]
	at org.springframework.context.support.AbstractApplicationContext.finishBeanFactoryInitialization(AbstractApplicationContext.java:987) ~[spring-context-6.2.5.jar:6.2.5]
	at org.springframework.context.support.AbstractApplicationContext.refresh(AbstractApplicationContext.java:627) ~[spring-context-6.2.5.jar:6.2.5]
	at org.springframework.boot.web.servlet.context.ServletWebServerApplicationContext.refresh(ServletWebServerApplicationContext.java:146) ~[spring-boot-3.4.4.jar:3.4.4]
	at org.springframework.boot.SpringApplication.refresh(SpringApplication.java:752) ~[spring-boot-3.4.4.jar:3.4.4]
	at org.springframework.boot.SpringApplication.refreshContext(SpringApplication.java:439) ~[spring-boot-3.4.4.jar:3.4.4]
	at org.springframework.boot.SpringApplication.run(SpringApplication.java:318) ~[spring-boot-3.4.4.jar:3.4.4]
	at org.springframework.boot.SpringApplication.run(SpringApplication.java:1361) ~[spring-boot-3.4.4.jar:3.4.4]
	at org.springframework.boot.SpringApplication.run(SpringApplication.java:1350) ~[spring-boot-3.4.4.jar:3.4.4]
	at com.iquenobot.IquenobotApplication.main(IquenobotApplication.java:19) ~[classes/:na]
	at java.base/jdk.internal.reflect.DirectMethodHandleAccessor.invoke(DirectMethodHandleAccessor.java:103) ~[na:na]
	at java.base/java.lang.reflect.Method.invoke(Method.java:580) ~[na:na]
	at org.springframework.boot.devtools.restart.RestartLauncher.run(RestartLauncher.java:50) ~[spring-boot-devtools-3.4.4.jar:3.4.4]
Caused by: java.lang.IllegalStateException: Failed to introspect Class [com.iquenobot.product.application.ProductImportService] from ClassLoader [org.springframework.boot.devtools.restart.classloader.RestartClassLoader@33560283]
	at org.springframework.util.ReflectionUtils.getDeclaredMethods(ReflectionUtils.java:483) ~[spring-core-6.2.5.jar:6.2.5]
	at org.springframework.util.ReflectionUtils.doWithLocalMethods(ReflectionUtils.java:320) ~[spring-core-6.2.5.jar:6.2.5]
	at org.springframework.beans.factory.annotation.AutowiredAnnotationBeanPostProcessor.checkLookupMethods(AutowiredAnnotationBeanPostProcessor.java:476) ~[spring-beans-6.2.5.jar:6.2.5]
	... 24 common frames omitted
Caused by: java.lang.NoClassDefFoundError: org/apache/poi/ss/usermodel/Workbook
	at java.base/java.lang.Class.getDeclaredMethods0(Native Method) ~[na:na]
	at java.base/java.lang.Class.privateGetDeclaredMethods(Class.java:3580) ~[na:na]
	at java.base/java.lang.Class.getDeclaredMethods(Class.java:2678) ~[na:na]
	at org.springframework.util.ReflectionUtils.getDeclaredMethods(ReflectionUtils.java:465) ~[spring-core-6.2.5.jar:6.2.5]
	... 26 common frames omitted
Caused by: java.lang.ClassNotFoundException: org.apache.poi.ss.usermodel.Workbook
	at java.base/jdk.internal.loader.BuiltinClassLoader.loadClass(BuiltinClassLoader.java:641) ~[na:na]
	at java.base/jdk.internal.loader.ClassLoaders$AppClassLoader.loadClass(ClassLoaders.java:188) ~[na:na]
	at java.base/java.lang.ClassLoader.loadClass(ClassLoader.java:526) ~[na:na]
	at java.base/java.lang.Class.forName0(Native Method) ~[na:na]
	at java.base/java.lang.Class.forName(Class.java:536) ~[na:na]
	at java.base/java.lang.Class.forName(Class.java:515) ~[na:na]
	at org.springframework.boot.devtools.restart.classloader.RestartClassLoader.loadClass(RestartClassLoader.java:121) ~[spring-boot-devtools-3.4.4.jar:3.4.4]
	at java.base/java.lang.ClassLoader.loadClass(ClassLoader.java:526) ~[na:na]
	... 30 common frames omitted

  .   ____          _            __ _ _
 /\\ / ___'_ __ _ _(_)_ __  __ _ \ \ \ \
( ( )\___ | '_ | '_| | '_ \/ _` | \ \ \ \
 \\/  ___)| |_)| | | | | || (_| |  ) ) ) )
  '  |____| .__|_| |_|_| |_\__, | / / / /
 =========|_|==============|___/=/_/_/_/

 :: Spring Boot ::                (v3.4.4)

2026-07-28 08:50:00 - Starting IquenobotApplication using Java 21.0.11 with PID 20952 (C:\Users\luisv\Downloads\iquenobot\target\classes started by luisv in C:\Users\luisv\Downloads\iquenobot)
2026-07-28 08:50:00 - Running with Spring Boot v3.4.4, Spring v6.2.5
2026-07-28 08:50:00 - The following 1 profile is active: "dev"
2026-07-28 08:50:02 - Bootstrapping Spring Data JPA repositories in DEFAULT mode.
2026-07-28 08:50:03 - Finished Spring Data repository scanning in 595 ms. Found 18 JPA repository interfaces.
2026-07-28 08:50:04 - Tomcat initialized with port 8085 (http)
2026-07-28 08:50:04 - Starting service [Tomcat]
2026-07-28 08:50:04 - Starting Servlet engine: [Apache Tomcat/10.1.39]
2026-07-28 08:50:04 - Initializing Spring embedded WebApplicationContext
2026-07-28 08:50:04 - Root WebApplicationContext: initialization completed in 4384 ms
2026-07-28 08:50:05 - HikariPool-18 - Starting...
2026-07-28 08:50:07 - HikariPool-18 - Added connection org.postgresql.jdbc.PgConnection@51abe5ae
2026-07-28 08:50:07 - HikariPool-18 - Start completed.
2026-07-28 08:50:07 - Database: jdbc:postgresql://ep-delicate-bird-axk10rcp-pooler.c-4.us-east-2.aws.neon.tech:5432/neondb?sslmode=require (PostgreSQL 18.4)
2026-07-28 08:50:08 - Flyway upgrade recommended: PostgreSQL 18.4 is newer than this version of Flyway and support has not been tested. The latest supported version of PostgreSQL is 17.
2026-07-28 08:50:09 - Successfully validated 21 migrations (execution time 00:00.642s)
2026-07-28 08:50:11 - Current version of schema "public": 021
2026-07-28 08:50:11 - Schema "public" is up to date. No migration necessary.
2026-07-28 08:50:12 - HHH000204: Processing PersistenceUnitInfo [name: default]
2026-07-28 08:50:12 - HHH000026: Second-level cache disabled
2026-07-28 08:50:12 - No LoadTimeWeaver setup: ignoring JPA class transformer
2026-07-28 08:50:12 - HHH90000025: PostgreSQLDialect does not need to be specified explicitly using 'hibernate.dialect' (remove the property setting and it will be selected by default)
2026-07-28 08:50:13 - HHH10001005: Database info:
	Database JDBC URL [Connecting through datasource 'HikariDataSource (HikariPool-18)']
	Database driver: undefined/unknown
	Database version: 18.4
	Autocommit mode: undefined/unknown
	Isolation level: undefined/unknown
	Minimum pool size: undefined/unknown
	Maximum pool size: undefined/unknown
2026-07-28 08:50:14 - HHH000489: No JTA platform available (set 'hibernate.transaction.jta.platform' to enable JTA platform integration)
2026-07-28 08:50:15 - Initialized JPA EntityManagerFactory for persistence unit 'default'
2026-07-28 08:50:15 - Filter 'jwtAuthenticationFilter' configured for use
2026-07-28 08:50:17 - DecisionEngine initialized with 3 strategies
2026-07-28 08:50:17 - ActionDispatcher initialized with 14 executors
2026-07-28 08:50:19 - Exception encountered during context initialization - cancelling refresh attempt: org.springframework.beans.factory.BeanCreationException: Error creating bean with name 'productImportService': Lookup method resolution failed
2026-07-28 08:50:19 - Closing JPA EntityManagerFactory for persistence unit 'default'
2026-07-28 08:50:19 - HikariPool-18 - Shutdown initiated...
2026-07-28 08:50:20 - HikariPool-18 - Shutdown completed.
2026-07-28 08:50:20 - Stopping service [Tomcat]
2026-07-28 08:50:20 - 

Error starting ApplicationContext. To display the condition evaluation report re-run your application with 'debug' enabled.
2026-07-28 08:50:20 - Application run failed
org.springframework.beans.factory.BeanCreationException: Error creating bean with name 'productImportService': Lookup method resolution failed
	at org.springframework.beans.factory.annotation.AutowiredAnnotationBeanPostProcessor.checkLookupMethods(AutowiredAnnotationBeanPostProcessor.java:498) ~[spring-beans-6.2.5.jar:6.2.5]
	at org.springframework.beans.factory.annotation.AutowiredAnnotationBeanPostProcessor.determineCandidateConstructors(AutowiredAnnotationBeanPostProcessor.java:368) ~[spring-beans-6.2.5.jar:6.2.5]
	at org.springframework.beans.factory.support.AbstractAutowireCapableBeanFactory.determineConstructorsFromBeanPostProcessors(AbstractAutowireCapableBeanFactory.java:1320) ~[spring-beans-6.2.5.jar:6.2.5]
	at org.springframework.beans.factory.support.AbstractAutowireCapableBeanFactory.createBeanInstance(AbstractAutowireCapableBeanFactory.java:1215) ~[spring-beans-6.2.5.jar:6.2.5]
	at org.springframework.beans.factory.support.AbstractAutowireCapableBeanFactory.doCreateBean(AbstractAutowireCapableBeanFactory.java:563) ~[spring-beans-6.2.5.jar:6.2.5]
	at org.springframework.beans.factory.support.AbstractAutowireCapableBeanFactory.createBean(AbstractAutowireCapableBeanFactory.java:523) ~[spring-beans-6.2.5.jar:6.2.5]
	at org.springframework.beans.factory.support.AbstractBeanFactory.lambda$doGetBean$0(AbstractBeanFactory.java:339) ~[spring-beans-6.2.5.jar:6.2.5]
	at org.springframework.beans.factory.support.DefaultSingletonBeanRegistry.getSingleton(DefaultSingletonBeanRegistry.java:347) ~[spring-beans-6.2.5.jar:6.2.5]
	at org.springframework.beans.factory.support.AbstractBeanFactory.doGetBean(AbstractBeanFactory.java:337) ~[spring-beans-6.2.5.jar:6.2.5]
	at org.springframework.beans.factory.support.AbstractBeanFactory.getBean(AbstractBeanFactory.java:202) ~[spring-beans-6.2.5.jar:6.2.5]
	at org.springframework.beans.factory.support.DefaultListableBeanFactory.instantiateSingleton(DefaultListableBeanFactory.java:1155) ~[spring-beans-6.2.5.jar:6.2.5]
	at org.springframework.beans.factory.support.DefaultListableBeanFactory.preInstantiateSingleton(DefaultListableBeanFactory.java:1121) ~[spring-beans-6.2.5.jar:6.2.5]
	at org.springframework.beans.factory.support.DefaultListableBeanFactory.preInstantiateSingletons(DefaultListableBeanFactory.java:1056) ~[spring-beans-6.2.5.jar:6.2.5]
	at org.springframework.context.support.AbstractApplicationContext.finishBeanFactoryInitialization(AbstractApplicationContext.java:987) ~[spring-context-6.2.5.jar:6.2.5]
	at org.springframework.context.support.AbstractApplicationContext.refresh(AbstractApplicationContext.java:627) ~[spring-context-6.2.5.jar:6.2.5]
	at org.springframework.boot.web.servlet.context.ServletWebServerApplicationContext.refresh(ServletWebServerApplicationContext.java:146) ~[spring-boot-3.4.4.jar:3.4.4]
	at org.springframework.boot.SpringApplication.refresh(SpringApplication.java:752) ~[spring-boot-3.4.4.jar:3.4.4]
	at org.springframework.boot.SpringApplication.refreshContext(SpringApplication.java:439) ~[spring-boot-3.4.4.jar:3.4.4]
	at org.springframework.boot.SpringApplication.run(SpringApplication.java:318) ~[spring-boot-3.4.4.jar:3.4.4]
	at org.springframework.boot.SpringApplication.run(SpringApplication.java:1361) ~[spring-boot-3.4.4.jar:3.4.4]
	at org.springframework.boot.SpringApplication.run(SpringApplication.java:1350) ~[spring-boot-3.4.4.jar:3.4.4]
	at com.iquenobot.IquenobotApplication.main(IquenobotApplication.java:19) ~[classes/:na]
	at java.base/jdk.internal.reflect.DirectMethodHandleAccessor.invoke(DirectMethodHandleAccessor.java:103) ~[na:na]
	at java.base/java.lang.reflect.Method.invoke(Method.java:580) ~[na:na]
	at org.springframework.boot.devtools.restart.RestartLauncher.run(RestartLauncher.java:50) ~[spring-boot-devtools-3.4.4.jar:3.4.4]
Caused by: java.lang.IllegalStateException: Failed to introspect Class [com.iquenobot.product.application.ProductImportService] from ClassLoader [org.springframework.boot.devtools.restart.classloader.RestartClassLoader@5742af4c]
	at org.springframework.util.ReflectionUtils.getDeclaredMethods(ReflectionUtils.java:483) ~[spring-core-6.2.5.jar:6.2.5]
	at org.springframework.util.ReflectionUtils.doWithLocalMethods(ReflectionUtils.java:320) ~[spring-core-6.2.5.jar:6.2.5]
	at org.springframework.beans.factory.annotation.AutowiredAnnotationBeanPostProcessor.checkLookupMethods(AutowiredAnnotationBeanPostProcessor.java:476) ~[spring-beans-6.2.5.jar:6.2.5]
	... 24 common frames omitted
Caused by: java.lang.NoClassDefFoundError: org/apache/poi/ss/usermodel/Workbook
	at java.base/java.lang.Class.getDeclaredMethods0(Native Method) ~[na:na]
	at java.base/java.lang.Class.privateGetDeclaredMethods(Class.java:3580) ~[na:na]
	at java.base/java.lang.Class.getDeclaredMethods(Class.java:2678) ~[na:na]
	at org.springframework.util.ReflectionUtils.getDeclaredMethods(ReflectionUtils.java:465) ~[spring-core-6.2.5.jar:6.2.5]
	... 26 common frames omitted
Caused by: java.lang.ClassNotFoundException: org.apache.poi.ss.usermodel.Workbook
	at java.base/jdk.internal.loader.BuiltinClassLoader.loadClass(BuiltinClassLoader.java:641) ~[na:na]
	at java.base/jdk.internal.loader.ClassLoaders$AppClassLoader.loadClass(ClassLoaders.java:188) ~[na:na]
	at java.base/java.lang.ClassLoader.loadClass(ClassLoader.java:526) ~[na:na]
	at java.base/java.lang.Class.forName0(Native Method) ~[na:na]
	at java.base/java.lang.Class.forName(Class.java:536) ~[na:na]
	at java.base/java.lang.Class.forName(Class.java:515) ~[na:na]
	at org.springframework.boot.devtools.restart.classloader.RestartClassLoader.loadClass(RestartClassLoader.java:121) ~[spring-boot-devtools-3.4.4.jar:3.4.4]
	at java.base/java.lang.ClassLoader.loadClass(ClassLoader.java:526) ~[na:na]
	... 30 common frames omitted

  .   ____          _            __ _ _
 /\\ / ___'_ __ _ _(_)_ __  __ _ \ \ \ \
( ( )\___ | '_ | '_| | '_ \/ _` | \ \ \ \
 \\/  ___)| |_)| | | | | || (_| |  ) ) ) )
  '  |____| .__|_| |_|_| |_\__, | / / / /
 =========|_|==============|___/=/_/_/_/

 :: Spring Boot ::                (v3.4.4)

2026-07-28 09:10:40 - Starting IquenobotApplication using Java 21.0.11 with PID 20952 (C:\Users\luisv\Downloads\iquenobot\target\classes started by luisv in C:\Users\luisv\Downloads\iquenobot)
2026-07-28 09:10:40 - Running with Spring Boot v3.4.4, Spring v6.2.5
2026-07-28 09:10:40 - The following 1 profile is active: "dev"
2026-07-28 09:10:43 - Bootstrapping Spring Data JPA repositories in DEFAULT mode.
2026-07-28 09:10:43 - Finished Spring Data repository scanning in 565 ms. Found 18 JPA repository interfaces.
2026-07-28 09:10:45 - Tomcat initialized with port 8085 (http)
2026-07-28 09:10:45 - Starting service [Tomcat]
2026-07-28 09:10:45 - Starting Servlet engine: [Apache Tomcat/10.1.39]
2026-07-28 09:10:45 - Initializing Spring embedded WebApplicationContext
2026-07-28 09:10:46 - Root WebApplicationContext: initialization completed in 5402 ms
2026-07-28 09:10:46 - HikariPool-19 - Starting...
2026-07-28 09:10:50 - HikariPool-19 - Added connection org.postgresql.jdbc.PgConnection@26b941b4
2026-07-28 09:10:50 - HikariPool-19 - Start completed.
2026-07-28 09:10:50 - Database: jdbc:postgresql://ep-delicate-bird-axk10rcp-pooler.c-4.us-east-2.aws.neon.tech:5432/neondb?sslmode=require (PostgreSQL 18.4)
2026-07-28 09:10:52 - Flyway upgrade recommended: PostgreSQL 18.4 is newer than this version of Flyway and support has not been tested. The latest supported version of PostgreSQL is 17.
2026-07-28 09:10:52 - Successfully validated 21 migrations (execution time 00:00.670s)
2026-07-28 09:10:55 - Current version of schema "public": 021
2026-07-28 09:10:55 - Schema "public" is up to date. No migration necessary.
2026-07-28 09:10:56 - HHH000204: Processing PersistenceUnitInfo [name: default]
2026-07-28 09:10:56 - HHH000026: Second-level cache disabled
2026-07-28 09:10:56 - No LoadTimeWeaver setup: ignoring JPA class transformer
2026-07-28 09:10:56 - HHH90000025: PostgreSQLDialect does not need to be specified explicitly using 'hibernate.dialect' (remove the property setting and it will be selected by default)
2026-07-28 09:10:56 - HHH10001005: Database info:
	Database JDBC URL [Connecting through datasource 'HikariDataSource (HikariPool-19)']
	Database driver: undefined/unknown
	Database version: 18.4
	Autocommit mode: undefined/unknown
	Isolation level: undefined/unknown
	Minimum pool size: undefined/unknown
	Maximum pool size: undefined/unknown
2026-07-28 09:10:58 - HHH000489: No JTA platform available (set 'hibernate.transaction.jta.platform' to enable JTA platform integration)
2026-07-28 09:10:59 - Initialized JPA EntityManagerFactory for persistence unit 'default'
2026-07-28 09:10:59 - Filter 'jwtAuthenticationFilter' configured for use
2026-07-28 09:11:02 - DecisionEngine initialized with 3 strategies
2026-07-28 09:11:02 - ActionDispatcher initialized with 14 executors
2026-07-28 09:11:03 - Exception encountered during context initialization - cancelling refresh attempt: org.springframework.beans.factory.BeanCreationException: Error creating bean with name 'productImportService': Lookup method resolution failed
2026-07-28 09:11:03 - Closing JPA EntityManagerFactory for persistence unit 'default'
2026-07-28 09:11:03 - HikariPool-19 - Shutdown initiated...
2026-07-28 09:11:04 - HikariPool-19 - Shutdown completed.
2026-07-28 09:11:04 - Stopping service [Tomcat]
2026-07-28 09:11:04 - 

Error starting ApplicationContext. To display the condition evaluation report re-run your application with 'debug' enabled.
2026-07-28 09:11:04 - Application run failed
org.springframework.beans.factory.BeanCreationException: Error creating bean with name 'productImportService': Lookup method resolution failed
	at org.springframework.beans.factory.annotation.AutowiredAnnotationBeanPostProcessor.checkLookupMethods(AutowiredAnnotationBeanPostProcessor.java:498) ~[spring-beans-6.2.5.jar:6.2.5]
	at org.springframework.beans.factory.annotation.AutowiredAnnotationBeanPostProcessor.determineCandidateConstructors(AutowiredAnnotationBeanPostProcessor.java:368) ~[spring-beans-6.2.5.jar:6.2.5]
	at org.springframework.beans.factory.support.AbstractAutowireCapableBeanFactory.determineConstructorsFromBeanPostProcessors(AbstractAutowireCapableBeanFactory.java:1320) ~[spring-beans-6.2.5.jar:6.2.5]
	at org.springframework.beans.factory.support.AbstractAutowireCapableBeanFactory.createBeanInstance(AbstractAutowireCapableBeanFactory.java:1215) ~[spring-beans-6.2.5.jar:6.2.5]
	at org.springframework.beans.factory.support.AbstractAutowireCapableBeanFactory.doCreateBean(AbstractAutowireCapableBeanFactory.java:563) ~[spring-beans-6.2.5.jar:6.2.5]
	at org.springframework.beans.factory.support.AbstractAutowireCapableBeanFactory.createBean(AbstractAutowireCapableBeanFactory.java:523) ~[spring-beans-6.2.5.jar:6.2.5]
	at org.springframework.beans.factory.support.AbstractBeanFactory.lambda$doGetBean$0(AbstractBeanFactory.java:339) ~[spring-beans-6.2.5.jar:6.2.5]
	at org.springframework.beans.factory.support.DefaultSingletonBeanRegistry.getSingleton(DefaultSingletonBeanRegistry.java:347) ~[spring-beans-6.2.5.jar:6.2.5]
	at org.springframework.beans.factory.support.AbstractBeanFactory.doGetBean(AbstractBeanFactory.java:337) ~[spring-beans-6.2.5.jar:6.2.5]
	at org.springframework.beans.factory.support.AbstractBeanFactory.getBean(AbstractBeanFactory.java:202) ~[spring-beans-6.2.5.jar:6.2.5]
	at org.springframework.beans.factory.support.DefaultListableBeanFactory.instantiateSingleton(DefaultListableBeanFactory.java:1155) ~[spring-beans-6.2.5.jar:6.2.5]
	at org.springframework.beans.factory.support.DefaultListableBeanFactory.preInstantiateSingleton(DefaultListableBeanFactory.java:1121) ~[spring-beans-6.2.5.jar:6.2.5]
	at org.springframework.beans.factory.support.DefaultListableBeanFactory.preInstantiateSingletons(DefaultListableBeanFactory.java:1056) ~[spring-beans-6.2.5.jar:6.2.5]
	at org.springframework.context.support.AbstractApplicationContext.finishBeanFactoryInitialization(AbstractApplicationContext.java:987) ~[spring-context-6.2.5.jar:6.2.5]
	at org.springframework.context.support.AbstractApplicationContext.refresh(AbstractApplicationContext.java:627) ~[spring-context-6.2.5.jar:6.2.5]
	at org.springframework.boot.web.servlet.context.ServletWebServerApplicationContext.refresh(ServletWebServerApplicationContext.java:146) ~[spring-boot-3.4.4.jar:3.4.4]
	at org.springframework.boot.SpringApplication.refresh(SpringApplication.java:752) ~[spring-boot-3.4.4.jar:3.4.4]
	at org.springframework.boot.SpringApplication.refreshContext(SpringApplication.java:439) ~[spring-boot-3.4.4.jar:3.4.4]
	at org.springframework.boot.SpringApplication.run(SpringApplication.java:318) ~[spring-boot-3.4.4.jar:3.4.4]
	at org.springframework.boot.SpringApplication.run(SpringApplication.java:1361) ~[spring-boot-3.4.4.jar:3.4.4]
	at org.springframework.boot.SpringApplication.run(SpringApplication.java:1350) ~[spring-boot-3.4.4.jar:3.4.4]
	at com.iquenobot.IquenobotApplication.main(IquenobotApplication.java:19) ~[classes/:na]
	at java.base/jdk.internal.reflect.DirectMethodHandleAccessor.invoke(DirectMethodHandleAccessor.java:103) ~[na:na]
	at java.base/java.lang.reflect.Method.invoke(Method.java:580) ~[na:na]
	at org.springframework.boot.devtools.restart.RestartLauncher.run(RestartLauncher.java:50) ~[spring-boot-devtools-3.4.4.jar:3.4.4]
Caused by: java.lang.IllegalStateException: Failed to introspect Class [com.iquenobot.product.application.ProductImportService] from ClassLoader [org.springframework.boot.devtools.restart.classloader.RestartClassLoader@7218d1c1]
	at org.springframework.util.ReflectionUtils.getDeclaredMethods(ReflectionUtils.java:483) ~[spring-core-6.2.5.jar:6.2.5]
	at org.springframework.util.ReflectionUtils.doWithLocalMethods(ReflectionUtils.java:320) ~[spring-core-6.2.5.jar:6.2.5]
	at org.springframework.beans.factory.annotation.AutowiredAnnotationBeanPostProcessor.checkLookupMethods(AutowiredAnnotationBeanPostProcessor.java:476) ~[spring-beans-6.2.5.jar:6.2.5]
	... 24 common frames omitted
Caused by: java.lang.NoClassDefFoundError: org/apache/poi/ss/usermodel/Workbook
	at java.base/java.lang.Class.getDeclaredMethods0(Native Method) ~[na:na]
	at java.base/java.lang.Class.privateGetDeclaredMethods(Class.java:3580) ~[na:na]
	at java.base/java.lang.Class.getDeclaredMethods(Class.java:2678) ~[na:na]
	at org.springframework.util.ReflectionUtils.getDeclaredMethods(ReflectionUtils.java:465) ~[spring-core-6.2.5.jar:6.2.5]
	... 26 common frames omitted
Caused by: java.lang.ClassNotFoundException: org.apache.poi.ss.usermodel.Workbook
	at java.base/jdk.internal.loader.BuiltinClassLoader.loadClass(BuiltinClassLoader.java:641) ~[na:na]
	at java.base/jdk.internal.loader.ClassLoaders$AppClassLoader.loadClass(ClassLoaders.java:188) ~[na:na]
	at java.base/java.lang.ClassLoader.loadClass(ClassLoader.java:526) ~[na:na]
	at java.base/java.lang.Class.forName0(Native Method) ~[na:na]
	at java.base/java.lang.Class.forName(Class.java:536) ~[na:na]
	at java.base/java.lang.Class.forName(Class.java:515) ~[na:na]
	at org.springframework.boot.devtools.restart.classloader.RestartClassLoader.loadClass(RestartClassLoader.java:121) ~[spring-boot-devtools-3.4.4.jar:3.4.4]
	at java.base/java.lang.ClassLoader.loadClass(ClassLoader.java:526) ~[na:na]
	... 30 common frames omitted

  .   ____          _            __ _ _
 /\\ / ___'_ __ _ _(_)_ __  __ _ \ \ \ \
( ( )\___ | '_ | '_| | '_ \/ _` | \ \ \ \
 \\/  ___)| |_)| | | | | || (_| |  ) ) ) )
  '  |____| .__|_| |_|_| |_\__, | / / / /
 =========|_|==============|___/=/_/_/_/

 :: Spring Boot ::                (v3.4.4)

2026-07-28 09:11:39 - Starting IquenobotApplication using Java 21.0.11 with PID 20952 (C:\Users\luisv\Downloads\iquenobot\target\classes started by luisv in C:\Users\luisv\Downloads\iquenobot)
2026-07-28 09:11:39 - Running with Spring Boot v3.4.4, Spring v6.2.5
2026-07-28 09:11:39 - The following 1 profile is active: "dev"
2026-07-28 09:11:42 - Bootstrapping Spring Data JPA repositories in DEFAULT mode.
2026-07-28 09:11:42 - Finished Spring Data repository scanning in 506 ms. Found 18 JPA repository interfaces.
2026-07-28 09:11:44 - Tomcat initialized with port 8085 (http)
2026-07-28 09:11:44 - Starting service [Tomcat]
2026-07-28 09:11:44 - Starting Servlet engine: [Apache Tomcat/10.1.39]
2026-07-28 09:11:44 - Initializing Spring embedded WebApplicationContext
2026-07-28 09:11:44 - Root WebApplicationContext: initialization completed in 4703 ms
2026-07-28 09:11:44 - HikariPool-20 - Starting...
2026-07-28 09:11:46 - HikariPool-20 - Added connection org.postgresql.jdbc.PgConnection@10c40f70
2026-07-28 09:11:46 - HikariPool-20 - Start completed.
2026-07-28 09:11:46 - Database: jdbc:postgresql://ep-delicate-bird-axk10rcp-pooler.c-4.us-east-2.aws.neon.tech:5432/neondb?sslmode=require (PostgreSQL 18.4)
2026-07-28 09:11:47 - Flyway upgrade recommended: PostgreSQL 18.4 is newer than this version of Flyway and support has not been tested. The latest supported version of PostgreSQL is 17.
2026-07-28 09:11:48 - Successfully validated 21 migrations (execution time 00:00.756s)
2026-07-28 09:11:51 - Current version of schema "public": 021
2026-07-28 09:11:51 - Schema "public" is up to date. No migration necessary.
2026-07-28 09:11:52 - HHH000204: Processing PersistenceUnitInfo [name: default]
2026-07-28 09:11:52 - HHH000026: Second-level cache disabled
2026-07-28 09:11:52 - No LoadTimeWeaver setup: ignoring JPA class transformer
2026-07-28 09:11:52 - HHH90000025: PostgreSQLDialect does not need to be specified explicitly using 'hibernate.dialect' (remove the property setting and it will be selected by default)
2026-07-28 09:11:53 - HHH10001005: Database info:
	Database JDBC URL [Connecting through datasource 'HikariDataSource (HikariPool-20)']
	Database driver: undefined/unknown
	Database version: 18.4
	Autocommit mode: undefined/unknown
	Isolation level: undefined/unknown
	Minimum pool size: undefined/unknown
	Maximum pool size: undefined/unknown
2026-07-28 09:11:54 - HHH000489: No JTA platform available (set 'hibernate.transaction.jta.platform' to enable JTA platform integration)
2026-07-28 09:11:55 - Initialized JPA EntityManagerFactory for persistence unit 'default'
2026-07-28 09:11:55 - Filter 'jwtAuthenticationFilter' configured for use
2026-07-28 09:11:57 - DecisionEngine initialized with 3 strategies
2026-07-28 09:11:58 - ActionDispatcher initialized with 14 executors
2026-07-28 09:12:00 - Exception encountered during context initialization - cancelling refresh attempt: org.springframework.beans.factory.BeanCreationException: Error creating bean with name 'productImportService': Lookup method resolution failed
2026-07-28 09:12:00 - Closing JPA EntityManagerFactory for persistence unit 'default'
2026-07-28 09:12:00 - HikariPool-20 - Shutdown initiated...
2026-07-28 09:12:01 - HikariPool-20 - Shutdown completed.
2026-07-28 09:12:01 - Stopping service [Tomcat]
2026-07-28 09:12:01 - 

Error starting ApplicationContext. To display the condition evaluation report re-run your application with 'debug' enabled.
2026-07-28 09:12:01 - Application run failed
org.springframework.beans.factory.BeanCreationException: Error creating bean with name 'productImportService': Lookup method resolution failed
	at org.springframework.beans.factory.annotation.AutowiredAnnotationBeanPostProcessor.checkLookupMethods(AutowiredAnnotationBeanPostProcessor.java:498) ~[spring-beans-6.2.5.jar:6.2.5]
	at org.springframework.beans.factory.annotation.AutowiredAnnotationBeanPostProcessor.determineCandidateConstructors(AutowiredAnnotationBeanPostProcessor.java:368) ~[spring-beans-6.2.5.jar:6.2.5]
	at org.springframework.beans.factory.support.AbstractAutowireCapableBeanFactory.determineConstructorsFromBeanPostProcessors(AbstractAutowireCapableBeanFactory.java:1320) ~[spring-beans-6.2.5.jar:6.2.5]
	at org.springframework.beans.factory.support.AbstractAutowireCapableBeanFactory.createBeanInstance(AbstractAutowireCapableBeanFactory.java:1215) ~[spring-beans-6.2.5.jar:6.2.5]
	at org.springframework.beans.factory.support.AbstractAutowireCapableBeanFactory.doCreateBean(AbstractAutowireCapableBeanFactory.java:563) ~[spring-beans-6.2.5.jar:6.2.5]
	at org.springframework.beans.factory.support.AbstractAutowireCapableBeanFactory.createBean(AbstractAutowireCapableBeanFactory.java:523) ~[spring-beans-6.2.5.jar:6.2.5]
	at org.springframework.beans.factory.support.AbstractBeanFactory.lambda$doGetBean$0(AbstractBeanFactory.java:339) ~[spring-beans-6.2.5.jar:6.2.5]
	at org.springframework.beans.factory.support.DefaultSingletonBeanRegistry.getSingleton(DefaultSingletonBeanRegistry.java:347) ~[spring-beans-6.2.5.jar:6.2.5]
	at org.springframework.beans.factory.support.AbstractBeanFactory.doGetBean(AbstractBeanFactory.java:337) ~[spring-beans-6.2.5.jar:6.2.5]
	at org.springframework.beans.factory.support.AbstractBeanFactory.getBean(AbstractBeanFactory.java:202) ~[spring-beans-6.2.5.jar:6.2.5]
	at org.springframework.beans.factory.support.DefaultListableBeanFactory.instantiateSingleton(DefaultListableBeanFactory.java:1155) ~[spring-beans-6.2.5.jar:6.2.5]
	at org.springframework.beans.factory.support.DefaultListableBeanFactory.preInstantiateSingleton(DefaultListableBeanFactory.java:1121) ~[spring-beans-6.2.5.jar:6.2.5]
	at org.springframework.beans.factory.support.DefaultListableBeanFactory.preInstantiateSingletons(DefaultListableBeanFactory.java:1056) ~[spring-beans-6.2.5.jar:6.2.5]
	at org.springframework.context.support.AbstractApplicationContext.finishBeanFactoryInitialization(AbstractApplicationContext.java:987) ~[spring-context-6.2.5.jar:6.2.5]
	at org.springframework.context.support.AbstractApplicationContext.refresh(AbstractApplicationContext.java:627) ~[spring-context-6.2.5.jar:6.2.5]
	at org.springframework.boot.web.servlet.context.ServletWebServerApplicationContext.refresh(ServletWebServerApplicationContext.java:146) ~[spring-boot-3.4.4.jar:3.4.4]
	at org.springframework.boot.SpringApplication.refresh(SpringApplication.java:752) ~[spring-boot-3.4.4.jar:3.4.4]
	at org.springframework.boot.SpringApplication.refreshContext(SpringApplication.java:439) ~[spring-boot-3.4.4.jar:3.4.4]
	at org.springframework.boot.SpringApplication.run(SpringApplication.java:318) ~[spring-boot-3.4.4.jar:3.4.4]
	at org.springframework.boot.SpringApplication.run(SpringApplication.java:1361) ~[spring-boot-3.4.4.jar:3.4.4]
	at org.springframework.boot.SpringApplication.run(SpringApplication.java:1350) ~[spring-boot-3.4.4.jar:3.4.4]
	at com.iquenobot.IquenobotApplication.main(IquenobotApplication.java:19) ~[classes/:na]
	at java.base/jdk.internal.reflect.DirectMethodHandleAccessor.invoke(DirectMethodHandleAccessor.java:103) ~[na:na]
	at java.base/java.lang.reflect.Method.invoke(Method.java:580) ~[na:na]
	at org.springframework.boot.devtools.restart.RestartLauncher.run(RestartLauncher.java:50) ~[spring-boot-devtools-3.4.4.jar:3.4.4]
Caused by: java.lang.IllegalStateException: Failed to introspect Class [com.iquenobot.product.application.ProductImportService] from ClassLoader [org.springframework.boot.devtools.restart.classloader.RestartClassLoader@5f2c2970]
	at org.springframework.util.ReflectionUtils.getDeclaredMethods(ReflectionUtils.java:483) ~[spring-core-6.2.5.jar:6.2.5]
	at org.springframework.util.ReflectionUtils.doWithLocalMethods(ReflectionUtils.java:320) ~[spring-core-6.2.5.jar:6.2.5]
	at org.springframework.beans.factory.annotation.AutowiredAnnotationBeanPostProcessor.checkLookupMethods(AutowiredAnnotationBeanPostProcessor.java:476) ~[spring-beans-6.2.5.jar:6.2.5]
	... 24 common frames omitted
Caused by: java.lang.NoClassDefFoundError: org/apache/poi/ss/usermodel/Workbook
	at java.base/java.lang.Class.getDeclaredMethods0(Native Method) ~[na:na]
	at java.base/java.lang.Class.privateGetDeclaredMethods(Class.java:3580) ~[na:na]
	at java.base/java.lang.Class.getDeclaredMethods(Class.java:2678) ~[na:na]
	at org.springframework.util.ReflectionUtils.getDeclaredMethods(ReflectionUtils.java:465) ~[spring-core-6.2.5.jar:6.2.5]
	... 26 common frames omitted
Caused by: java.lang.ClassNotFoundException: org.apache.poi.ss.usermodel.Workbook
	at java.base/jdk.internal.loader.BuiltinClassLoader.loadClass(BuiltinClassLoader.java:641) ~[na:na]
	at java.base/jdk.internal.loader.ClassLoaders$AppClassLoader.loadClass(ClassLoaders.java:188) ~[na:na]
	at java.base/java.lang.ClassLoader.loadClass(ClassLoader.java:526) ~[na:na]
	at java.base/java.lang.Class.forName0(Native Method) ~[na:na]
	at java.base/java.lang.Class.forName(Class.java:536) ~[na:na]
	at java.base/java.lang.Class.forName(Class.java:515) ~[na:na]
	at org.springframework.boot.devtools.restart.classloader.RestartClassLoader.loadClass(RestartClassLoader.java:121) ~[spring-boot-devtools-3.4.4.jar:3.4.4]
	at java.base/java.lang.ClassLoader.loadClass(ClassLoader.java:526) ~[na:na]
	... 30 common frames omitted

  .   ____          _            __ _ _
 /\\ / ___'_ __ _ _(_)_ __  __ _ \ \ \ \
( ( )\___ | '_ | '_| | '_ \/ _` | \ \ \ \
 \\/  ___)| |_)| | | | | || (_| |  ) ) ) )
  '  |____| .__|_| |_|_| |_\__, | / / / /
 =========|_|==============|___/=/_/_/_/

 :: Spring Boot ::                (v3.4.4)

2026-07-28 09:12:46 - Starting IquenobotApplication using Java 21.0.11 with PID 20952 (C:\Users\luisv\Downloads\iquenobot\target\classes started by luisv in C:\Users\luisv\Downloads\iquenobot)
2026-07-28 09:12:46 - Running with Spring Boot v3.4.4, Spring v6.2.5
2026-07-28 09:12:46 - The following 1 profile is active: "dev"
2026-07-28 09:12:49 - Bootstrapping Spring Data JPA repositories in DEFAULT mode.
2026-07-28 09:12:50 - Finished Spring Data repository scanning in 580 ms. Found 18 JPA repository interfaces.
2026-07-28 09:12:51 - Tomcat initialized with port 8085 (http)
2026-07-28 09:12:51 - Starting service [Tomcat]
2026-07-28 09:12:51 - Starting Servlet engine: [Apache Tomcat/10.1.39]
2026-07-28 09:12:51 - Initializing Spring embedded WebApplicationContext
2026-07-28 09:12:51 - Root WebApplicationContext: initialization completed in 4768 ms
2026-07-28 09:12:52 - HikariPool-21 - Starting...
2026-07-28 09:12:53 - HikariPool-21 - Added connection org.postgresql.jdbc.PgConnection@31258580
2026-07-28 09:12:53 - HikariPool-21 - Start completed.
2026-07-28 09:12:53 - Database: jdbc:postgresql://ep-delicate-bird-axk10rcp-pooler.c-4.us-east-2.aws.neon.tech:5432/neondb?sslmode=require (PostgreSQL 18.4)
2026-07-28 09:12:55 - Flyway upgrade recommended: PostgreSQL 18.4 is newer than this version of Flyway and support has not been tested. The latest supported version of PostgreSQL is 17.
2026-07-28 09:12:56 - Successfully validated 21 migrations (execution time 00:00.654s)
2026-07-28 09:12:59 - Current version of schema "public": 021
2026-07-28 09:12:59 - Schema "public" is up to date. No migration necessary.
2026-07-28 09:13:00 - HHH000204: Processing PersistenceUnitInfo [name: default]
2026-07-28 09:13:00 - HHH000026: Second-level cache disabled
2026-07-28 09:13:00 - No LoadTimeWeaver setup: ignoring JPA class transformer
2026-07-28 09:13:01 - HHH90000025: PostgreSQLDialect does not need to be specified explicitly using 'hibernate.dialect' (remove the property setting and it will be selected by default)
2026-07-28 09:13:01 - HHH10001005: Database info:
	Database JDBC URL [Connecting through datasource 'HikariDataSource (HikariPool-21)']
	Database driver: undefined/unknown
	Database version: 18.4
	Autocommit mode: undefined/unknown
	Isolation level: undefined/unknown
	Minimum pool size: undefined/unknown
	Maximum pool size: undefined/unknown
2026-07-28 09:13:03 - HHH000489: No JTA platform available (set 'hibernate.transaction.jta.platform' to enable JTA platform integration)
2026-07-28 09:13:04 - Initialized JPA EntityManagerFactory for persistence unit 'default'
2026-07-28 09:13:04 - Filter 'jwtAuthenticationFilter' configured for use
2026-07-28 09:13:06 - DecisionEngine initialized with 3 strategies
2026-07-28 09:13:07 - ActionDispatcher initialized with 14 executors
2026-07-28 09:13:09 - Exception encountered during context initialization - cancelling refresh attempt: org.springframework.beans.factory.BeanCreationException: Error creating bean with name 'productImportService': Lookup method resolution failed
2026-07-28 09:13:09 - Closing JPA EntityManagerFactory for persistence unit 'default'
2026-07-28 09:13:09 - HikariPool-21 - Shutdown initiated...
2026-07-28 09:13:10 - HikariPool-21 - Shutdown completed.
2026-07-28 09:13:10 - Stopping service [Tomcat]
2026-07-28 09:13:10 - 

Error starting ApplicationContext. To display the condition evaluation report re-run your application with 'debug' enabled.
2026-07-28 09:13:10 - Application run failed
org.springframework.beans.factory.BeanCreationException: Error creating bean with name 'productImportService': Lookup method resolution failed
	at org.springframework.beans.factory.annotation.AutowiredAnnotationBeanPostProcessor.checkLookupMethods(AutowiredAnnotationBeanPostProcessor.java:498) ~[spring-beans-6.2.5.jar:6.2.5]
	at org.springframework.beans.factory.annotation.AutowiredAnnotationBeanPostProcessor.determineCandidateConstructors(AutowiredAnnotationBeanPostProcessor.java:368) ~[spring-beans-6.2.5.jar:6.2.5]
	at org.springframework.beans.factory.support.AbstractAutowireCapableBeanFactory.determineConstructorsFromBeanPostProcessors(AbstractAutowireCapableBeanFactory.java:1320) ~[spring-beans-6.2.5.jar:6.2.5]
	at org.springframework.beans.factory.support.AbstractAutowireCapableBeanFactory.createBeanInstance(AbstractAutowireCapableBeanFactory.java:1215) ~[spring-beans-6.2.5.jar:6.2.5]
	at org.springframework.beans.factory.support.AbstractAutowireCapableBeanFactory.doCreateBean(AbstractAutowireCapableBeanFactory.java:563) ~[spring-beans-6.2.5.jar:6.2.5]
	at org.springframework.beans.factory.support.AbstractAutowireCapableBeanFactory.createBean(AbstractAutowireCapableBeanFactory.java:523) ~[spring-beans-6.2.5.jar:6.2.5]
	at org.springframework.beans.factory.support.AbstractBeanFactory.lambda$doGetBean$0(AbstractBeanFactory.java:339) ~[spring-beans-6.2.5.jar:6.2.5]
	at org.springframework.beans.factory.support.DefaultSingletonBeanRegistry.getSingleton(DefaultSingletonBeanRegistry.java:347) ~[spring-beans-6.2.5.jar:6.2.5]
	at org.springframework.beans.factory.support.AbstractBeanFactory.doGetBean(AbstractBeanFactory.java:337) ~[spring-beans-6.2.5.jar:6.2.5]
	at org.springframework.beans.factory.support.AbstractBeanFactory.getBean(AbstractBeanFactory.java:202) ~[spring-beans-6.2.5.jar:6.2.5]
	at org.springframework.beans.factory.support.DefaultListableBeanFactory.instantiateSingleton(DefaultListableBeanFactory.java:1155) ~[spring-beans-6.2.5.jar:6.2.5]
	at org.springframework.beans.factory.support.DefaultListableBeanFactory.preInstantiateSingleton(DefaultListableBeanFactory.java:1121) ~[spring-beans-6.2.5.jar:6.2.5]
	at org.springframework.beans.factory.support.DefaultListableBeanFactory.preInstantiateSingletons(DefaultListableBeanFactory.java:1056) ~[spring-beans-6.2.5.jar:6.2.5]
	at org.springframework.context.support.AbstractApplicationContext.finishBeanFactoryInitialization(AbstractApplicationContext.java:987) ~[spring-context-6.2.5.jar:6.2.5]
	at org.springframework.context.support.AbstractApplicationContext.refresh(AbstractApplicationContext.java:627) ~[spring-context-6.2.5.jar:6.2.5]
	at org.springframework.boot.web.servlet.context.ServletWebServerApplicationContext.refresh(ServletWebServerApplicationContext.java:146) ~[spring-boot-3.4.4.jar:3.4.4]
	at org.springframework.boot.SpringApplication.refresh(SpringApplication.java:752) ~[spring-boot-3.4.4.jar:3.4.4]
	at org.springframework.boot.SpringApplication.refreshContext(SpringApplication.java:439) ~[spring-boot-3.4.4.jar:3.4.4]
	at org.springframework.boot.SpringApplication.run(SpringApplication.java:318) ~[spring-boot-3.4.4.jar:3.4.4]
	at org.springframework.boot.SpringApplication.run(SpringApplication.java:1361) ~[spring-boot-3.4.4.jar:3.4.4]
	at org.springframework.boot.SpringApplication.run(SpringApplication.java:1350) ~[spring-boot-3.4.4.jar:3.4.4]
	at com.iquenobot.IquenobotApplication.main(IquenobotApplication.java:19) ~[classes/:na]
	at java.base/jdk.internal.reflect.DirectMethodHandleAccessor.invoke(DirectMethodHandleAccessor.java:103) ~[na:na]
	at java.base/java.lang.reflect.Method.invoke(Method.java:580) ~[na:na]
	at org.springframework.boot.devtools.restart.RestartLauncher.run(RestartLauncher.java:50) ~[spring-boot-devtools-3.4.4.jar:3.4.4]
Caused by: java.lang.IllegalStateException: Failed to introspect Class [com.iquenobot.product.application.ProductImportService] from ClassLoader [org.springframework.boot.devtools.restart.classloader.RestartClassLoader@5ced6a0c]
	at org.springframework.util.ReflectionUtils.getDeclaredMethods(ReflectionUtils.java:483) ~[spring-core-6.2.5.jar:6.2.5]
	at org.springframework.util.ReflectionUtils.doWithLocalMethods(ReflectionUtils.java:320) ~[spring-core-6.2.5.jar:6.2.5]
	at org.springframework.beans.factory.annotation.AutowiredAnnotationBeanPostProcessor.checkLookupMethods(AutowiredAnnotationBeanPostProcessor.java:476) ~[spring-beans-6.2.5.jar:6.2.5]
	... 24 common frames omitted
Caused by: java.lang.NoClassDefFoundError: org/apache/poi/ss/usermodel/Workbook
	at java.base/java.lang.Class.getDeclaredMethods0(Native Method) ~[na:na]
	at java.base/java.lang.Class.privateGetDeclaredMethods(Class.java:3580) ~[na:na]
	at java.base/java.lang.Class.getDeclaredMethods(Class.java:2678) ~[na:na]
	at org.springframework.util.ReflectionUtils.getDeclaredMethods(ReflectionUtils.java:465) ~[spring-core-6.2.5.jar:6.2.5]
	... 26 common frames omitted
Caused by: java.lang.ClassNotFoundException: org.apache.poi.ss.usermodel.Workbook
	at java.base/jdk.internal.loader.BuiltinClassLoader.loadClass(BuiltinClassLoader.java:641) ~[na:na]
	at java.base/jdk.internal.loader.ClassLoaders$AppClassLoader.loadClass(ClassLoaders.java:188) ~[na:na]
	at java.base/java.lang.ClassLoader.loadClass(ClassLoader.java:526) ~[na:na]
	at java.base/java.lang.Class.forName0(Native Method) ~[na:na]
	at java.base/java.lang.Class.forName(Class.java:536) ~[na:na]
	at java.base/java.lang.Class.forName(Class.java:515) ~[na:na]
	at org.springframework.boot.devtools.restart.classloader.RestartClassLoader.loadClass(RestartClassLoader.java:121) ~[spring-boot-devtools-3.4.4.jar:3.4.4]
	at java.base/java.lang.ClassLoader.loadClass(ClassLoader.java:526) ~[na:na]
	... 30 common frames omitted

  .   ____          _            __ _ _
 /\\ / ___'_ __ _ _(_)_ __  __ _ \ \ \ \
( ( )\___ | '_ | '_| | '_ \/ _` | \ \ \ \
 \\/  ___)| |_)| | | | | || (_| |  ) ) ) )
  '  |____| .__|_| |_|_| |_\__, | / / / /
 =========|_|==============|___/=/_/_/_/

 :: Spring Boot ::                (v3.4.4)

2026-07-28 09:23:00 - Starting IquenobotApplication using Java 21.0.11 with PID 20952 (C:\Users\luisv\Downloads\iquenobot\target\classes started by luisv in C:\Users\luisv\Downloads\iquenobot)
2026-07-28 09:23:00 - Running with Spring Boot v3.4.4, Spring v6.2.5
2026-07-28 09:23:00 - The following 1 profile is active: "dev"
2026-07-28 09:23:03 - Bootstrapping Spring Data JPA repositories in DEFAULT mode.
2026-07-28 09:23:03 - Finished Spring Data repository scanning in 343 ms. Found 18 JPA repository interfaces.
2026-07-28 09:23:05 - Tomcat initialized with port 8085 (http)
2026-07-28 09:23:05 - Starting service [Tomcat]
2026-07-28 09:23:05 - Starting Servlet engine: [Apache Tomcat/10.1.39]
2026-07-28 09:23:05 - Initializing Spring embedded WebApplicationContext
2026-07-28 09:23:05 - Root WebApplicationContext: initialization completed in 5155 ms
2026-07-28 09:23:06 - HikariPool-22 - Starting...
2026-07-28 09:23:08 - HikariPool-22 - Added connection org.postgresql.jdbc.PgConnection@368b2288
2026-07-28 09:23:08 - HikariPool-22 - Start completed.
2026-07-28 09:23:08 - Database: jdbc:postgresql://ep-delicate-bird-axk10rcp-pooler.c-4.us-east-2.aws.neon.tech:5432/neondb?sslmode=require (PostgreSQL 18.4)
2026-07-28 09:23:09 - Flyway upgrade recommended: PostgreSQL 18.4 is newer than this version of Flyway and support has not been tested. The latest supported version of PostgreSQL is 17.
2026-07-28 09:23:10 - Successfully validated 22 migrations (execution time 00:00.604s)
2026-07-28 09:23:12 - Current version of schema "public": 021
2026-07-28 09:23:12 - Migrating schema "public" to version "022 - Fix column lengths"
2026-07-28 09:23:15 - Successfully applied 1 migration to schema "public", now at version v022 (execution time 00:01.206s)
2026-07-28 09:23:17 - HHH000204: Processing PersistenceUnitInfo [name: default]
2026-07-28 09:23:17 - HHH000026: Second-level cache disabled
2026-07-28 09:23:17 - No LoadTimeWeaver setup: ignoring JPA class transformer
2026-07-28 09:23:17 - HHH90000025: PostgreSQLDialect does not need to be specified explicitly using 'hibernate.dialect' (remove the property setting and it will be selected by default)
2026-07-28 09:23:17 - HHH10001005: Database info:
	Database JDBC URL [Connecting through datasource 'HikariDataSource (HikariPool-22)']
	Database driver: undefined/unknown
	Database version: 18.4
	Autocommit mode: undefined/unknown
	Isolation level: undefined/unknown
	Minimum pool size: undefined/unknown
	Maximum pool size: undefined/unknown
2026-07-28 09:23:19 - HHH000489: No JTA platform available (set 'hibernate.transaction.jta.platform' to enable JTA platform integration)
2026-07-28 09:23:20 - Initialized JPA EntityManagerFactory for persistence unit 'default'
2026-07-28 09:23:20 - Filter 'jwtAuthenticationFilter' configured for use
2026-07-28 09:23:22 - DecisionEngine initialized with 3 strategies
2026-07-28 09:23:23 - ActionDispatcher initialized with 14 executors
2026-07-28 09:23:24 - Exception encountered during context initialization - cancelling refresh attempt: org.springframework.beans.factory.BeanCreationException: Error creating bean with name 'productImportService': Lookup method resolution failed
2026-07-28 09:23:24 - Closing JPA EntityManagerFactory for persistence unit 'default'
2026-07-28 09:23:24 - HikariPool-22 - Shutdown initiated...
2026-07-28 09:23:25 - HikariPool-22 - Shutdown completed.
2026-07-28 09:23:25 - Stopping service [Tomcat]
2026-07-28 09:23:25 - 

Error starting ApplicationContext. To display the condition evaluation report re-run your application with 'debug' enabled.
2026-07-28 09:23:25 - Application run failed
org.springframework.beans.factory.BeanCreationException: Error creating bean with name 'productImportService': Lookup method resolution failed
	at org.springframework.beans.factory.annotation.AutowiredAnnotationBeanPostProcessor.checkLookupMethods(AutowiredAnnotationBeanPostProcessor.java:498) ~[spring-beans-6.2.5.jar:6.2.5]
	at org.springframework.beans.factory.annotation.AutowiredAnnotationBeanPostProcessor.determineCandidateConstructors(AutowiredAnnotationBeanPostProcessor.java:368) ~[spring-beans-6.2.5.jar:6.2.5]
	at org.springframework.beans.factory.support.AbstractAutowireCapableBeanFactory.determineConstructorsFromBeanPostProcessors(AbstractAutowireCapableBeanFactory.java:1320) ~[spring-beans-6.2.5.jar:6.2.5]
	at org.springframework.beans.factory.support.AbstractAutowireCapableBeanFactory.createBeanInstance(AbstractAutowireCapableBeanFactory.java:1215) ~[spring-beans-6.2.5.jar:6.2.5]
	at org.springframework.beans.factory.support.AbstractAutowireCapableBeanFactory.doCreateBean(AbstractAutowireCapableBeanFactory.java:563) ~[spring-beans-6.2.5.jar:6.2.5]
	at org.springframework.beans.factory.support.AbstractAutowireCapableBeanFactory.createBean(AbstractAutowireCapableBeanFactory.java:523) ~[spring-beans-6.2.5.jar:6.2.5]
	at org.springframework.beans.factory.support.AbstractBeanFactory.lambda$doGetBean$0(AbstractBeanFactory.java:339) ~[spring-beans-6.2.5.jar:6.2.5]
	at org.springframework.beans.factory.support.DefaultSingletonBeanRegistry.getSingleton(DefaultSingletonBeanRegistry.java:347) ~[spring-beans-6.2.5.jar:6.2.5]
	at org.springframework.beans.factory.support.AbstractBeanFactory.doGetBean(AbstractBeanFactory.java:337) ~[spring-beans-6.2.5.jar:6.2.5]
	at org.springframework.beans.factory.support.AbstractBeanFactory.getBean(AbstractBeanFactory.java:202) ~[spring-beans-6.2.5.jar:6.2.5]
	at org.springframework.beans.factory.support.DefaultListableBeanFactory.instantiateSingleton(DefaultListableBeanFactory.java:1155) ~[spring-beans-6.2.5.jar:6.2.5]
	at org.springframework.beans.factory.support.DefaultListableBeanFactory.preInstantiateSingleton(DefaultListableBeanFactory.java:1121) ~[spring-beans-6.2.5.jar:6.2.5]
	at org.springframework.beans.factory.support.DefaultListableBeanFactory.preInstantiateSingletons(DefaultListableBeanFactory.java:1056) ~[spring-beans-6.2.5.jar:6.2.5]
	at org.springframework.context.support.AbstractApplicationContext.finishBeanFactoryInitialization(AbstractApplicationContext.java:987) ~[spring-context-6.2.5.jar:6.2.5]
	at org.springframework.context.support.AbstractApplicationContext.refresh(AbstractApplicationContext.java:627) ~[spring-context-6.2.5.jar:6.2.5]
	at org.springframework.boot.web.servlet.context.ServletWebServerApplicationContext.refresh(ServletWebServerApplicationContext.java:146) ~[spring-boot-3.4.4.jar:3.4.4]
	at org.springframework.boot.SpringApplication.refresh(SpringApplication.java:752) ~[spring-boot-3.4.4.jar:3.4.4]
	at org.springframework.boot.SpringApplication.refreshContext(SpringApplication.java:439) ~[spring-boot-3.4.4.jar:3.4.4]
	at org.springframework.boot.SpringApplication.run(SpringApplication.java:318) ~[spring-boot-3.4.4.jar:3.4.4]
	at org.springframework.boot.SpringApplication.run(SpringApplication.java:1361) ~[spring-boot-3.4.4.jar:3.4.4]
	at org.springframework.boot.SpringApplication.run(SpringApplication.java:1350) ~[spring-boot-3.4.4.jar:3.4.4]
	at com.iquenobot.IquenobotApplication.main(IquenobotApplication.java:19) ~[classes/:na]
	at java.base/jdk.internal.reflect.DirectMethodHandleAccessor.invoke(DirectMethodHandleAccessor.java:103) ~[na:na]
	at java.base/java.lang.reflect.Method.invoke(Method.java:580) ~[na:na]
	at org.springframework.boot.devtools.restart.RestartLauncher.run(RestartLauncher.java:50) ~[spring-boot-devtools-3.4.4.jar:3.4.4]
Caused by: java.lang.IllegalStateException: Failed to introspect Class [com.iquenobot.product.application.ProductImportService] from ClassLoader [org.springframework.boot.devtools.restart.classloader.RestartClassLoader@1e179612]
	at org.springframework.util.ReflectionUtils.getDeclaredMethods(ReflectionUtils.java:483) ~[spring-core-6.2.5.jar:6.2.5]
	at org.springframework.util.ReflectionUtils.doWithLocalMethods(ReflectionUtils.java:320) ~[spring-core-6.2.5.jar:6.2.5]
	at org.springframework.beans.factory.annotation.AutowiredAnnotationBeanPostProcessor.checkLookupMethods(AutowiredAnnotationBeanPostProcessor.java:476) ~[spring-beans-6.2.5.jar:6.2.5]
	... 24 common frames omitted
Caused by: java.lang.NoClassDefFoundError: org/apache/poi/ss/usermodel/Workbook
	at java.base/java.lang.Class.getDeclaredMethods0(Native Method) ~[na:na]
	at java.base/java.lang.Class.privateGetDeclaredMethods(Class.java:3580) ~[na:na]
	at java.base/java.lang.Class.getDeclaredMethods(Class.java:2678) ~[na:na]
	at org.springframework.util.ReflectionUtils.getDeclaredMethods(ReflectionUtils.java:465) ~[spring-core-6.2.5.jar:6.2.5]
	... 26 common frames omitted
Caused by: java.lang.ClassNotFoundException: org.apache.poi.ss.usermodel.Workbook
	at java.base/jdk.internal.loader.BuiltinClassLoader.loadClass(BuiltinClassLoader.java:641) ~[na:na]
	at java.base/jdk.internal.loader.ClassLoaders$AppClassLoader.loadClass(ClassLoaders.java:188) ~[na:na]
	at java.base/java.lang.ClassLoader.loadClass(ClassLoader.java:526) ~[na:na]
	at java.base/java.lang.Class.forName0(Native Method) ~[na:na]
	at java.base/java.lang.Class.forName(Class.java:536) ~[na:na]
	at java.base/java.lang.Class.forName(Class.java:515) ~[na:na]
	at org.springframework.boot.devtools.restart.classloader.RestartClassLoader.loadClass(RestartClassLoader.java:121) ~[spring-boot-devtools-3.4.4.jar:3.4.4]
	at java.base/java.lang.ClassLoader.loadClass(ClassLoader.java:526) ~[na:na]
	... 30 common frames omitted

  .   ____          _            __ _ _
 /\\ / ___'_ __ _ _(_)_ __  __ _ \ \ \ \
( ( )\___ | '_ | '_| | '_ \/ _` | \ \ \ \
 \\/  ___)| |_)| | | | | || (_| |  ) ) ) )
  '  |____| .__|_| |_|_| |_\__, | / / / /
 =========|_|==============|___/=/_/_/_/

 :: Spring Boot ::                (v3.4.4)

2026-07-28 09:23:50 - Starting IquenobotApplication using Java 21.0.11 with PID 20952 (C:\Users\luisv\Downloads\iquenobot\target\classes started by luisv in C:\Users\luisv\Downloads\iquenobot)
2026-07-28 09:23:50 - Running with Spring Boot v3.4.4, Spring v6.2.5
2026-07-28 09:23:50 - The following 1 profile is active: "dev"
2026-07-28 09:23:51 - Bootstrapping Spring Data JPA repositories in DEFAULT mode.
2026-07-28 09:23:52 - Finished Spring Data repository scanning in 671 ms. Found 18 JPA repository interfaces.
2026-07-28 09:23:53 - Tomcat initialized with port 8085 (http)
2026-07-28 09:23:53 - Starting service [Tomcat]
2026-07-28 09:23:53 - Starting Servlet engine: [Apache Tomcat/10.1.39]
2026-07-28 09:23:53 - Initializing Spring embedded WebApplicationContext
2026-07-28 09:23:53 - Root WebApplicationContext: initialization completed in 3575 ms
2026-07-28 09:23:54 - HikariPool-23 - Starting...
2026-07-28 09:23:55 - HikariPool-23 - Added connection org.postgresql.jdbc.PgConnection@516d0673
2026-07-28 09:23:55 - HikariPool-23 - Start completed.
2026-07-28 09:23:55 - Database: jdbc:postgresql://ep-delicate-bird-axk10rcp-pooler.c-4.us-east-2.aws.neon.tech:5432/neondb?sslmode=require (PostgreSQL 18.4)
2026-07-28 09:23:57 - Flyway upgrade recommended: PostgreSQL 18.4 is newer than this version of Flyway and support has not been tested. The latest supported version of PostgreSQL is 17.
2026-07-28 09:23:57 - Successfully validated 22 migrations (execution time 00:00.624s)
2026-07-28 09:23:59 - Current version of schema "public": 022
2026-07-28 09:24:00 - Schema "public" is up to date. No migration necessary.
2026-07-28 09:24:01 - HHH000204: Processing PersistenceUnitInfo [name: default]
2026-07-28 09:24:01 - HHH000026: Second-level cache disabled
2026-07-28 09:24:01 - No LoadTimeWeaver setup: ignoring JPA class transformer
2026-07-28 09:24:01 - HHH90000025: PostgreSQLDialect does not need to be specified explicitly using 'hibernate.dialect' (remove the property setting and it will be selected by default)
2026-07-28 09:24:01 - HHH10001005: Database info:
	Database JDBC URL [Connecting through datasource 'HikariDataSource (HikariPool-23)']
	Database driver: undefined/unknown
	Database version: 18.4
	Autocommit mode: undefined/unknown
	Isolation level: undefined/unknown
	Minimum pool size: undefined/unknown
	Maximum pool size: undefined/unknown
2026-07-28 09:24:03 - HHH000489: No JTA platform available (set 'hibernate.transaction.jta.platform' to enable JTA platform integration)
2026-07-28 09:24:04 - Initialized JPA EntityManagerFactory for persistence unit 'default'
2026-07-28 09:24:04 - Filter 'jwtAuthenticationFilter' configured for use
2026-07-28 09:24:06 - DecisionEngine initialized with 3 strategies
2026-07-28 09:24:06 - ActionDispatcher initialized with 14 executors
2026-07-28 09:24:07 - Exception encountered during context initialization - cancelling refresh attempt: org.springframework.beans.factory.BeanCreationException: Error creating bean with name 'productImportService': Lookup method resolution failed
2026-07-28 09:24:07 - Closing JPA EntityManagerFactory for persistence unit 'default'
2026-07-28 09:24:07 - HikariPool-23 - Shutdown initiated...
2026-07-28 09:24:08 - HikariPool-23 - Shutdown completed.
2026-07-28 09:24:08 - Stopping service [Tomcat]
2026-07-28 09:24:08 - 

Error starting ApplicationContext. To display the condition evaluation report re-run your application with 'debug' enabled.
2026-07-28 09:24:08 - Application run failed
org.springframework.beans.factory.BeanCreationException: Error creating bean with name 'productImportService': Lookup method resolution failed
	at org.springframework.beans.factory.annotation.AutowiredAnnotationBeanPostProcessor.checkLookupMethods(AutowiredAnnotationBeanPostProcessor.java:498) ~[spring-beans-6.2.5.jar:6.2.5]
	at org.springframework.beans.factory.annotation.AutowiredAnnotationBeanPostProcessor.determineCandidateConstructors(AutowiredAnnotationBeanPostProcessor.java:368) ~[spring-beans-6.2.5.jar:6.2.5]
	at org.springframework.beans.factory.support.AbstractAutowireCapableBeanFactory.determineConstructorsFromBeanPostProcessors(AbstractAutowireCapableBeanFactory.java:1320) ~[spring-beans-6.2.5.jar:6.2.5]
	at org.springframework.beans.factory.support.AbstractAutowireCapableBeanFactory.createBeanInstance(AbstractAutowireCapableBeanFactory.java:1215) ~[spring-beans-6.2.5.jar:6.2.5]
	at org.springframework.beans.factory.support.AbstractAutowireCapableBeanFactory.doCreateBean(AbstractAutowireCapableBeanFactory.java:563) ~[spring-beans-6.2.5.jar:6.2.5]
	at org.springframework.beans.factory.support.AbstractAutowireCapableBeanFactory.createBean(AbstractAutowireCapableBeanFactory.java:523) ~[spring-beans-6.2.5.jar:6.2.5]
	at org.springframework.beans.factory.support.AbstractBeanFactory.lambda$doGetBean$0(AbstractBeanFactory.java:339) ~[spring-beans-6.2.5.jar:6.2.5]
	at org.springframework.beans.factory.support.DefaultSingletonBeanRegistry.getSingleton(DefaultSingletonBeanRegistry.java:347) ~[spring-beans-6.2.5.jar:6.2.5]
	at org.springframework.beans.factory.support.AbstractBeanFactory.doGetBean(AbstractBeanFactory.java:337) ~[spring-beans-6.2.5.jar:6.2.5]
	at org.springframework.beans.factory.support.AbstractBeanFactory.getBean(AbstractBeanFactory.java:202) ~[spring-beans-6.2.5.jar:6.2.5]
	at org.springframework.beans.factory.support.DefaultListableBeanFactory.instantiateSingleton(DefaultListableBeanFactory.java:1155) ~[spring-beans-6.2.5.jar:6.2.5]
	at org.springframework.beans.factory.support.DefaultListableBeanFactory.preInstantiateSingleton(DefaultListableBeanFactory.java:1121) ~[spring-beans-6.2.5.jar:6.2.5]
	at org.springframework.beans.factory.support.DefaultListableBeanFactory.preInstantiateSingletons(DefaultListableBeanFactory.java:1056) ~[spring-beans-6.2.5.jar:6.2.5]
	at org.springframework.context.support.AbstractApplicationContext.finishBeanFactoryInitialization(AbstractApplicationContext.java:987) ~[spring-context-6.2.5.jar:6.2.5]
	at org.springframework.context.support.AbstractApplicationContext.refresh(AbstractApplicationContext.java:627) ~[spring-context-6.2.5.jar:6.2.5]
	at org.springframework.boot.web.servlet.context.ServletWebServerApplicationContext.refresh(ServletWebServerApplicationContext.java:146) ~[spring-boot-3.4.4.jar:3.4.4]
	at org.springframework.boot.SpringApplication.refresh(SpringApplication.java:752) ~[spring-boot-3.4.4.jar:3.4.4]
	at org.springframework.boot.SpringApplication.refreshContext(SpringApplication.java:439) ~[spring-boot-3.4.4.jar:3.4.4]
	at org.springframework.boot.SpringApplication.run(SpringApplication.java:318) ~[spring-boot-3.4.4.jar:3.4.4]
	at org.springframework.boot.SpringApplication.run(SpringApplication.java:1361) ~[spring-boot-3.4.4.jar:3.4.4]
	at org.springframework.boot.SpringApplication.run(SpringApplication.java:1350) ~[spring-boot-3.4.4.jar:3.4.4]
	at com.iquenobot.IquenobotApplication.main(IquenobotApplication.java:19) ~[classes/:na]
	at java.base/jdk.internal.reflect.DirectMethodHandleAccessor.invoke(DirectMethodHandleAccessor.java:103) ~[na:na]
	at java.base/java.lang.reflect.Method.invoke(Method.java:580) ~[na:na]
	at org.springframework.boot.devtools.restart.RestartLauncher.run(RestartLauncher.java:50) ~[spring-boot-devtools-3.4.4.jar:3.4.4]
Caused by: java.lang.IllegalStateException: Failed to introspect Class [com.iquenobot.product.application.ProductImportService] from ClassLoader [org.springframework.boot.devtools.restart.classloader.RestartClassLoader@2ab5cac8]
	at org.springframework.util.ReflectionUtils.getDeclaredMethods(ReflectionUtils.java:483) ~[spring-core-6.2.5.jar:6.2.5]
	at org.springframework.util.ReflectionUtils.doWithLocalMethods(ReflectionUtils.java:320) ~[spring-core-6.2.5.jar:6.2.5]
	at org.springframework.beans.factory.annotation.AutowiredAnnotationBeanPostProcessor.checkLookupMethods(AutowiredAnnotationBeanPostProcessor.java:476) ~[spring-beans-6.2.5.jar:6.2.5]
	... 24 common frames omitted
Caused by: java.lang.NoClassDefFoundError: org/apache/poi/ss/usermodel/Workbook
	at java.base/java.lang.Class.getDeclaredMethods0(Native Method) ~[na:na]
	at java.base/java.lang.Class.privateGetDeclaredMethods(Class.java:3580) ~[na:na]
	at java.base/java.lang.Class.getDeclaredMethods(Class.java:2678) ~[na:na]
	at org.springframework.util.ReflectionUtils.getDeclaredMethods(ReflectionUtils.java:465) ~[spring-core-6.2.5.jar:6.2.5]
	... 26 common frames omitted
Caused by: java.lang.ClassNotFoundException: org.apache.poi.ss.usermodel.Workbook
	at java.base/jdk.internal.loader.BuiltinClassLoader.loadClass(BuiltinClassLoader.java:641) ~[na:na]
	at java.base/jdk.internal.loader.ClassLoaders$AppClassLoader.loadClass(ClassLoaders.java:188) ~[na:na]
	at java.base/java.lang.ClassLoader.loadClass(ClassLoader.java:526) ~[na:na]
	at java.base/java.lang.Class.forName0(Native Method) ~[na:na]
	at java.base/java.lang.Class.forName(Class.java:536) ~[na:na]
	at java.base/java.lang.Class.forName(Class.java:515) ~[na:na]
	at org.springframework.boot.devtools.restart.classloader.RestartClassLoader.loadClass(RestartClassLoader.java:121) ~[spring-boot-devtools-3.4.4.jar:3.4.4]
	at java.base/java.lang.ClassLoader.loadClass(ClassLoader.java:526) ~[na:na]
	... 30 common frames omitted
