2026-08-02 00:00:32 [File Watcher] INFO  o.s.b.d.a.LocalDevToolsAutoConfiguration$RestartingClassPathChangeChangedEventListener - Restarting due to 1 class path change (0 additions, 0 deletions, 1 modification)
2026-08-02 00:00:32 [Thread-159] INFO  o.s.b.w.e.tomcat.GracefulShutdown - Commencing graceful shutdown. Waiting for active requests to complete
2026-08-02 00:00:32 [tomcat-shutdown] INFO  o.s.b.w.e.tomcat.GracefulShutdown - Graceful shutdown complete
2026-08-02 00:00:32 [Thread-159] INFO  o.s.o.j.LocalContainerEntityManagerFactoryBean - Closing JPA EntityManagerFactory for persistence unit 'default'
2026-08-02 00:00:32 [Thread-159] INFO  com.zaxxer.hikari.HikariDataSource - HikariPool-25 - Shutdown initiated...
2026-08-02 00:00:33 [Thread-159] INFO  com.zaxxer.hikari.HikariDataSource - HikariPool-25 - Shutdown completed.
2026-08-02 00:00:33 [Thread-159] DEBUG c.i.s.w.NotificationWebSocketHandler - WebSocket transport error: user=935532dc-b311-4071-851e-71e87089679a error=java.nio.channels.ClosedChannelException
2026-08-02 00:00:33 [Thread-159] DEBUG c.i.s.w.NotificationWebSocketHandler - WebSocket disconnected: user=935532dc-b311-4071-851e-71e87089679a status=CloseStatus[code=1001, reason=The web application is stopping]
2026-08-02 00:00:33 [restartedMain] INFO  com.iquenobot.IquenobotApplication - Starting IquenobotApplication using Java 21.0.11 with PID 23200 (C:\Users\luisv\OneDrive\Escritorio\cloniquenobot\iquenobot\target\classes started by luisv in C:\Users\luisv\OneDrive\Escritorio\cloniquenobot\iquenobot)
2026-08-02 00:00:33 [restartedMain] DEBUG com.iquenobot.IquenobotApplication - Running with Spring Boot v3.4.4, Spring v6.2.5
2026-08-02 00:00:33 [restartedMain] INFO  com.iquenobot.IquenobotApplication - The following 1 profile is active: "dev"
2026-08-02 00:00:34 [restartedMain] INFO  o.s.d.r.c.RepositoryConfigurationDelegate - Bootstrapping Spring Data JPA repositories in DEFAULT mode.
2026-08-02 00:00:34 [restartedMain] INFO  o.s.d.r.c.RepositoryConfigurationDelegate - Finished Spring Data repository scanning in 520 ms. Found 22 JPA repository interfaces.
2026-08-02 00:00:35 [restartedMain] INFO  o.s.b.w.e.tomcat.TomcatWebServer - Tomcat initialized with port 8085 (http)
2026-08-02 00:00:35 [restartedMain] INFO  o.a.catalina.core.StandardService - Starting service [Tomcat]
2026-08-02 00:00:35 [restartedMain] INFO  o.a.catalina.core.StandardEngine - Starting Servlet engine: [Apache Tomcat/10.1.39]
2026-08-02 00:00:35 [restartedMain] INFO  o.a.c.c.C.[Tomcat-2].[localhost].[/] - Initializing Spring embedded WebApplicationContext
2026-08-02 00:00:35 [restartedMain] INFO  o.s.b.w.s.c.ServletWebServerApplicationContext - Root WebApplicationContext: initialization completed in 2512 ms
2026-08-02 00:00:36 [restartedMain] INFO  com.zaxxer.hikari.HikariDataSource - HikariPool-26 - Starting...
2026-08-02 00:00:37 [restartedMain] INFO  com.zaxxer.hikari.pool.HikariPool - HikariPool-26 - Added connection org.postgresql.jdbc.PgConnection@9575e70
2026-08-02 00:00:37 [restartedMain] INFO  com.zaxxer.hikari.HikariDataSource - HikariPool-26 - Start completed.
2026-08-02 00:00:37 [restartedMain] INFO  org.flywaydb.core.FlywayExecutor - Database: jdbc:postgresql://ep-delicate-bird-axk10rcp-pooler.c-4.us-east-2.aws.neon.tech:5432/neondb?sslmode=require (PostgreSQL 18.4)
2026-08-02 00:00:39 [restartedMain] WARN  o.f.c.i.database.base.Database - Flyway upgrade recommended: PostgreSQL 18.4 is newer than this version of Flyway and support has not been tested. The latest supported version of PostgreSQL is 17.
2026-08-02 00:00:39 [restartedMain] INFO  o.f.core.internal.command.DbValidate - Successfully validated 34 migrations (execution time 00:00.625s)
2026-08-02 00:00:41 [restartedMain] INFO  o.f.core.internal.command.DbMigrate - Current version of schema "public": 034
2026-08-02 00:00:41 [restartedMain] INFO  o.f.core.internal.command.DbMigrate - Schema "public" is up to date. No migration necessary.
2026-08-02 00:00:42 [restartedMain] INFO  o.h.jpa.internal.util.LogHelper - HHH000204: Processing PersistenceUnitInfo [name: default]
2026-08-02 00:00:42 [restartedMain] INFO  o.h.c.i.RegionFactoryInitiator - HHH000026: Second-level cache disabled
2026-08-02 00:00:42 [restartedMain] INFO  o.s.o.j.p.SpringPersistenceUnitInfo - No LoadTimeWeaver setup: ignoring JPA class transformer
2026-08-02 00:00:42 [restartedMain] WARN  org.hibernate.orm.deprecation - HHH90000025: PostgreSQLDialect does not need to be specified explicitly using 'hibernate.dialect' (remove the property setting and it will be selected by default)
2026-08-02 00:00:43 [restartedMain] INFO  o.hibernate.orm.connections.pooling - HHH10001005: Database info:
	Database JDBC URL [Connecting through datasource 'HikariDataSource (HikariPool-26)']
	Database driver: undefined/unknown
	Database version: 18.4
	Autocommit mode: undefined/unknown
	Isolation level: undefined/unknown
	Minimum pool size: undefined/unknown
	Maximum pool size: undefined/unknown
2026-08-02 00:00:43 [restartedMain] INFO  o.h.e.t.j.p.i.JtaPlatformInitiator - HHH000489: No JTA platform available (set 'hibernate.transaction.jta.platform' to enable JTA platform integration)
2026-08-02 00:00:45 [restartedMain] INFO  o.s.o.j.LocalContainerEntityManagerFactoryBean - Initialized JPA EntityManagerFactory for persistence unit 'default'
2026-08-02 00:00:45 [restartedMain] DEBUG c.i.s.s.JwtAuthenticationFilter - Filter 'jwtAuthenticationFilter' configured for use
2026-08-02 00:00:45 [restartedMain] INFO  c.i.o.a.decision.DecisionEngineImpl - DecisionEngine initialized with 3 strategies
2026-08-02 00:00:46 [restartedMain] INFO  c.i.s.i.storage.LocalStorageService - LocalStorageService initialized at: C:\Users\luisv\OneDrive\Escritorio\cloniquenobot\iquenobot\uploads
2026-08-02 00:00:46 [restartedMain] INFO  c.i.o.a.action.ActionDispatcher - ActionDispatcher initialized with 15 executors
2026-08-02 00:00:46 [restartedMain] INFO  c.i.s.application.FileUploadService - File upload directory created at: C:\Users\luisv\OneDrive\Escritorio\cloniquenobot\iquenobot\uploads
2026-08-02 00:00:47 [restartedMain] INFO  c.i.o.i.config.AsyncConfig - Orchestrator event executor initialized: core=5 max=20 queue=500
2026-08-02 00:00:47 [restartedMain] WARN  o.s.b.a.s.s.UserDetailsServiceAutoConfiguration - 

Using generated security password: d7720991-4c24-4454-ac2b-52e37307453c

This generated password is for development use only. Your security configuration must be updated before running your application in production.

2026-08-02 00:00:48 [restartedMain] INFO  o.s.b.a.e.web.EndpointLinksResolver - Exposing 3 endpoints beneath base path '/actuator'
2026-08-02 00:00:48 [restartedMain] INFO  o.s.b.d.a.OptionalLiveReloadServer - LiveReload server is running on port 35729
2026-08-02 00:00:48 [restartedMain] INFO  o.s.b.w.e.tomcat.TomcatWebServer - Tomcat started on port 8085 (http) with context path '/'
2026-08-02 00:00:48 [restartedMain] INFO  com.iquenobot.IquenobotApplication - Started IquenobotApplication in 15.376 seconds (process running for 4150.033)
2026-08-02 00:00:49 [restartedMain] INFO  c.i.shared.config.DataInitializer - Plans already seeded, skipping
2026-08-02 00:00:49 [restartedMain] INFO  c.i.shared.config.DataInitializer - SUPER_ADMIN already exists, skipping initialization
2026-08-02 00:00:49 [restartedMain] INFO  o.s.b.d.a.ConditionEvaluationDeltaLoggingListener - Condition evaluation unchanged
2026-08-02 00:00:49 [tomcat-handler-0] INFO  o.a.c.c.C.[Tomcat-2].[localhost].[/] - Initializing Spring DispatcherServlet 'dispatcherServlet'
2026-08-02 00:00:49 [tomcat-handler-0] INFO  o.s.web.servlet.DispatcherServlet - Initializing Servlet 'dispatcherServlet'
2026-08-02 00:00:49 [tomcat-handler-0] INFO  o.s.web.servlet.DispatcherServlet - Completed initialization in 2 ms
2026-08-02 00:00:49 [tomcat-handler-0] DEBUG c.i.s.w.NotificationWebSocketHandler - WebSocket connected: user=935532dc-b311-4071-851e-71e87089679a tenant=d563b428-b1a9-4bf3-af62-a175e92e8e18 sessions=1
2026-08-02 00:00:49 [tomcat-handler-1] DEBUG c.i.s.w.NotificationWebSocketHandler - User 935532dc-b311-4071-851e-71e87089679a joined conversation 39d6fbbc-7b0b-46bd-9ccf-a7eac170c828 (1 subscribers)
2026-08-02 00:02:30 [File Watcher] INFO  o.s.b.d.a.LocalDevToolsAutoConfiguration$RestartingClassPathChangeChangedEventListener - Restarting due to 1 class path change (0 additions, 0 deletions, 1 modification)
2026-08-02 00:02:30 [Thread-164] INFO  o.s.b.w.e.tomcat.GracefulShutdown - Commencing graceful shutdown. Waiting for active requests to complete
2026-08-02 00:02:30 [tomcat-shutdown] INFO  o.s.b.w.e.tomcat.GracefulShutdown - Graceful shutdown complete
2026-08-02 00:02:30 [scheduling-1] WARN  c.zaxxer.hikari.pool.ProxyConnection - HikariPool-26 - Connection org.postgresql.jdbc.PgConnection@9575e70 marked as broken because of SQLSTATE(08006), ErrorCode(0)
org.postgresql.util.PSQLException: An I/O error occurred while sending to the backend.
	at org.postgresql.core.v3.QueryExecutorImpl.execute(QueryExecutorImpl.java:399) ~[postgresql-42.7.5.jar:42.7.5]
	at org.postgresql.jdbc.PgStatement.executeInternal(PgStatement.java:517) ~[postgresql-42.7.5.jar:42.7.5]
	at org.postgresql.jdbc.PgStatement.execute(PgStatement.java:434) ~[postgresql-42.7.5.jar:42.7.5]
	at org.postgresql.jdbc.PgPreparedStatement.executeWithFlags(PgPreparedStatement.java:194) ~[postgresql-42.7.5.jar:42.7.5]
	at org.postgresql.jdbc.PgPreparedStatement.executeQuery(PgPreparedStatement.java:137) ~[postgresql-42.7.5.jar:42.7.5]
	at com.zaxxer.hikari.pool.ProxyPreparedStatement.executeQuery(ProxyPreparedStatement.java:52) ~[HikariCP-5.1.0.jar:na]
	at com.zaxxer.hikari.pool.HikariProxyPreparedStatement.executeQuery(HikariProxyPreparedStatement.java) ~[HikariCP-5.1.0.jar:na]
	at org.hibernate.sql.results.jdbc.internal.DeferredResultSetAccess.executeQuery(DeferredResultSetAccess.java:250) ~[hibernate-core-6.6.11.Final.jar:6.6.11.Final]
	at org.hibernate.sql.results.jdbc.internal.DeferredResultSetAccess.getResultSet(DeferredResultSetAccess.java:171) ~[hibernate-core-6.6.11.Final.jar:6.6.11.Final]
	at org.hibernate.sql.results.jdbc.internal.JdbcValuesResultSetImpl.<init>(JdbcValuesResultSetImpl.java:74) ~[hibernate-core-6.6.11.Final.jar:6.6.11.Final]
	at org.hibernate.sql.exec.internal.JdbcSelectExecutorStandardImpl.resolveJdbcValuesSource(JdbcSelectExecutorStandardImpl.java:355) ~[hibernate-core-6.6.11.Final.jar:6.6.11.Final]
	at org.hibernate.sql.exec.internal.JdbcSelectExecutorStandardImpl.doExecuteQuery(JdbcSelectExecutorStandardImpl.java:137) ~[hibernate-core-6.6.11.Final.jar:6.6.11.Final]
	at org.hibernate.sql.exec.internal.JdbcSelectExecutorStandardImpl.executeQuery(JdbcSelectExecutorStandardImpl.java:102) ~[hibernate-core-6.6.11.Final.jar:6.6.11.Final]
	at org.hibernate.sql.exec.spi.JdbcSelectExecutor.executeQuery(JdbcSelectExecutor.java:91) ~[hibernate-core-6.6.11.Final.jar:6.6.11.Final]
	at org.hibernate.sql.exec.spi.JdbcSelectExecutor.list(JdbcSelectExecutor.java:165) ~[hibernate-core-6.6.11.Final.jar:6.6.11.Final]
	at org.hibernate.query.sqm.internal.ConcreteSqmSelectQueryPlan.lambda$new$1(ConcreteSqmSelectQueryPlan.java:152) ~[hibernate-core-6.6.11.Final.jar:6.6.11.Final]
	at org.hibernate.query.sqm.internal.ConcreteSqmSelectQueryPlan.withCacheableSqmInterpretation(ConcreteSqmSelectQueryPlan.java:442) ~[hibernate-core-6.6.11.Final.jar:6.6.11.Final]
	at org.hibernate.query.sqm.internal.ConcreteSqmSelectQueryPlan.performList(ConcreteSqmSelectQueryPlan.java:362) ~[hibernate-core-6.6.11.Final.jar:6.6.11.Final]
	at org.hibernate.query.sqm.internal.QuerySqmImpl.doList(QuerySqmImpl.java:380) ~[hibernate-core-6.6.11.Final.jar:6.6.11.Final]
	at org.hibernate.query.spi.AbstractSelectionQuery.list(AbstractSelectionQuery.java:143) ~[hibernate-core-6.6.11.Final.jar:6.6.11.Final]
	at org.hibernate.query.Query.getResultList(Query.java:120) ~[hibernate-core-6.6.11.Final.jar:6.6.11.Final]
	at java.base/jdk.internal.reflect.DirectMethodHandleAccessor.invoke(DirectMethodHandleAccessor.java:103) ~[na:na]
	at java.base/java.lang.reflect.Method.invoke(Method.java:580) ~[na:na]
	at org.springframework.orm.jpa.SharedEntityManagerCreator$DeferredQueryInvocationHandler.invoke(SharedEntityManagerCreator.java:419) ~[spring-orm-6.2.5.jar:6.2.5]
	at jdk.proxy29/jdk.proxy29.$Proxy902.getResultList(Unknown Source) ~[na:na]
	at org.springframework.data.jpa.repository.query.JpaQueryExecution$CollectionExecution.doExecute(JpaQueryExecution.java:130) ~[spring-data-jpa-3.4.4.jar:3.4.4]
	at org.springframework.data.jpa.repository.query.JpaQueryExecution.execute(JpaQueryExecution.java:93) ~[spring-data-jpa-3.4.4.jar:3.4.4]
	at org.springframework.data.jpa.repository.query.AbstractJpaQuery.doExecute(AbstractJpaQuery.java:152) ~[spring-data-jpa-3.4.4.jar:3.4.4]
	at org.springframework.data.jpa.repository.query.AbstractJpaQuery.execute(AbstractJpaQuery.java:140) ~[spring-data-jpa-3.4.4.jar:3.4.4]
	at org.springframework.data.repository.core.support.RepositoryMethodInvoker.doInvoke(RepositoryMethodInvoker.java:170) ~[spring-data-commons-3.4.4.jar:3.4.4]
	at org.springframework.data.repository.core.support.RepositoryMethodInvoker.invoke(RepositoryMethodInvoker.java:158) ~[spring-data-commons-3.4.4.jar:3.4.4]
	at org.springframework.data.repository.core.support.QueryExecutorMethodInterceptor.doInvoke(QueryExecutorMethodInterceptor.java:170) ~[spring-data-commons-3.4.4.jar:3.4.4]
	at org.springframework.data.repository.core.support.QueryExecutorMethodInterceptor.invoke(QueryExecutorMethodInterceptor.java:149) ~[spring-data-commons-3.4.4.jar:3.4.4]
	at org.springframework.aop.framework.ReflectiveMethodInvocation.proceed(ReflectiveMethodInvocation.java:184) ~[spring-aop-6.2.5.jar:6.2.5]
	at org.springframework.data.projection.DefaultMethodInvokingMethodInterceptor.invoke(DefaultMethodInvokingMethodInterceptor.java:69) ~[spring-data-commons-3.4.4.jar:3.4.4]
	at org.springframework.aop.framework.ReflectiveMethodInvocation.proceed(ReflectiveMethodInvocation.java:184) ~[spring-aop-6.2.5.jar:6.2.5]
	at org.springframework.transaction.interceptor.TransactionAspectSupport.invokeWithinTransaction(TransactionAspectSupport.java:380) ~[spring-tx-6.2.5.jar:6.2.5]
	at org.springframework.transaction.interceptor.TransactionInterceptor.invoke(TransactionInterceptor.java:119) ~[spring-tx-6.2.5.jar:6.2.5]
	at org.springframework.aop.framework.ReflectiveMethodInvocation.proceed(ReflectiveMethodInvocation.java:184) ~[spring-aop-6.2.5.jar:6.2.5]
	at org.springframework.dao.support.PersistenceExceptionTranslationInterceptor.invoke(PersistenceExceptionTranslationInterceptor.java:138) ~[spring-tx-6.2.5.jar:6.2.5]
	at org.springframework.aop.framework.ReflectiveMethodInvocation.proceed(ReflectiveMethodInvocation.java:184) ~[spring-aop-6.2.5.jar:6.2.5]
	at org.springframework.data.jpa.repository.support.CrudMethodMetadataPostProcessor$CrudMethodMetadataPopulatingMethodInterceptor.invoke(CrudMethodMetadataPostProcessor.java:136) ~[spring-data-jpa-3.4.4.jar:3.4.4]
	at org.springframework.aop.framework.ReflectiveMethodInvocation.proceed(ReflectiveMethodInvocation.java:184) ~[spring-aop-6.2.5.jar:6.2.5]
	at org.springframework.aop.framework.JdkDynamicAopProxy.invoke(JdkDynamicAopProxy.java:223) ~[spring-aop-6.2.5.jar:6.2.5]
	at jdk.proxy29/jdk.proxy29.$Proxy889.findPendingAiConversations(Unknown Source) ~[na:na]
	at com.iquenobot.orchestrator.application.aggregation.PendingAiResponseScheduler.processPendingConversations(PendingAiResponseScheduler.java:42) ~[classes/:na]
	at java.base/jdk.internal.reflect.DirectMethodHandleAccessor.invoke(DirectMethodHandleAccessor.java:103) ~[na:na]
	at java.base/java.lang.reflect.Method.invoke(Method.java:580) ~[na:na]
	at org.springframework.scheduling.support.ScheduledMethodRunnable.runInternal(ScheduledMethodRunnable.java:130) ~[spring-context-6.2.5.jar:6.2.5]
	at org.springframework.scheduling.support.ScheduledMethodRunnable.lambda$run$2(ScheduledMethodRunnable.java:124) ~[spring-context-6.2.5.jar:6.2.5]
	at io.micrometer.observation.Observation.observe(Observation.java:498) ~[micrometer-observation-1.14.5.jar:1.14.5]
	at org.springframework.scheduling.support.ScheduledMethodRunnable.run(ScheduledMethodRunnable.java:124) ~[spring-context-6.2.5.jar:6.2.5]
	at org.springframework.scheduling.config.Task$OutcomeTrackingRunnable.run(Task.java:85) ~[spring-context-6.2.5.jar:6.2.5]
	at org.springframework.scheduling.support.DelegatingErrorHandlingRunnable.run(DelegatingErrorHandlingRunnable.java:54) ~[spring-context-6.2.5.jar:6.2.5]
	at java.base/java.util.concurrent.Executors$RunnableAdapter.call(Executors.java:572) ~[na:na]
	at java.base/java.util.concurrent.FutureTask.runAndReset(FutureTask.java:358) ~[na:na]
	at java.base/java.util.concurrent.ScheduledThreadPoolExecutor$ScheduledFutureTask.run(ScheduledThreadPoolExecutor.java:305) ~[na:na]
	at java.base/java.util.concurrent.ThreadPoolExecutor.runWorker(ThreadPoolExecutor.java:1144) ~[na:na]
	at java.base/java.util.concurrent.ThreadPoolExecutor$Worker.run(ThreadPoolExecutor.java:642) ~[na:na]
	at java.base/java.lang.VirtualThread.run(VirtualThread.java:329) ~[na:na]
Caused by: java.net.SocketException: Closed by interrupt
	at java.base/java.net.Socket$SocketInputStream.read(Socket.java:1106) ~[na:na]
	at java.base/sun.security.ssl.SSLSocketInputRecord.read(SSLSocketInputRecord.java:489) ~[na:na]
	at java.base/sun.security.ssl.SSLSocketInputRecord.readHeader(SSLSocketInputRecord.java:483) ~[na:na]
	at java.base/sun.security.ssl.SSLSocketInputRecord.bytesInCompletePacket(SSLSocketInputRecord.java:70) ~[na:na]
	at java.base/sun.security.ssl.SSLSocketImpl.readApplicationRecord(SSLSocketImpl.java:1460) ~[na:na]
	at java.base/sun.security.ssl.SSLSocketImpl$AppInputStream.read(SSLSocketImpl.java:1066) ~[na:na]
	at org.postgresql.core.VisibleBufferedInputStream.readMore(VisibleBufferedInputStream.java:192) ~[postgresql-42.7.5.jar:42.7.5]
	at org.postgresql.core.VisibleBufferedInputStream.ensureBytes(VisibleBufferedInputStream.java:159) ~[postgresql-42.7.5.jar:42.7.5]
	at org.postgresql.core.VisibleBufferedInputStream.ensureBytes(VisibleBufferedInputStream.java:144) ~[postgresql-42.7.5.jar:42.7.5]
	at org.postgresql.core.VisibleBufferedInputStream.read(VisibleBufferedInputStream.java:76) ~[postgresql-42.7.5.jar:42.7.5]
	at org.postgresql.core.PGStream.receiveChar(PGStream.java:476) ~[postgresql-42.7.5.jar:42.7.5]
	at org.postgresql.core.v3.QueryExecutorImpl.processResults(QueryExecutorImpl.java:2174) ~[postgresql-42.7.5.jar:42.7.5]
	at org.postgresql.core.v3.QueryExecutorImpl.processResults(QueryExecutorImpl.java:2153) ~[postgresql-42.7.5.jar:42.7.5]
	at org.postgresql.core.v3.QueryExecutorImpl.flushIfDeadlockRisk(QueryExecutorImpl.java:1503) ~[postgresql-42.7.5.jar:42.7.5]
	at org.postgresql.core.v3.QueryExecutorImpl.sendQuery(QueryExecutorImpl.java:1528) ~[postgresql-42.7.5.jar:42.7.5]
	at org.postgresql.core.v3.QueryExecutorImpl.execute(QueryExecutorImpl.java:364) ~[postgresql-42.7.5.jar:42.7.5]
	... 59 common frames omitted
2026-08-02 00:02:30 [scheduling-1] WARN  o.h.e.jdbc.spi.SqlExceptionHelper - SQL Error: 0, SQLState: 08006
2026-08-02 00:02:30 [Thread-164] INFO  o.s.o.j.LocalContainerEntityManagerFactoryBean - Closing JPA EntityManagerFactory for persistence unit 'default'
2026-08-02 00:02:30 [scheduling-1] ERROR o.h.e.jdbc.spi.SqlExceptionHelper - An I/O error occurred while sending to the backend.
2026-08-02 00:02:30 [Thread-164] INFO  com.zaxxer.hikari.HikariDataSource - HikariPool-26 - Shutdown initiated...
2026-08-02 00:02:30 [scheduling-1] ERROR o.s.s.s.TaskUtils$LoggingErrorHandler - Unexpected error occurred in scheduled task
org.springframework.dao.DataAccessResourceFailureException: JDBC exception executing SQL [select c1_0.id,c1_0.assigned_user_id,c1_0.is_bot_conversation,c1_0.bot_fallback_count,c1_0.bot_handoff_at,c1_0.bot_resume_after,c1_0.channel,c1_0.channel_conversation_id,c1_0.closed_at,c1_0.contact_id,c1_0.created_at,c1_0.created_by,c1_0.is_deleted,c1_0.deleted_at,c1_0.deleted_by,c1_0.first_response_at,c1_0.human_handoff,c1_0.human_taken_over_at,c1_0.instance_name,c1_0.is_group,c1_0.last_agent_reply_at,c1_0.last_bot_response_at,c1_0.last_message_at,c1_0.last_processed_message_hash,c1_0.message_count,c1_0.metadata,c1_0.pending_ai_response,c1_0.priority,c1_0.resolution_time_seconds,c1_0.resolved_at,c1_0.response_time_seconds,c1_0.satisfaction_feedback,c1_0.satisfaction_rating,c1_0.status,c1_0.subject,c1_0.tags,c1_0.tenant_id,c1_0.unread_count,c1_0.updated_at,c1_0.updated_by,c1_0.version from conversations c1_0 where c1_0.pending_ai_response=true and c1_0.last_message_at<? and c1_0.status in ('OPEN','IN_PROGRESS','PENDING') and c1_0.is_deleted=false order by c1_0.last_message_at] [An I/O error occurred while sending to the backend.] [n/a]
	at org.springframework.orm.jpa.vendor.HibernateJpaDialect.convertHibernateAccessException(HibernateJpaDialect.java:274) ~[spring-orm-6.2.5.jar:6.2.5]
	at org.springframework.orm.jpa.vendor.HibernateJpaDialect.translateExceptionIfPossible(HibernateJpaDialect.java:241) ~[spring-orm-6.2.5.jar:6.2.5]
	at org.springframework.orm.jpa.AbstractEntityManagerFactoryBean.translateExceptionIfPossible(AbstractEntityManagerFactoryBean.java:560) ~[spring-orm-6.2.5.jar:6.2.5]
	at org.springframework.dao.support.ChainedPersistenceExceptionTranslator.translateExceptionIfPossible(ChainedPersistenceExceptionTranslator.java:61) ~[spring-tx-6.2.5.jar:6.2.5]
	at org.springframework.dao.support.DataAccessUtils.translateIfNecessary(DataAccessUtils.java:343) ~[spring-tx-6.2.5.jar:6.2.5]
	at org.springframework.dao.support.PersistenceExceptionTranslationInterceptor.invoke(PersistenceExceptionTranslationInterceptor.java:160) ~[spring-tx-6.2.5.jar:6.2.5]
	at org.springframework.aop.framework.ReflectiveMethodInvocation.proceed(ReflectiveMethodInvocation.java:184) ~[spring-aop-6.2.5.jar:6.2.5]
	at org.springframework.data.jpa.repository.support.CrudMethodMetadataPostProcessor$CrudMethodMetadataPopulatingMethodInterceptor.invoke(CrudMethodMetadataPostProcessor.java:136) ~[spring-data-jpa-3.4.4.jar:3.4.4]
	at org.springframework.aop.framework.ReflectiveMethodInvocation.proceed(ReflectiveMethodInvocation.java:184) ~[spring-aop-6.2.5.jar:6.2.5]
	at org.springframework.aop.framework.JdkDynamicAopProxy.invoke(JdkDynamicAopProxy.java:223) ~[spring-aop-6.2.5.jar:6.2.5]
	at jdk.proxy29/jdk.proxy29.$Proxy889.findPendingAiConversations(Unknown Source) ~[na:na]
	at com.iquenobot.orchestrator.application.aggregation.PendingAiResponseScheduler.processPendingConversations(PendingAiResponseScheduler.java:42) ~[classes/:na]
	at java.base/jdk.internal.reflect.DirectMethodHandleAccessor.invoke(DirectMethodHandleAccessor.java:103) ~[na:na]
	at java.base/java.lang.reflect.Method.invoke(Method.java:580) ~[na:na]
	at org.springframework.scheduling.support.ScheduledMethodRunnable.runInternal(ScheduledMethodRunnable.java:130) ~[spring-context-6.2.5.jar:6.2.5]
	at org.springframework.scheduling.support.ScheduledMethodRunnable.lambda$run$2(ScheduledMethodRunnable.java:124) ~[spring-context-6.2.5.jar:6.2.5]
	at io.micrometer.observation.Observation.observe(Observation.java:498) ~[micrometer-observation-1.14.5.jar:1.14.5]
	at org.springframework.scheduling.support.ScheduledMethodRunnable.run(ScheduledMethodRunnable.java:124) ~[spring-context-6.2.5.jar:6.2.5]
	at org.springframework.scheduling.config.Task$OutcomeTrackingRunnable.run(Task.java:85) ~[spring-context-6.2.5.jar:6.2.5]
	at org.springframework.scheduling.support.DelegatingErrorHandlingRunnable.run(DelegatingErrorHandlingRunnable.java:54) ~[spring-context-6.2.5.jar:6.2.5]
	at java.base/java.util.concurrent.Executors$RunnableAdapter.call(Executors.java:572) ~[na:na]
	at java.base/java.util.concurrent.FutureTask.runAndReset(FutureTask.java:358) ~[na:na]
	at java.base/java.util.concurrent.ScheduledThreadPoolExecutor$ScheduledFutureTask.run(ScheduledThreadPoolExecutor.java:305) ~[na:na]
	at java.base/java.util.concurrent.ThreadPoolExecutor.runWorker(ThreadPoolExecutor.java:1144) ~[na:na]
	at java.base/java.util.concurrent.ThreadPoolExecutor$Worker.run(ThreadPoolExecutor.java:642) ~[na:na]
	at java.base/java.lang.VirtualThread.run(VirtualThread.java:329) ~[na:na]
Caused by: org.hibernate.exception.JDBCConnectionException: JDBC exception executing SQL [select c1_0.id,c1_0.assigned_user_id,c1_0.is_bot_conversation,c1_0.bot_fallback_count,c1_0.bot_handoff_at,c1_0.bot_resume_after,c1_0.channel,c1_0.channel_conversation_id,c1_0.closed_at,c1_0.contact_id,c1_0.created_at,c1_0.created_by,c1_0.is_deleted,c1_0.deleted_at,c1_0.deleted_by,c1_0.first_response_at,c1_0.human_handoff,c1_0.human_taken_over_at,c1_0.instance_name,c1_0.is_group,c1_0.last_agent_reply_at,c1_0.last_bot_response_at,c1_0.last_message_at,c1_0.last_processed_message_hash,c1_0.message_count,c1_0.metadata,c1_0.pending_ai_response,c1_0.priority,c1_0.resolution_time_seconds,c1_0.resolved_at,c1_0.response_time_seconds,c1_0.satisfaction_feedback,c1_0.satisfaction_rating,c1_0.status,c1_0.subject,c1_0.tags,c1_0.tenant_id,c1_0.unread_count,c1_0.updated_at,c1_0.updated_by,c1_0.version from conversations c1_0 where c1_0.pending_ai_response=true and c1_0.last_message_at<? and c1_0.status in ('OPEN','IN_PROGRESS','PENDING') and c1_0.is_deleted=false order by c1_0.last_message_at] [An I/O error occurred while sending to the backend.] [n/a]
	at org.hibernate.exception.internal.SQLStateConversionDelegate.convert(SQLStateConversionDelegate.java:100) ~[hibernate-core-6.6.11.Final.jar:6.6.11.Final]
	at org.hibernate.exception.internal.StandardSQLExceptionConverter.convert(StandardSQLExceptionConverter.java:58) ~[hibernate-core-6.6.11.Final.jar:6.6.11.Final]
	at org.hibernate.engine.jdbc.spi.SqlExceptionHelper.convert(SqlExceptionHelper.java:108) ~[hibernate-core-6.6.11.Final.jar:6.6.11.Final]
	at org.hibernate.engine.jdbc.spi.SqlExceptionHelper.convert(SqlExceptionHelper.java:94) ~[hibernate-core-6.6.11.Final.jar:6.6.11.Final]
	at org.hibernate.sql.results.jdbc.internal.DeferredResultSetAccess.executeQuery(DeferredResultSetAccess.java:268) ~[hibernate-core-6.6.11.Final.jar:6.6.11.Final]
	at org.hibernate.sql.results.jdbc.internal.DeferredResultSetAccess.getResultSet(DeferredResultSetAccess.java:171) ~[hibernate-core-6.6.11.Final.jar:6.6.11.Final]
	at org.hibernate.sql.results.jdbc.internal.JdbcValuesResultSetImpl.<init>(JdbcValuesResultSetImpl.java:74) ~[hibernate-core-6.6.11.Final.jar:6.6.11.Final]
	at org.hibernate.sql.exec.internal.JdbcSelectExecutorStandardImpl.resolveJdbcValuesSource(JdbcSelectExecutorStandardImpl.java:355) ~[hibernate-core-6.6.11.Final.jar:6.6.11.Final]
	at org.hibernate.sql.exec.internal.JdbcSelectExecutorStandardImpl.doExecuteQuery(JdbcSelectExecutorStandardImpl.java:137) ~[hibernate-core-6.6.11.Final.jar:6.6.11.Final]
	at org.hibernate.sql.exec.internal.JdbcSelectExecutorStandardImpl.executeQuery(JdbcSelectExecutorStandardImpl.java:102) ~[hibernate-core-6.6.11.Final.jar:6.6.11.Final]
	at org.hibernate.sql.exec.spi.JdbcSelectExecutor.executeQuery(JdbcSelectExecutor.java:91) ~[hibernate-core-6.6.11.Final.jar:6.6.11.Final]
	at org.hibernate.sql.exec.spi.JdbcSelectExecutor.list(JdbcSelectExecutor.java:165) ~[hibernate-core-6.6.11.Final.jar:6.6.11.Final]
	at org.hibernate.query.sqm.internal.ConcreteSqmSelectQueryPlan.lambda$new$1(ConcreteSqmSelectQueryPlan.java:152) ~[hibernate-core-6.6.11.Final.jar:6.6.11.Final]
	at org.hibernate.query.sqm.internal.ConcreteSqmSelectQueryPlan.withCacheableSqmInterpretation(ConcreteSqmSelectQueryPlan.java:442) ~[hibernate-core-6.6.11.Final.jar:6.6.11.Final]
	at org.hibernate.query.sqm.internal.ConcreteSqmSelectQueryPlan.performList(ConcreteSqmSelectQueryPlan.java:362) ~[hibernate-core-6.6.11.Final.jar:6.6.11.Final]
	at org.hibernate.query.sqm.internal.QuerySqmImpl.doList(QuerySqmImpl.java:380) ~[hibernate-core-6.6.11.Final.jar:6.6.11.Final]
	at org.hibernate.query.spi.AbstractSelectionQuery.list(AbstractSelectionQuery.java:143) ~[hibernate-core-6.6.11.Final.jar:6.6.11.Final]
	at org.hibernate.query.Query.getResultList(Query.java:120) ~[hibernate-core-6.6.11.Final.jar:6.6.11.Final]
	at java.base/jdk.internal.reflect.DirectMethodHandleAccessor.invoke(DirectMethodHandleAccessor.java:103) ~[na:na]
	at java.base/java.lang.reflect.Method.invoke(Method.java:580) ~[na:na]
	at org.springframework.orm.jpa.SharedEntityManagerCreator$DeferredQueryInvocationHandler.invoke(SharedEntityManagerCreator.java:419) ~[spring-orm-6.2.5.jar:6.2.5]
	at jdk.proxy29/jdk.proxy29.$Proxy902.getResultList(Unknown Source) ~[na:na]
	at org.springframework.data.jpa.repository.query.JpaQueryExecution$CollectionExecution.doExecute(JpaQueryExecution.java:130) ~[spring-data-jpa-3.4.4.jar:3.4.4]
	at org.springframework.data.jpa.repository.query.JpaQueryExecution.execute(JpaQueryExecution.java:93) ~[spring-data-jpa-3.4.4.jar:3.4.4]
	at org.springframework.data.jpa.repository.query.AbstractJpaQuery.doExecute(AbstractJpaQuery.java:152) ~[spring-data-jpa-3.4.4.jar:3.4.4]
	at org.springframework.data.jpa.repository.query.AbstractJpaQuery.execute(AbstractJpaQuery.java:140) ~[spring-data-jpa-3.4.4.jar:3.4.4]
	at org.springframework.data.repository.core.support.RepositoryMethodInvoker.doInvoke(RepositoryMethodInvoker.java:170) ~[spring-data-commons-3.4.4.jar:3.4.4]
	at org.springframework.data.repository.core.support.RepositoryMethodInvoker.invoke(RepositoryMethodInvoker.java:158) ~[spring-data-commons-3.4.4.jar:3.4.4]
	at org.springframework.data.repository.core.support.QueryExecutorMethodInterceptor.doInvoke(QueryExecutorMethodInterceptor.java:170) ~[spring-data-commons-3.4.4.jar:3.4.4]
	at org.springframework.data.repository.core.support.QueryExecutorMethodInterceptor.invoke(QueryExecutorMethodInterceptor.java:149) ~[spring-data-commons-3.4.4.jar:3.4.4]
	at org.springframework.aop.framework.ReflectiveMethodInvocation.proceed(ReflectiveMethodInvocation.java:184) ~[spring-aop-6.2.5.jar:6.2.5]
	at org.springframework.data.projection.DefaultMethodInvokingMethodInterceptor.invoke(DefaultMethodInvokingMethodInterceptor.java:69) ~[spring-data-commons-3.4.4.jar:3.4.4]
	at org.springframework.aop.framework.ReflectiveMethodInvocation.proceed(ReflectiveMethodInvocation.java:184) ~[spring-aop-6.2.5.jar:6.2.5]
	at org.springframework.transaction.interceptor.TransactionAspectSupport.invokeWithinTransaction(TransactionAspectSupport.java:380) ~[spring-tx-6.2.5.jar:6.2.5]
	at org.springframework.transaction.interceptor.TransactionInterceptor.invoke(TransactionInterceptor.java:119) ~[spring-tx-6.2.5.jar:6.2.5]
	at org.springframework.aop.framework.ReflectiveMethodInvocation.proceed(ReflectiveMethodInvocation.java:184) ~[spring-aop-6.2.5.jar:6.2.5]
	at org.springframework.dao.support.PersistenceExceptionTranslationInterceptor.invoke(PersistenceExceptionTranslationInterceptor.java:138) ~[spring-tx-6.2.5.jar:6.2.5]
	... 20 common frames omitted
Caused by: org.postgresql.util.PSQLException: An I/O error occurred while sending to the backend.
	at org.postgresql.core.v3.QueryExecutorImpl.execute(QueryExecutorImpl.java:399) ~[postgresql-42.7.5.jar:42.7.5]
	at org.postgresql.jdbc.PgStatement.executeInternal(PgStatement.java:517) ~[postgresql-42.7.5.jar:42.7.5]
	at org.postgresql.jdbc.PgStatement.execute(PgStatement.java:434) ~[postgresql-42.7.5.jar:42.7.5]
	at org.postgresql.jdbc.PgPreparedStatement.executeWithFlags(PgPreparedStatement.java:194) ~[postgresql-42.7.5.jar:42.7.5]
	at org.postgresql.jdbc.PgPreparedStatement.executeQuery(PgPreparedStatement.java:137) ~[postgresql-42.7.5.jar:42.7.5]
	at com.zaxxer.hikari.pool.ProxyPreparedStatement.executeQuery(ProxyPreparedStatement.java:52) ~[HikariCP-5.1.0.jar:na]
	at com.zaxxer.hikari.pool.HikariProxyPreparedStatement.executeQuery(HikariProxyPreparedStatement.java) ~[HikariCP-5.1.0.jar:na]
	at org.hibernate.sql.results.jdbc.internal.DeferredResultSetAccess.executeQuery(DeferredResultSetAccess.java:250) ~[hibernate-core-6.6.11.Final.jar:6.6.11.Final]
	... 52 common frames omitted
Caused by: java.net.SocketException: Closed by interrupt
	at java.base/java.net.Socket$SocketInputStream.read(Socket.java:1106) ~[na:na]
	at java.base/sun.security.ssl.SSLSocketInputRecord.read(SSLSocketInputRecord.java:489) ~[na:na]
	at java.base/sun.security.ssl.SSLSocketInputRecord.readHeader(SSLSocketInputRecord.java:483) ~[na:na]
	at java.base/sun.security.ssl.SSLSocketInputRecord.bytesInCompletePacket(SSLSocketInputRecord.java:70) ~[na:na]
	at java.base/sun.security.ssl.SSLSocketImpl.readApplicationRecord(SSLSocketImpl.java:1460) ~[na:na]
	at java.base/sun.security.ssl.SSLSocketImpl$AppInputStream.read(SSLSocketImpl.java:1066) ~[na:na]
	at org.postgresql.core.VisibleBufferedInputStream.readMore(VisibleBufferedInputStream.java:192) ~[postgresql-42.7.5.jar:42.7.5]
	at org.postgresql.core.VisibleBufferedInputStream.ensureBytes(VisibleBufferedInputStream.java:159) ~[postgresql-42.7.5.jar:42.7.5]
	at org.postgresql.core.VisibleBufferedInputStream.ensureBytes(VisibleBufferedInputStream.java:144) ~[postgresql-42.7.5.jar:42.7.5]
	at org.postgresql.core.VisibleBufferedInputStream.read(VisibleBufferedInputStream.java:76) ~[postgresql-42.7.5.jar:42.7.5]
	at org.postgresql.core.PGStream.receiveChar(PGStream.java:476) ~[postgresql-42.7.5.jar:42.7.5]
	at org.postgresql.core.v3.QueryExecutorImpl.processResults(QueryExecutorImpl.java:2174) ~[postgresql-42.7.5.jar:42.7.5]
	at org.postgresql.core.v3.QueryExecutorImpl.processResults(QueryExecutorImpl.java:2153) ~[postgresql-42.7.5.jar:42.7.5]
	at org.postgresql.core.v3.QueryExecutorImpl.flushIfDeadlockRisk(QueryExecutorImpl.java:1503) ~[postgresql-42.7.5.jar:42.7.5]
	at org.postgresql.core.v3.QueryExecutorImpl.sendQuery(QueryExecutorImpl.java:1528) ~[postgresql-42.7.5.jar:42.7.5]
	at org.postgresql.core.v3.QueryExecutorImpl.execute(QueryExecutorImpl.java:364) ~[postgresql-42.7.5.jar:42.7.5]
	... 59 common frames omitted
2026-08-02 00:02:31 [Thread-164] INFO  com.zaxxer.hikari.HikariDataSource - HikariPool-26 - Shutdown completed.
2026-08-02 00:02:31 [Thread-164] DEBUG c.i.s.w.NotificationWebSocketHandler - WebSocket transport error: user=935532dc-b311-4071-851e-71e87089679a error=java.nio.channels.ClosedChannelException
2026-08-02 00:02:31 [Thread-164] DEBUG c.i.s.w.NotificationWebSocketHandler - WebSocket disconnected: user=935532dc-b311-4071-851e-71e87089679a status=CloseStatus[code=1001, reason=The web application is stopping]
2026-08-02 00:02:32 [restartedMain] INFO  com.iquenobot.IquenobotApplication - Starting IquenobotApplication using Java 21.0.11 with PID 23200 (C:\Users\luisv\OneDrive\Escritorio\cloniquenobot\iquenobot\target\classes started by luisv in C:\Users\luisv\OneDrive\Escritorio\cloniquenobot\iquenobot)
2026-08-02 00:02:32 [restartedMain] DEBUG com.iquenobot.IquenobotApplication - Running with Spring Boot v3.4.4, Spring v6.2.5
2026-08-02 00:02:32 [restartedMain] INFO  com.iquenobot.IquenobotApplication - The following 1 profile is active: "dev"
2026-08-02 00:02:32 [restartedMain] INFO  o.s.d.r.c.RepositoryConfigurationDelegate - Bootstrapping Spring Data JPA repositories in DEFAULT mode.
2026-08-02 00:02:32 [restartedMain] INFO  o.s.d.r.c.RepositoryConfigurationDelegate - Finished Spring Data repository scanning in 179 ms. Found 22 JPA repository interfaces.
2026-08-02 00:02:33 [restartedMain] INFO  o.s.b.w.e.tomcat.TomcatWebServer - Tomcat initialized with port 8085 (http)
2026-08-02 00:02:33 [restartedMain] INFO  o.a.catalina.core.StandardService - Starting service [Tomcat]
2026-08-02 00:02:33 [restartedMain] INFO  o.a.catalina.core.StandardEngine - Starting Servlet engine: [Apache Tomcat/10.1.39]
2026-08-02 00:02:33 [restartedMain] INFO  o.a.c.c.C.[Tomcat-2].[localhost].[/] - Initializing Spring embedded WebApplicationContext
2026-08-02 00:02:33 [restartedMain] INFO  o.s.b.w.s.c.ServletWebServerApplicationContext - Root WebApplicationContext: initialization completed in 1257 ms
2026-08-02 00:02:33 [restartedMain] INFO  com.zaxxer.hikari.HikariDataSource - HikariPool-27 - Starting...
2026-08-02 00:02:34 [restartedMain] INFO  com.zaxxer.hikari.pool.HikariPool - HikariPool-27 - Added connection org.postgresql.jdbc.PgConnection@193b8c11
2026-08-02 00:02:34 [restartedMain] INFO  com.zaxxer.hikari.HikariDataSource - HikariPool-27 - Start completed.
2026-08-02 00:02:35 [restartedMain] INFO  org.flywaydb.core.FlywayExecutor - Database: jdbc:postgresql://ep-delicate-bird-axk10rcp-pooler.c-4.us-east-2.aws.neon.tech:5432/neondb?sslmode=require (PostgreSQL 18.4)
2026-08-02 00:02:36 [restartedMain] WARN  o.f.c.i.database.base.Database - Flyway upgrade recommended: PostgreSQL 18.4 is newer than this version of Flyway and support has not been tested. The latest supported version of PostgreSQL is 17.
2026-08-02 00:02:36 [restartedMain] INFO  o.f.core.internal.command.DbValidate - Successfully validated 34 migrations (execution time 00:00.621s)
2026-08-02 00:02:38 [restartedMain] INFO  o.f.core.internal.command.DbMigrate - Current version of schema "public": 034
2026-08-02 00:02:38 [restartedMain] INFO  o.f.core.internal.command.DbMigrate - Schema "public" is up to date. No migration necessary.
2026-08-02 00:02:40 [restartedMain] INFO  o.h.jpa.internal.util.LogHelper - HHH000204: Processing PersistenceUnitInfo [name: default]
2026-08-02 00:02:40 [restartedMain] INFO  o.h.c.i.RegionFactoryInitiator - HHH000026: Second-level cache disabled
2026-08-02 00:02:40 [restartedMain] INFO  o.s.o.j.p.SpringPersistenceUnitInfo - No LoadTimeWeaver setup: ignoring JPA class transformer
2026-08-02 00:02:40 [restartedMain] WARN  org.hibernate.orm.deprecation - HHH90000025: PostgreSQLDialect does not need to be specified explicitly using 'hibernate.dialect' (remove the property setting and it will be selected by default)
2026-08-02 00:02:40 [restartedMain] INFO  o.hibernate.orm.connections.pooling - HHH10001005: Database info:
	Database JDBC URL [Connecting through datasource 'HikariDataSource (HikariPool-27)']
	Database driver: undefined/unknown
	Database version: 18.4
	Autocommit mode: undefined/unknown
	Isolation level: undefined/unknown
	Minimum pool size: undefined/unknown
	Maximum pool size: undefined/unknown
2026-08-02 00:02:41 [restartedMain] INFO  o.h.e.t.j.p.i.JtaPlatformInitiator - HHH000489: No JTA platform available (set 'hibernate.transaction.jta.platform' to enable JTA platform integration)
2026-08-02 00:02:42 [restartedMain] INFO  o.s.o.j.LocalContainerEntityManagerFactoryBean - Initialized JPA EntityManagerFactory for persistence unit 'default'
2026-08-02 00:02:42 [restartedMain] DEBUG c.i.s.s.JwtAuthenticationFilter - Filter 'jwtAuthenticationFilter' configured for use
2026-08-02 00:02:43 [restartedMain] INFO  c.i.o.a.decision.DecisionEngineImpl - DecisionEngine initialized with 3 strategies
2026-08-02 00:02:43 [restartedMain] INFO  c.i.s.i.storage.LocalStorageService - LocalStorageService initialized at: C:\Users\luisv\OneDrive\Escritorio\cloniquenobot\iquenobot\uploads
2026-08-02 00:02:43 [restartedMain] INFO  c.i.o.a.action.ActionDispatcher - ActionDispatcher initialized with 15 executors
2026-08-02 00:02:43 [restartedMain] INFO  c.i.s.application.FileUploadService - File upload directory created at: C:\Users\luisv\OneDrive\Escritorio\cloniquenobot\iquenobot\uploads
2026-08-02 00:02:45 [restartedMain] INFO  c.i.o.i.config.AsyncConfig - Orchestrator event executor initialized: core=5 max=20 queue=500
2026-08-02 00:02:45 [restartedMain] WARN  o.s.b.a.s.s.UserDetailsServiceAutoConfiguration - 

Using generated security password: d1c92901-8327-4840-9500-286fe86d1bfd

This generated password is for development use only. Your security configuration must be updated before running your application in production.

2026-08-02 00:02:45 [restartedMain] INFO  o.s.b.a.e.web.EndpointLinksResolver - Exposing 3 endpoints beneath base path '/actuator'
2026-08-02 00:02:46 [restartedMain] INFO  o.s.b.d.a.OptionalLiveReloadServer - LiveReload server is running on port 35729
2026-08-02 00:02:46 [restartedMain] INFO  o.s.b.w.e.tomcat.TomcatWebServer - Tomcat started on port 8085 (http) with context path '/'
2026-08-02 00:02:46 [restartedMain] INFO  com.iquenobot.IquenobotApplication - Started IquenobotApplication in 14.403 seconds (process running for 4267.75)
2026-08-02 00:02:47 [restartedMain] INFO  c.i.shared.config.DataInitializer - Plans already seeded, skipping
2026-08-02 00:02:47 [restartedMain] INFO  c.i.shared.config.DataInitializer - SUPER_ADMIN already exists, skipping initialization
2026-08-02 00:02:47 [restartedMain] INFO  o.s.b.d.a.ConditionEvaluationDeltaLoggingListener - Condition evaluation unchanged
2026-08-02 00:02:47 [tomcat-handler-0] INFO  o.a.c.c.C.[Tomcat-2].[localhost].[/] - Initializing Spring DispatcherServlet 'dispatcherServlet'
2026-08-02 00:02:47 [tomcat-handler-0] INFO  o.s.web.servlet.DispatcherServlet - Initializing Servlet 'dispatcherServlet'
2026-08-02 00:02:47 [tomcat-handler-0] INFO  o.s.web.servlet.DispatcherServlet - Completed initialization in 2 ms
2026-08-02 00:02:47 [tomcat-handler-0] DEBUG c.i.s.w.NotificationWebSocketHandler - WebSocket connected: user=935532dc-b311-4071-851e-71e87089679a tenant=d563b428-b1a9-4bf3-af62-a175e92e8e18 sessions=1
2026-08-02 00:02:47 [tomcat-handler-1] DEBUG c.i.s.w.NotificationWebSocketHandler - User 935532dc-b311-4071-851e-71e87089679a joined conversation 39d6fbbc-7b0b-46bd-9ccf-a7eac170c828 (1 subscribers)
2026-08-02 00:06:21 [File Watcher] INFO  o.s.b.d.a.LocalDevToolsAutoConfiguration$RestartingClassPathChangeChangedEventListener - Restarting due to 1 class path change (0 additions, 0 deletions, 1 modification)
2026-08-02 00:06:21 [Thread-169] INFO  o.s.b.w.e.tomcat.GracefulShutdown - Commencing graceful shutdown. Waiting for active requests to complete
2026-08-02 00:06:21 [tomcat-shutdown] INFO  o.s.b.w.e.tomcat.GracefulShutdown - Graceful shutdown complete
2026-08-02 00:06:21 [Thread-169] INFO  o.s.o.j.LocalContainerEntityManagerFactoryBean - Closing JPA EntityManagerFactory for persistence unit 'default'
2026-08-02 00:06:21 [Thread-169] INFO  com.zaxxer.hikari.HikariDataSource - HikariPool-27 - Shutdown initiated...
2026-08-02 00:06:22 [Thread-169] INFO  com.zaxxer.hikari.HikariDataSource - HikariPool-27 - Shutdown completed.
2026-08-02 00:06:22 [Thread-169] DEBUG c.i.s.w.NotificationWebSocketHandler - WebSocket transport error: user=935532dc-b311-4071-851e-71e87089679a error=java.nio.channels.ClosedChannelException
2026-08-02 00:06:22 [Thread-169] DEBUG c.i.s.w.NotificationWebSocketHandler - WebSocket disconnected: user=935532dc-b311-4071-851e-71e87089679a status=CloseStatus[code=1001, reason=The web application is stopping]
2026-08-02 00:06:22 [restartedMain] INFO  com.iquenobot.IquenobotApplication - Starting IquenobotApplication using Java 21.0.11 with PID 23200 (C:\Users\luisv\OneDrive\Escritorio\cloniquenobot\iquenobot\target\classes started by luisv in C:\Users\luisv\OneDrive\Escritorio\cloniquenobot\iquenobot)
2026-08-02 00:06:22 [restartedMain] DEBUG com.iquenobot.IquenobotApplication - Running with Spring Boot v3.4.4, Spring v6.2.5
2026-08-02 00:06:22 [restartedMain] INFO  com.iquenobot.IquenobotApplication - The following 1 profile is active: "dev"
2026-08-02 00:06:22 [restartedMain] INFO  o.s.d.r.c.RepositoryConfigurationDelegate - Bootstrapping Spring Data JPA repositories in DEFAULT mode.
2026-08-02 00:06:23 [restartedMain] INFO  o.s.d.r.c.RepositoryConfigurationDelegate - Finished Spring Data repository scanning in 185 ms. Found 22 JPA repository interfaces.
2026-08-02 00:06:23 [restartedMain] INFO  o.s.b.w.e.tomcat.TomcatWebServer - Tomcat initialized with port 8085 (http)
2026-08-02 00:06:23 [restartedMain] INFO  o.a.catalina.core.StandardService - Starting service [Tomcat]
2026-08-02 00:06:23 [restartedMain] INFO  o.a.catalina.core.StandardEngine - Starting Servlet engine: [Apache Tomcat/10.1.39]
2026-08-02 00:06:23 [restartedMain] INFO  o.a.c.c.C.[Tomcat-2].[localhost].[/] - Initializing Spring embedded WebApplicationContext
2026-08-02 00:06:23 [restartedMain] INFO  o.s.b.w.s.c.ServletWebServerApplicationContext - Root WebApplicationContext: initialization completed in 1283 ms
2026-08-02 00:06:23 [restartedMain] INFO  com.zaxxer.hikari.HikariDataSource - HikariPool-28 - Starting...
2026-08-02 00:06:25 [restartedMain] INFO  com.zaxxer.hikari.pool.HikariPool - HikariPool-28 - Added connection org.postgresql.jdbc.PgConnection@4180949
2026-08-02 00:06:25 [restartedMain] INFO  com.zaxxer.hikari.HikariDataSource - HikariPool-28 - Start completed.
2026-08-02 00:06:25 [restartedMain] INFO  org.flywaydb.core.FlywayExecutor - Database: jdbc:postgresql://ep-delicate-bird-axk10rcp-pooler.c-4.us-east-2.aws.neon.tech:5432/neondb?sslmode=require (PostgreSQL 18.4)
2026-08-02 00:06:26 [restartedMain] WARN  o.f.c.i.database.base.Database - Flyway upgrade recommended: PostgreSQL 18.4 is newer than this version of Flyway and support has not been tested. The latest supported version of PostgreSQL is 17.
2026-08-02 00:06:27 [restartedMain] INFO  o.f.core.internal.command.DbValidate - Successfully validated 34 migrations (execution time 00:00.600s)
2026-08-02 00:06:29 [restartedMain] INFO  o.f.core.internal.command.DbMigrate - Current version of schema "public": 034
2026-08-02 00:06:29 [restartedMain] INFO  o.f.core.internal.command.DbMigrate - Schema "public" is up to date. No migration necessary.
2026-08-02 00:06:30 [restartedMain] INFO  o.h.jpa.internal.util.LogHelper - HHH000204: Processing PersistenceUnitInfo [name: default]
2026-08-02 00:06:30 [restartedMain] INFO  o.h.c.i.RegionFactoryInitiator - HHH000026: Second-level cache disabled
2026-08-02 00:06:30 [restartedMain] INFO  o.s.o.j.p.SpringPersistenceUnitInfo - No LoadTimeWeaver setup: ignoring JPA class transformer
2026-08-02 00:06:30 [restartedMain] WARN  org.hibernate.orm.deprecation - HHH90000025: PostgreSQLDialect does not need to be specified explicitly using 'hibernate.dialect' (remove the property setting and it will be selected by default)
2026-08-02 00:06:30 [restartedMain] INFO  o.hibernate.orm.connections.pooling - HHH10001005: Database info:
	Database JDBC URL [Connecting through datasource 'HikariDataSource (HikariPool-28)']
	Database driver: undefined/unknown
	Database version: 18.4
	Autocommit mode: undefined/unknown
	Isolation level: undefined/unknown
	Minimum pool size: undefined/unknown
	Maximum pool size: undefined/unknown
2026-08-02 00:06:31 [restartedMain] INFO  o.h.e.t.j.p.i.JtaPlatformInitiator - HHH000489: No JTA platform available (set 'hibernate.transaction.jta.platform' to enable JTA platform integration)
2026-08-02 00:06:32 [restartedMain] INFO  o.s.o.j.LocalContainerEntityManagerFactoryBean - Initialized JPA EntityManagerFactory for persistence unit 'default'
2026-08-02 00:06:32 [restartedMain] DEBUG c.i.s.s.JwtAuthenticationFilter - Filter 'jwtAuthenticationFilter' configured for use
2026-08-02 00:06:33 [restartedMain] INFO  c.i.o.a.decision.DecisionEngineImpl - DecisionEngine initialized with 3 strategies
2026-08-02 00:06:33 [restartedMain] INFO  c.i.s.i.storage.LocalStorageService - LocalStorageService initialized at: C:\Users\luisv\OneDrive\Escritorio\cloniquenobot\iquenobot\uploads
2026-08-02 00:06:33 [restartedMain] INFO  c.i.o.a.action.ActionDispatcher - ActionDispatcher initialized with 15 executors
2026-08-02 00:06:33 [restartedMain] INFO  c.i.s.application.FileUploadService - File upload directory created at: C:\Users\luisv\OneDrive\Escritorio\cloniquenobot\iquenobot\uploads
2026-08-02 00:06:34 [restartedMain] INFO  c.i.o.i.config.AsyncConfig - Orchestrator event executor initialized: core=5 max=20 queue=500
2026-08-02 00:06:35 [restartedMain] WARN  o.s.b.a.s.s.UserDetailsServiceAutoConfiguration - 

Using generated security password: c085422c-d9b9-43ce-8e79-6f43115f7191

This generated password is for development use only. Your security configuration must be updated before running your application in production.

2026-08-02 00:06:35 [restartedMain] INFO  o.s.b.a.e.web.EndpointLinksResolver - Exposing 3 endpoints beneath base path '/actuator'
2026-08-02 00:06:35 [restartedMain] INFO  o.s.b.d.a.OptionalLiveReloadServer - LiveReload server is running on port 35729
2026-08-02 00:06:35 [restartedMain] INFO  o.s.b.w.e.tomcat.TomcatWebServer - Tomcat started on port 8085 (http) with context path '/'
2026-08-02 00:06:35 [restartedMain] INFO  com.iquenobot.IquenobotApplication - Started IquenobotApplication in 13.704 seconds (process running for 4497.318)
2026-08-02 00:06:36 [restartedMain] INFO  c.i.shared.config.DataInitializer - Plans already seeded, skipping
2026-08-02 00:06:36 [restartedMain] INFO  c.i.shared.config.DataInitializer - SUPER_ADMIN already exists, skipping initialization
2026-08-02 00:06:36 [restartedMain] INFO  o.s.b.d.a.ConditionEvaluationDeltaLoggingListener - Condition evaluation unchanged
2026-08-02 00:06:38 [tomcat-handler-0] INFO  o.a.c.c.C.[Tomcat-2].[localhost].[/] - Initializing Spring DispatcherServlet 'dispatcherServlet'
2026-08-02 00:06:38 [tomcat-handler-0] INFO  o.s.web.servlet.DispatcherServlet - Initializing Servlet 'dispatcherServlet'
2026-08-02 00:06:38 [tomcat-handler-0] INFO  o.s.web.servlet.DispatcherServlet - Completed initialization in 2 ms
2026-08-02 00:06:38 [tomcat-handler-0] DEBUG c.i.s.w.NotificationWebSocketHandler - WebSocket connected: user=935532dc-b311-4071-851e-71e87089679a tenant=d563b428-b1a9-4bf3-af62-a175e92e8e18 sessions=1
2026-08-02 00:06:38 [tomcat-handler-1] DEBUG c.i.s.w.NotificationWebSocketHandler - User 935532dc-b311-4071-851e-71e87089679a joined conversation 39d6fbbc-7b0b-46bd-9ccf-a7eac170c828 (1 subscribers)
2026-08-02 00:06:52 [tomcat-handler-2] DEBUG c.i.s.w.NotificationWebSocketHandler - WebSocket disconnected: user=935532dc-b311-4071-851e-71e87089679a status=CloseStatus[code=1001, reason=null]
2026-08-02 00:06:53 [tomcat-handler-4] DEBUG c.i.auth.application.AuthService - Refreshing token
2026-08-02 00:06:53 [tomcat-handler-3] DEBUG c.i.auth.application.AuthService - Refreshing token
2026-08-02 00:06:53 [tomcat-handler-4] DEBUG c.i.auth.application.AuthService - Token refreshed successfully for user: supervisor@miempresa.com
2026-08-02 00:06:53 [tomcat-handler-3] DEBUG c.i.auth.application.AuthService - Token refreshed successfully for user: supervisor@miempresa.com
2026-08-02 00:06:54 [tomcat-handler-5] DEBUG c.i.s.w.NotificationWebSocketHandler - WebSocket connected: user=935532dc-b311-4071-851e-71e87089679a tenant=d563b428-b1a9-4bf3-af62-a175e92e8e18 sessions=1
2026-08-02 00:06:54 [tomcat-handler-6] INFO  c.i.auth.application.AuthService - Attempting login for email: supervisor@miempresa.com
2026-08-02 00:06:56 [tomcat-handler-6] INFO  c.i.auth.application.AuthService - Login successful for user: supervisor@miempresa.com in tenant: midemo
2026-08-02 00:06:57 [tomcat-handler-7] DEBUG c.i.s.s.JwtAuthenticationFilter - User authenticated: 935532dc-b311-4071-851e-71e87089679a for tenant: d563b428-b1a9-4bf3-af62-a175e92e8e18
2026-08-02 00:06:59 [tomcat-handler-8] DEBUG c.i.s.s.JwtAuthenticationFilter - User authenticated: 935532dc-b311-4071-851e-71e87089679a for tenant: d563b428-b1a9-4bf3-af62-a175e92e8e18
2026-08-02 00:07:01 [tomcat-handler-9] DEBUG c.i.s.w.NotificationWebSocketHandler - User 935532dc-b311-4071-851e-71e87089679a left conversation 39d6fbbc-7b0b-46bd-9ccf-a7eac170c828
2026-08-02 00:07:01 [tomcat-handler-9] DEBUG c.i.s.w.NotificationWebSocketHandler - User 935532dc-b311-4071-851e-71e87089679a joined conversation 39d6fbbc-7b0b-46bd-9ccf-a7eac170c828 (1 subscribers)
2026-08-02 00:07:01 [tomcat-handler-11] DEBUG c.i.s.s.JwtAuthenticationFilter - User authenticated: 935532dc-b311-4071-851e-71e87089679a for tenant: d563b428-b1a9-4bf3-af62-a175e92e8e18
2026-08-02 00:07:01 [tomcat-handler-10] DEBUG c.i.s.s.JwtAuthenticationFilter - User authenticated: 935532dc-b311-4071-851e-71e87089679a for tenant: d563b428-b1a9-4bf3-af62-a175e92e8e18
2026-08-02 00:07:02 [tomcat-handler-12] DEBUG c.i.s.s.JwtAuthenticationFilter - User authenticated: 935532dc-b311-4071-851e-71e87089679a for tenant: d563b428-b1a9-4bf3-af62-a175e92e8e18
2026-08-02 00:07:03 [tomcat-handler-12] INFO  c.i.c.a.ConversationService - Marked 0 messages as read in conversation 39d6fbbc-7b0b-46bd-9ccf-a7eac170c828 for tenant d563b428-b1a9-4bf3-af62-a175e92e8e18 (conversation rows updated=1)
2026-08-02 00:07:23 [tomcat-handler-13] INFO  c.i.a.i.c.WhatsAppWebhookController - === WEBHOOK WHATSAPP RECIBIDO ===
2026-08-02 00:07:23 [tomcat-handler-13] INFO  c.i.a.i.c.WhatsAppWebhookController - Instance: mi-whatsapp Event: messages.upsert
2026-08-02 00:07:23 [tomcat-handler-13] INFO  c.i.a.i.c.WhatsAppWebhookController - Payload - event: messages.upsert, instanceId: null, from: null, messageId: null, type: null, text: null
2026-08-02 00:07:23 [tomcat-handler-13] INFO  c.i.a.i.c.WhatsAppWebhookController - Payload - data present: SI, data keys: [key, pushName, status, message, messageType, messageTimestamp, instanceId, source]
2026-08-02 00:07:23 [tomcat-handler-13] INFO  c.i.o.a.WhatsAppWebhookAdapter - Processing Evolution webhook for instance=mi-whatsapp
2026-08-02 00:07:23 [tomcat-handler-13] DEBUG c.i.o.a.WhatsAppWebhookAdapter - Evolution webhook data={key={remoteJid=120363424364570024@g.us, fromMe=true, id=A5FC194C15629D8E6069C9C1CCE44AFD, participant=181161838002355@lid, addressingMode=lid}, pushName=LuisDev, status=SERVER_ACK, message={conversation=....mmmm, messageContextInfo={threadId=[], messageSecret={0=51, 1=126, 2=133, 3=53, 4=20, 5=112, 6=217, 7=150, 8=92, 9=230, 10=42, 11=126, 12=156, 13=105, 14=67, 15=44, 16=161, 17=9, 18=61, 19=202, 20=169, 21=43, 22=253, 23=174, 24=111, 25=125, 26=240, 27=157, 28=155, 29=1, 30=240, 31=35}}}, messageType=conversation, messageTimestamp=1785647242, instanceId=50ca41c7-d60d-4ffa-bfc6-4328c6a10ad8, source=android}
2026-08-02 00:07:24 [tomcat-handler-13] INFO  c.i.o.a.WhatsAppWebhookAdapter - New WhatsApp message from +181161838002355 | type=conversation | msgId=A5FC194C15629D8E6069C9C1CCE44AFD
2026-08-02 00:07:24 [tomcat-handler-13] INFO  c.i.o.a.WhatsAppWebhookAdapter - WhatsApp direction: OUTBOUND
2026-08-02 00:07:24 [tomcat-handler-13] WARN  c.i.a.i.w.EvolutionApiProvider - Error obteniendo nombre del grupo 120363424364570024@g.us: 404 Not Found on POST request for "http://localhost:8080/group/findGroupInfos/mi-whatsapp": "{"status":404,"error":"Not Found","response":{"message":["Cannot POST /group/findGroupInfos/mi-whatsapp"]}}"
2026-08-02 00:07:24 [tomcat-handler-13] INFO  c.i.o.a.WhatsAppWebhookAdapter - Incoming WhatsApp message processed: from=+181161838002355 direction=OUTBOUND type=TEXT content=....mmmm
2026-08-02 00:07:24 [tomcat-handler-13] INFO  c.i.o.a.ConversationOrchestrator - Orchestrator processing message from channel=WHATSAPP source=+181161838002355
2026-08-02 00:07:24 [tomcat-handler-13] INFO  c.i.o.a.ConversationOrchestrator - Orchestrator processing message from channel=WHATSAPP source=+181161838002355
2026-08-02 00:07:24 [tomcat-handler-13] INFO  c.i.o.a.pipeline.MessagePipeline - Starting message pipeline with 10 steps for channel: WHATSAPP
2026-08-02 00:07:24 [tomcat-handler-13] DEBUG c.i.o.a.pipeline.ValidationStep - Validation passed for message from channel=WHATSAPP source=+181161838002355
2026-08-02 00:07:24 [tomcat-handler-13] DEBUG c.i.o.a.pipeline.MessagePipeline - Pipeline step ValidationStep completed in 0ms
2026-08-02 00:07:24 [tomcat-handler-13] DEBUG c.i.o.a.p.TenantResolutionStep - Tenant resolved: id=d563b428-b1a9-4bf3-af62-a175e92e8e18 subdomain=midemo
2026-08-02 00:07:24 [tomcat-handler-13] DEBUG c.i.o.a.pipeline.MessagePipeline - Pipeline step TenantResolutionStep completed in 297ms
2026-08-02 00:07:24 [tomcat-handler-13] DEBUG c.i.o.a.p.ContactResolutionStep - Searching contact for tenant=d563b428-b1a9-4bf3-af62-a175e92e8e18 phone=+181161838002355
2026-08-02 00:07:24 [tomcat-handler-13] DEBUG c.i.o.a.p.ContactResolutionStep - Contact resolved: id=c0493771-3b81-450e-9585-d51a455f3f8f name=+181161838002355 phone=+181161838002355
2026-08-02 00:07:24 [tomcat-handler-13] DEBUG c.i.o.a.pipeline.MessagePipeline - Pipeline step ContactResolutionStep$$SpringCGLIB$$0 completed in 384ms
2026-08-02 00:07:25 [tomcat-handler-13] DEBUG c.i.o.i.event.SpringEventPublisher - Publishing event: type=CONVERSATION_CREATED tenantId=d563b428-b1a9-4bf3-af62-a175e92e8e18 conversationId=b8b738f2-0d35-4c52-b6fc-75bf11d681a1
2026-08-02 00:07:25 [orchestrator-event-1] INFO  c.i.o.i.event.AnalyticsEventListener - Analytics: Conversation created - tenantId=d563b428-b1a9-4bf3-af62-a175e92e8e18 conversationId=b8b738f2-0d35-4c52-b6fc-75bf11d681a1 channel=WHATSAPP
2026-08-02 00:07:25 [orchestrator-event-2] INFO  c.i.o.i.event.AuditEventListener - Audit: Conversation created - conversationId=b8b738f2-0d35-4c52-b6fc-75bf11d681a1 channel=WHATSAPP tenantId=d563b428-b1a9-4bf3-af62-a175e92e8e18
2026-08-02 00:07:25 [tomcat-handler-13] INFO  c.i.o.a.p.ConversationResolutionStep - New conversation created: id=b8b738f2-0d35-4c52-b6fc-75bf11d681a1 key=WHATSAPP:120363424364570024@g.us group=true subject=Grupo 120363424364570024
2026-08-02 00:07:25 [tomcat-handler-13] DEBUG c.i.o.a.p.ConversationResolutionStep - Conversation resolved: id=b8b738f2-0d35-4c52-b6fc-75bf11d681a1 status=OPEN channel=WHATSAPP conversationKey=WHATSAPP:120363424364570024@g.us
2026-08-02 00:07:25 [tomcat-handler-13] DEBUG c.i.o.a.pipeline.MessagePipeline - Pipeline step ConversationResolutionStep$$SpringCGLIB$$0 completed in 1139ms
2026-08-02 00:07:26 [tomcat-handler-13] DEBUG c.i.o.a.p.BotConfigurationResolutionStep - Bot configuration resolved: enabled=true aiProvider=GROQ
2026-08-02 00:07:26 [tomcat-handler-13] DEBUG c.i.o.a.pipeline.MessagePipeline - Pipeline step BotConfigurationResolutionStep completed in 383ms
2026-08-02 00:07:26 [tomcat-handler-13] DEBUG c.i.o.a.p.WorkingHoursResolutionStep - Working hours resolved: enabled=true isOpen=false
2026-08-02 00:07:26 [tomcat-handler-13] DEBUG c.i.o.a.pipeline.MessagePipeline - Pipeline step WorkingHoursResolutionStep completed in 189ms
2026-08-02 00:07:26 [tomcat-handler-13] DEBUG c.i.o.a.p.ConversationContextResolutionStep - Conversation context resolved: totalMessages=0 consecutiveBotResponses=0 firstMessage=true
2026-08-02 00:07:26 [tomcat-handler-13] DEBUG c.i.o.a.pipeline.MessagePipeline - Pipeline step ConversationContextResolutionStep completed in 177ms
2026-08-02 00:07:26 [tomcat-handler-13] DEBUG c.i.o.a.p.MessagePersistenceStep - Message persisted: id=83148a1a-eb10-4ae8-9522-379c067aaad4 conversation=b8b738f2-0d35-4c52-b6fc-75bf11d681a1 type=TEXT
2026-08-02 00:07:27 [tomcat-handler-13] DEBUG c.i.o.a.pipeline.MessagePipeline - Pipeline step MessagePersistenceStep$$SpringCGLIB$$0 completed in 544ms
2026-08-02 00:07:27 [tomcat-handler-13] DEBUG c.i.o.a.pipeline.MetricsUpdateStep - Metrics updated: contact=c0493771-3b81-450e-9585-d51a455f3f8f conversation=b8b738f2-0d35-4c52-b6fc-75bf11d681a1
2026-08-02 00:07:27 [tomcat-handler-13] DEBUG c.i.o.a.pipeline.MessagePipeline - Pipeline step MetricsUpdateStep$$SpringCGLIB$$0 completed in 356ms
2026-08-02 00:07:27 [tomcat-handler-13] INFO  c.i.o.application.pipeline.AuditStep - AUDIT|tenantId=d563b428-b1a9-4bf3-af62-a175e92e8e18|conversationId=b8b738f2-0d35-4c52-b6fc-75bf11d681a1|contactId=c0493771-3b81-450e-9585-d51a455f3f8f|messageId=A5FC194C15629D8E6069C9C1CCE44AFD|channel=WHATSAPP|type=TEXT
2026-08-02 00:07:27 [tomcat-handler-13] DEBUG c.i.o.a.pipeline.MessagePipeline - Pipeline step AuditStep completed in 0ms
2026-08-02 00:07:27 [tomcat-handler-13] INFO  c.i.o.a.pipeline.MessagePipeline - Message pipeline completed in 3479ms
2026-08-02 00:07:27 [tomcat-handler-13] DEBUG c.i.o.i.event.SpringEventPublisher - Publishing event: type=MESSAGE_RECEIVED tenantId=d563b428-b1a9-4bf3-af62-a175e92e8e18 conversationId=b8b738f2-0d35-4c52-b6fc-75bf11d681a1
2026-08-02 00:07:27 [orchestrator-event-4] INFO  c.i.o.i.event.AnalyticsEventListener - Analytics: Message received - tenantId=d563b428-b1a9-4bf3-af62-a175e92e8e18 conversationId=b8b738f2-0d35-4c52-b6fc-75bf11d681a1 channel=WHATSAPP
2026-08-02 00:07:27 [tomcat-handler-13] DEBUG c.i.o.a.decision.DecisionEngineImpl - Running decision engine with 3 strategies
2026-08-02 00:07:27 [orchestrator-event-5] DEBUG c.i.o.i.event.AuditEventListener - Persisting audit log for message received: messageId=A5FC194C15629D8E6069C9C1CCE44AFD
2026-08-02 00:07:27 [tomcat-handler-13] DEBUG c.i.o.a.d.AgentAssignmentStrategy - No agent assigned and conversation is OPEN, assigning agent
2026-08-02 00:07:27 [tomcat-handler-13] DEBUG c.i.o.a.decision.DecisionEngineImpl - Strategy AgentAssignmentStrategy decided: action=ASSIGN_AGENT reason=Conversation requires human agent
2026-08-02 00:07:27 [tomcat-handler-13] DEBUG c.i.o.a.action.ActionDispatcher - Dispatching action: ASSIGN_AGENT to executor: AssignAgentExecutor$$SpringCGLIB$$0
2026-08-02 00:07:29 [tomcat-handler-13] DEBUG c.i.o.i.event.SpringEventPublisher - Publishing event: type=AGENT_ASSIGNED tenantId=d563b428-b1a9-4bf3-af62-a175e92e8e18 conversationId=b8b738f2-0d35-4c52-b6fc-75bf11d681a1
2026-08-02 00:07:29 [orchestrator-event-2] INFO  c.i.o.i.event.AnalyticsEventListener - Analytics: Agent assigned - tenantId=d563b428-b1a9-4bf3-af62-a175e92e8e18 conversationId=b8b738f2-0d35-4c52-b6fc-75bf11d681a1 agentId=95e009fb-66e9-437c-9d35-be4df58d425f
2026-08-02 00:07:29 [orchestrator-event-3] INFO  c.i.o.i.event.AuditEventListener - Audit: Agent assigned - conversationId=b8b738f2-0d35-4c52-b6fc-75bf11d681a1 agentId=95e009fb-66e9-437c-9d35-be4df58d425f tenantId=d563b428-b1a9-4bf3-af62-a175e92e8e18
2026-08-02 00:07:29 [tomcat-handler-13] INFO  c.i.o.a.action.AssignAgentExecutor - Conversation b8b738f2-0d35-4c52-b6fc-75bf11d681a1 assigned to agent 95e009fb-66e9-437c-9d35-be4df58d425f (least busy, 1 active conversations)
2026-08-02 00:07:29 [tomcat-handler-13] DEBUG c.i.o.i.event.SpringEventPublisher - Publishing event: type=ACTION_EXECUTED tenantId=d563b428-b1a9-4bf3-af62-a175e92e8e18 conversationId=b8b738f2-0d35-4c52-b6fc-75bf11d681a1
2026-08-02 00:07:29 [orchestrator-event-4] DEBUG c.i.o.i.event.AnalyticsEventListener - Analytics: Action executed - tenantId=d563b428-b1a9-4bf3-af62-a175e92e8e18 conversationId=b8b738f2-0d35-4c52-b6fc-75bf11d681a1 action=ASSIGN_AGENT time=5757ms
2026-08-02 00:07:29 [orchestrator-event-1] DEBUG c.i.o.i.event.AuditEventListener - Audit: Action executed - action=ASSIGN_AGENT processingTime=5757ms tenantId=d563b428-b1a9-4bf3-af62-a175e92e8e18
2026-08-02 00:07:29 [orchestrator-event-2] DEBUG c.i.o.i.e.NotificationEventListener - Action executed event processed: action=ASSIGN_AGENT
2026-08-02 00:07:29 [tomcat-handler-13] INFO  c.i.o.a.ConversationOrchestrator - Message processed successfully in 5759ms. decision=ASSIGN_AGENT
2026-08-02 00:07:29 [orchestrator-event-4] DEBUG c.i.o.i.m.OrchestratorMetricsService - Metrics recorded: channel=WHATSAPP action=ASSIGN_AGENT time=5757ms
2026-08-02 00:07:29 [tomcat-handler-13] INFO  c.i.a.i.c.WhatsAppWebhookController - === WEBHOOK PROCESADO EXITOSAMENTE ===
2026-08-02 00:07:29 [orchestrator-event-5] INFO  c.i.n.a.NotificationService - Notification created: ee38df90-11d8-4904-8d9b-95db717c0850 for user: 95e009fb-66e9-437c-9d35-be4df58d425f
2026-08-02 00:07:33 [tomcat-handler-14] DEBUG c.i.s.w.NotificationWebSocketHandler - User 935532dc-b311-4071-851e-71e87089679a left conversation 39d6fbbc-7b0b-46bd-9ccf-a7eac170c828
2026-08-02 00:07:33 [tomcat-handler-14] DEBUG c.i.s.w.NotificationWebSocketHandler - User 935532dc-b311-4071-851e-71e87089679a left conversation 39d6fbbc-7b0b-46bd-9ccf-a7eac170c828
2026-08-02 00:07:33 [tomcat-handler-15] DEBUG c.i.s.w.NotificationWebSocketHandler - User 935532dc-b311-4071-851e-71e87089679a joined conversation b8b738f2-0d35-4c52-b6fc-75bf11d681a1 (1 subscribers)
2026-08-02 00:07:33 [tomcat-handler-16] DEBUG c.i.s.s.JwtAuthenticationFilter - User authenticated: 935532dc-b311-4071-851e-71e87089679a for tenant: d563b428-b1a9-4bf3-af62-a175e92e8e18
2026-08-02 00:07:33 [tomcat-handler-17] DEBUG c.i.s.s.JwtAuthenticationFilter - User authenticated: 935532dc-b311-4071-851e-71e87089679a for tenant: d563b428-b1a9-4bf3-af62-a175e92e8e18
2026-08-02 00:07:34 [tomcat-handler-18] DEBUG c.i.s.s.JwtAuthenticationFilter - User authenticated: 935532dc-b311-4071-851e-71e87089679a for tenant: d563b428-b1a9-4bf3-af62-a175e92e8e18
2026-08-02 00:07:35 [tomcat-handler-18] INFO  c.i.c.a.ConversationService - Marked 0 messages as read in conversation b8b738f2-0d35-4c52-b6fc-75bf11d681a1 for tenant d563b428-b1a9-4bf3-af62-a175e92e8e18 (conversation rows updated=1)
2026-08-02 00:07:35 [tomcat-handler-20] DEBUG c.i.s.w.NotificationWebSocketHandler - User 935532dc-b311-4071-851e-71e87089679a left conversation b8b738f2-0d35-4c52-b6fc-75bf11d681a1
2026-08-02 00:07:35 [tomcat-handler-21] DEBUG c.i.s.w.NotificationWebSocketHandler - User 935532dc-b311-4071-851e-71e87089679a left conversation b8b738f2-0d35-4c52-b6fc-75bf11d681a1
2026-08-02 00:07:35 [tomcat-handler-24] DEBUG c.i.s.w.NotificationWebSocketHandler - User 935532dc-b311-4071-851e-71e87089679a joined conversation 39d6fbbc-7b0b-46bd-9ccf-a7eac170c828 (1 subscribers)
2026-08-02 00:07:35 [tomcat-handler-23] DEBUG c.i.s.s.JwtAuthenticationFilter - User authenticated: 935532dc-b311-4071-851e-71e87089679a for tenant: d563b428-b1a9-4bf3-af62-a175e92e8e18
2026-08-02 00:07:35 [tomcat-handler-22] DEBUG c.i.s.s.JwtAuthenticationFilter - User authenticated: 935532dc-b311-4071-851e-71e87089679a for tenant: d563b428-b1a9-4bf3-af62-a175e92e8e18
2026-08-02 00:07:35 [tomcat-handler-25] DEBUG c.i.s.s.JwtAuthenticationFilter - User authenticated: 935532dc-b311-4071-851e-71e87089679a for tenant: d563b428-b1a9-4bf3-af62-a175e92e8e18
2026-08-02 00:07:36 [tomcat-handler-22] DEBUG c.i.s.e.GlobalExceptionHandler - Resource not found (expected): Conversación no encontrada
2026-08-02 00:07:36 [tomcat-handler-25] DEBUG c.i.s.e.GlobalExceptionHandler - Resource not found (expected): Conversación no encontrada
2026-08-02 00:07:36 [tomcat-handler-22] WARN  o.s.w.s.m.m.a.ExceptionHandlerExceptionResolver - Resolved [com.iquenobot.shared.exception.ResourceNotFoundException: Conversación no encontrada]
2026-08-02 00:07:36 [tomcat-handler-25] WARN  o.s.w.s.m.m.a.ExceptionHandlerExceptionResolver - Resolved [com.iquenobot.shared.exception.ResourceNotFoundException: Conversación no encontrada]
2026-08-02 00:07:36 [tomcat-handler-23] DEBUG c.i.s.e.GlobalExceptionHandler - Resource not found (expected): Conversación no encontrada
2026-08-02 00:07:36 [tomcat-handler-23] WARN  o.s.w.s.m.m.a.ExceptionHandlerExceptionResolver - Resolved [com.iquenobot.shared.exception.ResourceNotFoundException: Conversación no encontrada]
2026-08-02 00:07:37 [tomcat-handler-26] DEBUG c.i.s.w.NotificationWebSocketHandler - User 935532dc-b311-4071-851e-71e87089679a left conversation 39d6fbbc-7b0b-46bd-9ccf-a7eac170c828
2026-08-02 00:07:37 [tomcat-handler-26] DEBUG c.i.s.w.NotificationWebSocketHandler - User 935532dc-b311-4071-851e-71e87089679a left conversation 39d6fbbc-7b0b-46bd-9ccf-a7eac170c828
2026-08-02 00:07:37 [tomcat-handler-27] DEBUG c.i.s.w.NotificationWebSocketHandler - User 935532dc-b311-4071-851e-71e87089679a joined conversation b8b738f2-0d35-4c52-b6fc-75bf11d681a1 (1 subscribers)
2026-08-02 00:07:37 [tomcat-handler-28] DEBUG c.i.s.s.JwtAuthenticationFilter - User authenticated: 935532dc-b311-4071-851e-71e87089679a for tenant: d563b428-b1a9-4bf3-af62-a175e92e8e18
2026-08-02 00:07:37 [tomcat-handler-29] DEBUG c.i.s.s.JwtAuthenticationFilter - User authenticated: 935532dc-b311-4071-851e-71e87089679a for tenant: d563b428-b1a9-4bf3-af62-a175e92e8e18
2026-08-02 00:07:37 [tomcat-handler-29] DEBUG c.i.s.e.GlobalExceptionHandler - Resource not found (expected): Conversación no encontrada
2026-08-02 00:07:37 [tomcat-handler-29] WARN  o.s.w.s.m.m.a.ExceptionHandlerExceptionResolver - Resolved [com.iquenobot.shared.exception.ResourceNotFoundException: Conversación no encontrada]
2026-08-02 00:07:37 [tomcat-handler-28] INFO  c.i.c.a.ConversationService - Marked 0 messages as read in conversation b8b738f2-0d35-4c52-b6fc-75bf11d681a1 for tenant d563b428-b1a9-4bf3-af62-a175e92e8e18 (conversation rows updated=1)
2026-08-02 00:07:38 [tomcat-handler-30] DEBUG c.i.s.w.NotificationWebSocketHandler - User 935532dc-b311-4071-851e-71e87089679a left conversation b8b738f2-0d35-4c52-b6fc-75bf11d681a1
2026-08-02 00:07:38 [tomcat-handler-30] DEBUG c.i.s.w.NotificationWebSocketHandler - User 935532dc-b311-4071-851e-71e87089679a left conversation b8b738f2-0d35-4c52-b6fc-75bf11d681a1
2026-08-02 00:07:38 [tomcat-handler-31] DEBUG c.i.s.w.NotificationWebSocketHandler - User 935532dc-b311-4071-851e-71e87089679a joined conversation 39d6fbbc-7b0b-46bd-9ccf-a7eac170c828 (1 subscribers)
2026-08-02 00:07:38 [tomcat-handler-32] DEBUG c.i.s.s.JwtAuthenticationFilter - User authenticated: 935532dc-b311-4071-851e-71e87089679a for tenant: d563b428-b1a9-4bf3-af62-a175e92e8e18
2026-08-02 00:07:38 [tomcat-handler-33] DEBUG c.i.s.s.JwtAuthenticationFilter - User authenticated: 935532dc-b311-4071-851e-71e87089679a for tenant: d563b428-b1a9-4bf3-af62-a175e92e8e18
2026-08-02 00:07:38 [tomcat-handler-34] DEBUG c.i.s.s.JwtAuthenticationFilter - User authenticated: 935532dc-b311-4071-851e-71e87089679a for tenant: d563b428-b1a9-4bf3-af62-a175e92e8e18
2026-08-02 00:07:38 [tomcat-handler-33] DEBUG c.i.s.e.GlobalExceptionHandler - Resource not found (expected): Conversación no encontrada
2026-08-02 00:07:38 [tomcat-handler-32] DEBUG c.i.s.e.GlobalExceptionHandler - Resource not found (expected): Conversación no encontrada
2026-08-02 00:07:38 [tomcat-handler-32] WARN  o.s.w.s.m.m.a.ExceptionHandlerExceptionResolver - Resolved [com.iquenobot.shared.exception.ResourceNotFoundException: Conversación no encontrada]
2026-08-02 00:07:38 [tomcat-handler-33] WARN  o.s.w.s.m.m.a.ExceptionHandlerExceptionResolver - Resolved [com.iquenobot.shared.exception.ResourceNotFoundException: Conversación no encontrada]
2026-08-02 00:07:38 [tomcat-handler-34] DEBUG c.i.s.e.GlobalExceptionHandler - Resource not found (expected): Conversación no encontrada
2026-08-02 00:07:38 [tomcat-handler-34] WARN  o.s.w.s.m.m.a.ExceptionHandlerExceptionResolver - Resolved [com.iquenobot.shared.exception.ResourceNotFoundException: Conversación no encontrada]
2026-08-02 00:07:39 [tomcat-handler-35] DEBUG c.i.s.w.NotificationWebSocketHandler - User 935532dc-b311-4071-851e-71e87089679a left conversation 39d6fbbc-7b0b-46bd-9ccf-a7eac170c828
2026-08-02 00:07:39 [tomcat-handler-35] DEBUG c.i.s.w.NotificationWebSocketHandler - User 935532dc-b311-4071-851e-71e87089679a left conversation 39d6fbbc-7b0b-46bd-9ccf-a7eac170c828
2026-08-02 00:07:39 [tomcat-handler-35] DEBUG c.i.s.w.NotificationWebSocketHandler - User 935532dc-b311-4071-851e-71e87089679a joined conversation b8b738f2-0d35-4c52-b6fc-75bf11d681a1 (1 subscribers)
2026-08-02 00:07:39 [tomcat-handler-36] DEBUG c.i.s.s.JwtAuthenticationFilter - User authenticated: 935532dc-b311-4071-851e-71e87089679a for tenant: d563b428-b1a9-4bf3-af62-a175e92e8e18
2026-08-02 00:07:39 [tomcat-handler-37] DEBUG c.i.s.s.JwtAuthenticationFilter - User authenticated: 935532dc-b311-4071-851e-71e87089679a for tenant: d563b428-b1a9-4bf3-af62-a175e92e8e18
2026-08-02 00:07:40 [tomcat-handler-36] INFO  c.i.c.a.ConversationService - Marked 0 messages as read in conversation b8b738f2-0d35-4c52-b6fc-75bf11d681a1 for tenant d563b428-b1a9-4bf3-af62-a175e92e8e18 (conversation rows updated=1)
2026-08-02 00:07:40 [tomcat-handler-37] DEBUG c.i.s.e.GlobalExceptionHandler - Resource not found (expected): Conversación no encontrada
2026-08-02 00:07:40 [tomcat-handler-37] WARN  o.s.w.s.m.m.a.ExceptionHandlerExceptionResolver - Resolved [com.iquenobot.shared.exception.ResourceNotFoundException: Conversación no encontrada]
2026-08-02 00:07:40 [tomcat-handler-38] DEBUG c.i.s.w.NotificationWebSocketHandler - User 935532dc-b311-4071-851e-71e87089679a left conversation b8b738f2-0d35-4c52-b6fc-75bf11d681a1
2026-08-02 00:07:40 [tomcat-handler-39] DEBUG c.i.s.w.NotificationWebSocketHandler - User 935532dc-b311-4071-851e-71e87089679a left conversation b8b738f2-0d35-4c52-b6fc-75bf11d681a1
2026-08-02 00:07:40 [tomcat-handler-40] DEBUG c.i.s.w.NotificationWebSocketHandler - User 935532dc-b311-4071-851e-71e87089679a joined conversation 39d6fbbc-7b0b-46bd-9ccf-a7eac170c828 (1 subscribers)
2026-08-02 00:07:40 [tomcat-handler-42] DEBUG c.i.s.s.JwtAuthenticationFilter - User authenticated: 935532dc-b311-4071-851e-71e87089679a for tenant: d563b428-b1a9-4bf3-af62-a175e92e8e18
2026-08-02 00:07:40 [tomcat-handler-41] DEBUG c.i.s.s.JwtAuthenticationFilter - User authenticated: 935532dc-b311-4071-851e-71e87089679a for tenant: d563b428-b1a9-4bf3-af62-a175e92e8e18
2026-08-02 00:07:40 [tomcat-handler-43] DEBUG c.i.s.s.JwtAuthenticationFilter - User authenticated: 935532dc-b311-4071-851e-71e87089679a for tenant: d563b428-b1a9-4bf3-af62-a175e92e8e18
2026-08-02 00:07:40 [tomcat-handler-42] DEBUG c.i.s.e.GlobalExceptionHandler - Resource not found (expected): Conversación no encontrada
2026-08-02 00:07:40 [tomcat-handler-42] WARN  o.s.w.s.m.m.a.ExceptionHandlerExceptionResolver - Resolved [com.iquenobot.shared.exception.ResourceNotFoundException: Conversación no encontrada]
2026-08-02 00:07:40 [tomcat-handler-41] DEBUG c.i.s.e.GlobalExceptionHandler - Resource not found (expected): Conversación no encontrada
2026-08-02 00:07:40 [tomcat-handler-41] WARN  o.s.w.s.m.m.a.ExceptionHandlerExceptionResolver - Resolved [com.iquenobot.shared.exception.ResourceNotFoundException: Conversación no encontrada]
2026-08-02 00:07:41 [tomcat-handler-43] DEBUG c.i.s.e.GlobalExceptionHandler - Resource not found (expected): Conversación no encontrada
2026-08-02 00:07:41 [tomcat-handler-43] WARN  o.s.w.s.m.m.a.ExceptionHandlerExceptionResolver - Resolved [com.iquenobot.shared.exception.ResourceNotFoundException: Conversación no encontrada]
2026-08-02 00:07:42 [tomcat-handler-44] DEBUG c.i.s.s.JwtAuthenticationFilter - User authenticated: 935532dc-b311-4071-851e-71e87089679a for tenant: d563b428-b1a9-4bf3-af62-a175e92e8e18
2026-08-02 00:07:42 [tomcat-handler-44] DEBUG c.i.s.e.GlobalExceptionHandler - Resource not found (expected): Conversación no encontrada
2026-08-02 00:07:42 [tomcat-handler-44] WARN  o.s.w.s.m.m.a.ExceptionHandlerExceptionResolver - Resolved [com.iquenobot.shared.exception.ResourceNotFoundException: Conversación no encontrada]
2026-08-02 00:08:08 [File Watcher] INFO  o.s.b.d.a.LocalDevToolsAutoConfiguration$RestartingClassPathChangeChangedEventListener - Restarting due to 1 class path change (0 additions, 0 deletions, 1 modification)
2026-08-02 00:08:08 [Thread-174] INFO  o.s.b.w.e.tomcat.GracefulShutdown - Commencing graceful shutdown. Waiting for active requests to complete
2026-08-02 00:08:09 [tomcat-shutdown] INFO  o.s.b.w.e.tomcat.GracefulShutdown - Graceful shutdown complete
2026-08-02 00:08:09 [Thread-174] INFO  o.s.o.j.LocalContainerEntityManagerFactoryBean - Closing JPA EntityManagerFactory for persistence unit 'default'
2026-08-02 00:08:09 [Thread-174] INFO  com.zaxxer.hikari.HikariDataSource - HikariPool-28 - Shutdown initiated...
2026-08-02 00:08:10 [Thread-174] INFO  com.zaxxer.hikari.HikariDataSource - HikariPool-28 - Shutdown completed.
2026-08-02 00:08:10 [Thread-174] DEBUG c.i.s.w.NotificationWebSocketHandler - WebSocket transport error: user=935532dc-b311-4071-851e-71e87089679a error=java.nio.channels.ClosedChannelException
2026-08-02 00:08:10 [Thread-174] DEBUG c.i.s.w.NotificationWebSocketHandler - WebSocket disconnected: user=935532dc-b311-4071-851e-71e87089679a status=CloseStatus[code=1001, reason=The web application is stopping]
2026-08-02 00:08:10 [restartedMain] INFO  com.iquenobot.IquenobotApplication - Starting IquenobotApplication using Java 21.0.11 with PID 23200 (C:\Users\luisv\OneDrive\Escritorio\cloniquenobot\iquenobot\target\classes started by luisv in C:\Users\luisv\OneDrive\Escritorio\cloniquenobot\iquenobot)
2026-08-02 00:08:10 [restartedMain] DEBUG com.iquenobot.IquenobotApplication - Running with Spring Boot v3.4.4, Spring v6.2.5
2026-08-02 00:08:10 [restartedMain] INFO  com.iquenobot.IquenobotApplication - The following 1 profile is active: "dev"
2026-08-02 00:08:10 [restartedMain] INFO  o.s.d.r.c.RepositoryConfigurationDelegate - Bootstrapping Spring Data JPA repositories in DEFAULT mode.
2026-08-02 00:08:11 [restartedMain] INFO  o.s.d.r.c.RepositoryConfigurationDelegate - Finished Spring Data repository scanning in 221 ms. Found 22 JPA repository interfaces.
2026-08-02 00:08:12 [restartedMain] INFO  o.s.b.w.e.tomcat.TomcatWebServer - Tomcat initialized with port 8085 (http)
2026-08-02 00:08:12 [restartedMain] INFO  o.a.catalina.core.StandardService - Starting service [Tomcat]
2026-08-02 00:08:12 [restartedMain] INFO  o.a.catalina.core.StandardEngine - Starting Servlet engine: [Apache Tomcat/10.1.39]
2026-08-02 00:08:12 [restartedMain] INFO  o.a.c.c.C.[Tomcat-2].[localhost].[/] - Initializing Spring embedded WebApplicationContext
2026-08-02 00:08:12 [restartedMain] INFO  o.s.b.w.s.c.ServletWebServerApplicationContext - Root WebApplicationContext: initialization completed in 1834 ms
2026-08-02 00:08:12 [restartedMain] INFO  com.zaxxer.hikari.HikariDataSource - HikariPool-29 - Starting...
2026-08-02 00:08:14 [restartedMain] INFO  com.zaxxer.hikari.pool.HikariPool - HikariPool-29 - Added connection org.postgresql.jdbc.PgConnection@782d7ec7
2026-08-02 00:08:14 [restartedMain] INFO  com.zaxxer.hikari.HikariDataSource - HikariPool-29 - Start completed.
2026-08-02 00:08:14 [restartedMain] INFO  org.flywaydb.core.FlywayExecutor - Database: jdbc:postgresql://ep-delicate-bird-axk10rcp-pooler.c-4.us-east-2.aws.neon.tech:5432/neondb?sslmode=require (PostgreSQL 18.4)
2026-08-02 00:08:15 [restartedMain] WARN  o.f.c.i.database.base.Database - Flyway upgrade recommended: PostgreSQL 18.4 is newer than this version of Flyway and support has not been tested. The latest supported version of PostgreSQL is 17.
2026-08-02 00:08:16 [restartedMain] INFO  o.f.core.internal.command.DbValidate - Successfully validated 34 migrations (execution time 00:00.711s)
2026-08-02 00:08:19 [restartedMain] INFO  o.f.core.internal.command.DbMigrate - Current version of schema "public": 034
2026-08-02 00:08:19 [restartedMain] INFO  o.f.core.internal.command.DbMigrate - Schema "public" is up to date. No migration necessary.
2026-08-02 00:08:20 [restartedMain] INFO  o.h.jpa.internal.util.LogHelper - HHH000204: Processing PersistenceUnitInfo [name: default]
2026-08-02 00:08:20 [restartedMain] INFO  o.h.c.i.RegionFactoryInitiator - HHH000026: Second-level cache disabled
2026-08-02 00:08:20 [restartedMain] INFO  o.s.o.j.p.SpringPersistenceUnitInfo - No LoadTimeWeaver setup: ignoring JPA class transformer
2026-08-02 00:08:20 [restartedMain] WARN  org.hibernate.orm.deprecation - HHH90000025: PostgreSQLDialect does not need to be specified explicitly using 'hibernate.dialect' (remove the property setting and it will be selected by default)
2026-08-02 00:08:21 [restartedMain] INFO  o.hibernate.orm.connections.pooling - HHH10001005: Database info:
	Database JDBC URL [Connecting through datasource 'HikariDataSource (HikariPool-29)']
	Database driver: undefined/unknown
	Database version: 18.4
	Autocommit mode: undefined/unknown
	Isolation level: undefined/unknown
	Minimum pool size: undefined/unknown
	Maximum pool size: undefined/unknown
2026-08-02 00:08:22 [restartedMain] INFO  o.h.e.t.j.p.i.JtaPlatformInitiator - HHH000489: No JTA platform available (set 'hibernate.transaction.jta.platform' to enable JTA platform integration)
2026-08-02 00:08:23 [restartedMain] INFO  o.s.o.j.LocalContainerEntityManagerFactoryBean - Initialized JPA EntityManagerFactory for persistence unit 'default'
2026-08-02 00:08:23 [restartedMain] DEBUG c.i.s.s.JwtAuthenticationFilter - Filter 'jwtAuthenticationFilter' configured for use
2026-08-02 00:08:25 [restartedMain] INFO  c.i.o.a.decision.DecisionEngineImpl - DecisionEngine initialized with 3 strategies
2026-08-02 00:08:25 [restartedMain] INFO  c.i.s.i.storage.LocalStorageService - LocalStorageService initialized at: C:\Users\luisv\OneDrive\Escritorio\cloniquenobot\iquenobot\uploads
2026-08-02 00:08:25 [restartedMain] INFO  c.i.o.a.action.ActionDispatcher - ActionDispatcher initialized with 15 executors
2026-08-02 00:08:25 [restartedMain] INFO  c.i.s.application.FileUploadService - File upload directory created at: C:\Users\luisv\OneDrive\Escritorio\cloniquenobot\iquenobot\uploads
2026-08-02 00:08:27 [restartedMain] INFO  c.i.o.i.config.AsyncConfig - Orchestrator event executor initialized: core=5 max=20 queue=500
2026-08-02 00:08:28 [restartedMain] WARN  o.s.b.a.s.s.UserDetailsServiceAutoConfiguration - 

Using generated security password: ba9e6883-7dd5-436d-9771-dbfb196cad7c

This generated password is for development use only. Your security configuration must be updated before running your application in production.

2026-08-02 00:08:28 [restartedMain] INFO  o.s.b.a.e.web.EndpointLinksResolver - Exposing 3 endpoints beneath base path '/actuator'
2026-08-02 00:08:29 [restartedMain] INFO  o.s.b.d.a.OptionalLiveReloadServer - LiveReload server is running on port 35729
2026-08-02 00:08:29 [restartedMain] INFO  o.s.b.w.e.tomcat.TomcatWebServer - Tomcat started on port 8085 (http) with context path '/'
2026-08-02 00:08:29 [restartedMain] INFO  com.iquenobot.IquenobotApplication - Started IquenobotApplication in 19.498 seconds (process running for 4611.126)
2026-08-02 00:08:29 [tomcat-handler-0] INFO  o.a.c.c.C.[Tomcat-2].[localhost].[/] - Initializing Spring DispatcherServlet 'dispatcherServlet'
2026-08-02 00:08:29 [tomcat-handler-0] INFO  o.s.web.servlet.DispatcherServlet - Initializing Servlet 'dispatcherServlet'
2026-08-02 00:08:29 [tomcat-handler-0] INFO  o.s.web.servlet.DispatcherServlet - Completed initialization in 5 ms
2026-08-02 00:08:30 [tomcat-handler-0] INFO  c.i.auth.application.AuthService - Attempting login for email: supervisor@miempresa.com
2026-08-02 00:08:30 [restartedMain] INFO  c.i.shared.config.DataInitializer - Plans already seeded, skipping
2026-08-02 00:08:30 [restartedMain] INFO  c.i.shared.config.DataInitializer - SUPER_ADMIN already exists, skipping initialization
2026-08-02 00:08:30 [restartedMain] INFO  o.s.b.d.a.ConditionEvaluationDeltaLoggingListener - Condition evaluation unchanged
2026-08-02 00:08:31 [tomcat-handler-0] INFO  c.i.auth.application.AuthService - Login successful for user: supervisor@miempresa.com in tenant: midemo
2026-08-02 00:08:32 [tomcat-handler-1] DEBUG c.i.s.w.NotificationWebSocketHandler - WebSocket connected: user=935532dc-b311-4071-851e-71e87089679a tenant=d563b428-b1a9-4bf3-af62-a175e92e8e18 sessions=1
2026-08-02 00:08:32 [tomcat-handler-2] DEBUG c.i.s.s.JwtAuthenticationFilter - User authenticated: 935532dc-b311-4071-851e-71e87089679a for tenant: d563b428-b1a9-4bf3-af62-a175e92e8e18
2026-08-02 00:08:34 [tomcat-handler-3] DEBUG c.i.s.s.JwtAuthenticationFilter - User authenticated: 935532dc-b311-4071-851e-71e87089679a for tenant: d563b428-b1a9-4bf3-af62-a175e92e8e18
2026-08-02 00:08:36 [tomcat-handler-4] DEBUG c.i.s.w.NotificationWebSocketHandler - User 935532dc-b311-4071-851e-71e87089679a left conversation b8b738f2-0d35-4c52-b6fc-75bf11d681a1
2026-08-02 00:08:36 [tomcat-handler-4] DEBUG c.i.s.w.NotificationWebSocketHandler - User 935532dc-b311-4071-851e-71e87089679a joined conversation b8b738f2-0d35-4c52-b6fc-75bf11d681a1 (1 subscribers)
2026-08-02 00:08:36 [tomcat-handler-6] DEBUG c.i.s.s.JwtAuthenticationFilter - User authenticated: 935532dc-b311-4071-851e-71e87089679a for tenant: d563b428-b1a9-4bf3-af62-a175e92e8e18
2026-08-02 00:08:36 [tomcat-handler-5] DEBUG c.i.s.s.JwtAuthenticationFilter - User authenticated: 935532dc-b311-4071-851e-71e87089679a for tenant: d563b428-b1a9-4bf3-af62-a175e92e8e18
2026-08-02 00:08:37 [tomcat-handler-7] DEBUG c.i.s.s.JwtAuthenticationFilter - User authenticated: 935532dc-b311-4071-851e-71e87089679a for tenant: d563b428-b1a9-4bf3-af62-a175e92e8e18
2026-08-02 00:08:38 [tomcat-handler-7] INFO  c.i.c.a.ConversationService - Marked 0 messages as read in conversation b8b738f2-0d35-4c52-b6fc-75bf11d681a1 for tenant d563b428-b1a9-4bf3-af62-a175e92e8e18 (conversation rows updated=1)
2026-08-02 00:09:12 [File Watcher] INFO  o.s.b.d.a.LocalDevToolsAutoConfiguration$RestartingClassPathChangeChangedEventListener - Restarting due to 1 class path change (0 additions, 0 deletions, 1 modification)
2026-08-02 00:09:12 [Thread-188] INFO  o.s.b.w.e.tomcat.GracefulShutdown - Commencing graceful shutdown. Waiting for active requests to complete
2026-08-02 00:09:12 [tomcat-shutdown] INFO  o.s.b.w.e.tomcat.GracefulShutdown - Graceful shutdown complete
2026-08-02 00:09:12 [scheduling-1] WARN  c.zaxxer.hikari.pool.ProxyConnection - HikariPool-29 - Connection org.postgresql.jdbc.PgConnection@64d9be25 marked as broken because of SQLSTATE(08006), ErrorCode(0)
org.postgresql.util.PSQLException: An I/O error occurred while sending to the backend.
	at org.postgresql.core.v3.QueryExecutorImpl.execute(QueryExecutorImpl.java:399) ~[postgresql-42.7.5.jar:42.7.5]
	at org.postgresql.jdbc.PgStatement.executeInternal(PgStatement.java:517) ~[postgresql-42.7.5.jar:42.7.5]
	at org.postgresql.jdbc.PgStatement.execute(PgStatement.java:434) ~[postgresql-42.7.5.jar:42.7.5]
	at org.postgresql.jdbc.PgPreparedStatement.executeWithFlags(PgPreparedStatement.java:194) ~[postgresql-42.7.5.jar:42.7.5]
	at org.postgresql.jdbc.PgPreparedStatement.executeQuery(PgPreparedStatement.java:137) ~[postgresql-42.7.5.jar:42.7.5]
	at com.zaxxer.hikari.pool.ProxyPreparedStatement.executeQuery(ProxyPreparedStatement.java:52) ~[HikariCP-5.1.0.jar:na]
	at com.zaxxer.hikari.pool.HikariProxyPreparedStatement.executeQuery(HikariProxyPreparedStatement.java) ~[HikariCP-5.1.0.jar:na]
	at org.hibernate.sql.results.jdbc.internal.DeferredResultSetAccess.executeQuery(DeferredResultSetAccess.java:250) ~[hibernate-core-6.6.11.Final.jar:6.6.11.Final]
	at org.hibernate.sql.results.jdbc.internal.DeferredResultSetAccess.getResultSet(DeferredResultSetAccess.java:171) ~[hibernate-core-6.6.11.Final.jar:6.6.11.Final]
	at org.hibernate.sql.results.jdbc.internal.JdbcValuesResultSetImpl.<init>(JdbcValuesResultSetImpl.java:74) ~[hibernate-core-6.6.11.Final.jar:6.6.11.Final]
	at org.hibernate.sql.exec.internal.JdbcSelectExecutorStandardImpl.resolveJdbcValuesSource(JdbcSelectExecutorStandardImpl.java:355) ~[hibernate-core-6.6.11.Final.jar:6.6.11.Final]
	at org.hibernate.sql.exec.internal.JdbcSelectExecutorStandardImpl.doExecuteQuery(JdbcSelectExecutorStandardImpl.java:137) ~[hibernate-core-6.6.11.Final.jar:6.6.11.Final]
	at org.hibernate.sql.exec.internal.JdbcSelectExecutorStandardImpl.executeQuery(JdbcSelectExecutorStandardImpl.java:102) ~[hibernate-core-6.6.11.Final.jar:6.6.11.Final]
	at org.hibernate.sql.exec.spi.JdbcSelectExecutor.executeQuery(JdbcSelectExecutor.java:91) ~[hibernate-core-6.6.11.Final.jar:6.6.11.Final]
	at org.hibernate.sql.exec.spi.JdbcSelectExecutor.list(JdbcSelectExecutor.java:165) ~[hibernate-core-6.6.11.Final.jar:6.6.11.Final]
	at org.hibernate.query.sqm.internal.ConcreteSqmSelectQueryPlan.lambda$new$1(ConcreteSqmSelectQueryPlan.java:152) ~[hibernate-core-6.6.11.Final.jar:6.6.11.Final]
	at org.hibernate.query.sqm.internal.ConcreteSqmSelectQueryPlan.withCacheableSqmInterpretation(ConcreteSqmSelectQueryPlan.java:442) ~[hibernate-core-6.6.11.Final.jar:6.6.11.Final]
	at org.hibernate.query.sqm.internal.ConcreteSqmSelectQueryPlan.performList(ConcreteSqmSelectQueryPlan.java:362) ~[hibernate-core-6.6.11.Final.jar:6.6.11.Final]
	at org.hibernate.query.sqm.internal.QuerySqmImpl.doList(QuerySqmImpl.java:380) ~[hibernate-core-6.6.11.Final.jar:6.6.11.Final]
	at org.hibernate.query.spi.AbstractSelectionQuery.list(AbstractSelectionQuery.java:143) ~[hibernate-core-6.6.11.Final.jar:6.6.11.Final]
	at org.hibernate.query.Query.getResultList(Query.java:120) ~[hibernate-core-6.6.11.Final.jar:6.6.11.Final]
	at java.base/jdk.internal.reflect.DirectMethodHandleAccessor.invoke(DirectMethodHandleAccessor.java:103) ~[na:na]
	at java.base/java.lang.reflect.Method.invoke(Method.java:580) ~[na:na]
	at org.springframework.orm.jpa.SharedEntityManagerCreator$DeferredQueryInvocationHandler.invoke(SharedEntityManagerCreator.java:419) ~[spring-orm-6.2.5.jar:6.2.5]
	at jdk.proxy32/jdk.proxy32.$Proxy983.getResultList(Unknown Source) ~[na:na]
	at org.springframework.data.jpa.repository.query.JpaQueryExecution$CollectionExecution.doExecute(JpaQueryExecution.java:130) ~[spring-data-jpa-3.4.4.jar:3.4.4]
	at org.springframework.data.jpa.repository.query.JpaQueryExecution.execute(JpaQueryExecution.java:93) ~[spring-data-jpa-3.4.4.jar:3.4.4]
	at org.springframework.data.jpa.repository.query.AbstractJpaQuery.doExecute(AbstractJpaQuery.java:152) ~[spring-data-jpa-3.4.4.jar:3.4.4]
	at org.springframework.data.jpa.repository.query.AbstractJpaQuery.execute(AbstractJpaQuery.java:140) ~[spring-data-jpa-3.4.4.jar:3.4.4]
	at org.springframework.data.repository.core.support.RepositoryMethodInvoker.doInvoke(RepositoryMethodInvoker.java:170) ~[spring-data-commons-3.4.4.jar:3.4.4]
	at org.springframework.data.repository.core.support.RepositoryMethodInvoker.invoke(RepositoryMethodInvoker.java:158) ~[spring-data-commons-3.4.4.jar:3.4.4]
	at org.springframework.data.repository.core.support.QueryExecutorMethodInterceptor.doInvoke(QueryExecutorMethodInterceptor.java:170) ~[spring-data-commons-3.4.4.jar:3.4.4]
	at org.springframework.data.repository.core.support.QueryExecutorMethodInterceptor.invoke(QueryExecutorMethodInterceptor.java:149) ~[spring-data-commons-3.4.4.jar:3.4.4]
	at org.springframework.aop.framework.ReflectiveMethodInvocation.proceed(ReflectiveMethodInvocation.java:184) ~[spring-aop-6.2.5.jar:6.2.5]
	at org.springframework.data.projection.DefaultMethodInvokingMethodInterceptor.invoke(DefaultMethodInvokingMethodInterceptor.java:69) ~[spring-data-commons-3.4.4.jar:3.4.4]
	at org.springframework.aop.framework.ReflectiveMethodInvocation.proceed(ReflectiveMethodInvocation.java:184) ~[spring-aop-6.2.5.jar:6.2.5]
	at org.springframework.transaction.interceptor.TransactionAspectSupport.invokeWithinTransaction(TransactionAspectSupport.java:380) ~[spring-tx-6.2.5.jar:6.2.5]
	at org.springframework.transaction.interceptor.TransactionInterceptor.invoke(TransactionInterceptor.java:119) ~[spring-tx-6.2.5.jar:6.2.5]
	at org.springframework.aop.framework.ReflectiveMethodInvocation.proceed(ReflectiveMethodInvocation.java:184) ~[spring-aop-6.2.5.jar:6.2.5]
	at org.springframework.dao.support.PersistenceExceptionTranslationInterceptor.invoke(PersistenceExceptionTranslationInterceptor.java:138) ~[spring-tx-6.2.5.jar:6.2.5]
	at org.springframework.aop.framework.ReflectiveMethodInvocation.proceed(ReflectiveMethodInvocation.java:184) ~[spring-aop-6.2.5.jar:6.2.5]
	at org.springframework.data.jpa.repository.support.CrudMethodMetadataPostProcessor$CrudMethodMetadataPopulatingMethodInterceptor.invoke(CrudMethodMetadataPostProcessor.java:136) ~[spring-data-jpa-3.4.4.jar:3.4.4]
	at org.springframework.aop.framework.ReflectiveMethodInvocation.proceed(ReflectiveMethodInvocation.java:184) ~[spring-aop-6.2.5.jar:6.2.5]
	at org.springframework.aop.framework.JdkDynamicAopProxy.invoke(JdkDynamicAopProxy.java:223) ~[spring-aop-6.2.5.jar:6.2.5]
	at jdk.proxy32/jdk.proxy32.$Proxy970.findPendingAiConversations(Unknown Source) ~[na:na]
	at com.iquenobot.orchestrator.application.aggregation.PendingAiResponseScheduler.processPendingConversations(PendingAiResponseScheduler.java:42) ~[classes/:na]
	at java.base/jdk.internal.reflect.DirectMethodHandleAccessor.invoke(DirectMethodHandleAccessor.java:103) ~[na:na]
	at java.base/java.lang.reflect.Method.invoke(Method.java:580) ~[na:na]
	at org.springframework.scheduling.support.ScheduledMethodRunnable.runInternal(ScheduledMethodRunnable.java:130) ~[spring-context-6.2.5.jar:6.2.5]
	at org.springframework.scheduling.support.ScheduledMethodRunnable.lambda$run$2(ScheduledMethodRunnable.java:124) ~[spring-context-6.2.5.jar:6.2.5]
	at io.micrometer.observation.Observation.observe(Observation.java:498) ~[micrometer-observation-1.14.5.jar:1.14.5]
	at org.springframework.scheduling.support.ScheduledMethodRunnable.run(ScheduledMethodRunnable.java:124) ~[spring-context-6.2.5.jar:6.2.5]
	at org.springframework.scheduling.config.Task$OutcomeTrackingRunnable.run(Task.java:85) ~[spring-context-6.2.5.jar:6.2.5]
	at org.springframework.scheduling.support.DelegatingErrorHandlingRunnable.run(DelegatingErrorHandlingRunnable.java:54) ~[spring-context-6.2.5.jar:6.2.5]
	at java.base/java.util.concurrent.Executors$RunnableAdapter.call(Executors.java:572) ~[na:na]
	at java.base/java.util.concurrent.FutureTask.runAndReset(FutureTask.java:358) ~[na:na]
	at java.base/java.util.concurrent.ScheduledThreadPoolExecutor$ScheduledFutureTask.run(ScheduledThreadPoolExecutor.java:305) ~[na:na]
	at java.base/java.util.concurrent.ThreadPoolExecutor.runWorker(ThreadPoolExecutor.java:1144) ~[na:na]
	at java.base/java.util.concurrent.ThreadPoolExecutor$Worker.run(ThreadPoolExecutor.java:642) ~[na:na]
	at java.base/java.lang.VirtualThread.run(VirtualThread.java:329) ~[na:na]
Caused by: java.net.SocketException: Closed by interrupt
	at java.base/java.net.Socket$SocketInputStream.read(Socket.java:1106) ~[na:na]
	at java.base/sun.security.ssl.SSLSocketInputRecord.read(SSLSocketInputRecord.java:489) ~[na:na]
	at java.base/sun.security.ssl.SSLSocketInputRecord.readHeader(SSLSocketInputRecord.java:483) ~[na:na]
	at java.base/sun.security.ssl.SSLSocketInputRecord.bytesInCompletePacket(SSLSocketInputRecord.java:70) ~[na:na]
	at java.base/sun.security.ssl.SSLSocketImpl.readApplicationRecord(SSLSocketImpl.java:1460) ~[na:na]
	at java.base/sun.security.ssl.SSLSocketImpl$AppInputStream.read(SSLSocketImpl.java:1066) ~[na:na]
	at org.postgresql.core.VisibleBufferedInputStream.readMore(VisibleBufferedInputStream.java:192) ~[postgresql-42.7.5.jar:42.7.5]
	at org.postgresql.core.VisibleBufferedInputStream.ensureBytes(VisibleBufferedInputStream.java:159) ~[postgresql-42.7.5.jar:42.7.5]
	at org.postgresql.core.VisibleBufferedInputStream.ensureBytes(VisibleBufferedInputStream.java:144) ~[postgresql-42.7.5.jar:42.7.5]
	at org.postgresql.core.VisibleBufferedInputStream.read(VisibleBufferedInputStream.java:76) ~[postgresql-42.7.5.jar:42.7.5]
	at org.postgresql.core.PGStream.receiveChar(PGStream.java:476) ~[postgresql-42.7.5.jar:42.7.5]
	at org.postgresql.core.v3.QueryExecutorImpl.processResults(QueryExecutorImpl.java:2174) ~[postgresql-42.7.5.jar:42.7.5]
	at org.postgresql.core.v3.QueryExecutorImpl.execute(QueryExecutorImpl.java:372) ~[postgresql-42.7.5.jar:42.7.5]
	... 59 common frames omitted
2026-08-02 00:09:12 [scheduling-1] WARN  o.h.e.jdbc.spi.SqlExceptionHelper - SQL Error: 0, SQLState: 08006
2026-08-02 00:09:12 [scheduling-1] ERROR o.h.e.jdbc.spi.SqlExceptionHelper - An I/O error occurred while sending to the backend.
2026-08-02 00:09:12 [Thread-188] INFO  o.s.o.j.LocalContainerEntityManagerFactoryBean - Closing JPA EntityManagerFactory for persistence unit 'default'
2026-08-02 00:09:12 [Thread-188] INFO  com.zaxxer.hikari.HikariDataSource - HikariPool-29 - Shutdown initiated...
2026-08-02 00:09:12 [scheduling-1] ERROR o.s.s.s.TaskUtils$LoggingErrorHandler - Unexpected error occurred in scheduled task
org.springframework.dao.DataAccessResourceFailureException: JDBC exception executing SQL [select c1_0.id,c1_0.assigned_user_id,c1_0.is_bot_conversation,c1_0.bot_fallback_count,c1_0.bot_handoff_at,c1_0.bot_resume_after,c1_0.channel,c1_0.channel_conversation_id,c1_0.closed_at,c1_0.contact_id,c1_0.created_at,c1_0.created_by,c1_0.is_deleted,c1_0.deleted_at,c1_0.deleted_by,c1_0.first_response_at,c1_0.human_handoff,c1_0.human_taken_over_at,c1_0.instance_name,c1_0.is_group,c1_0.last_agent_reply_at,c1_0.last_bot_response_at,c1_0.last_message_at,c1_0.last_processed_message_hash,c1_0.message_count,c1_0.metadata,c1_0.pending_ai_response,c1_0.priority,c1_0.resolution_time_seconds,c1_0.resolved_at,c1_0.response_time_seconds,c1_0.satisfaction_feedback,c1_0.satisfaction_rating,c1_0.status,c1_0.subject,c1_0.tags,c1_0.tenant_id,c1_0.unread_count,c1_0.updated_at,c1_0.updated_by,c1_0.version from conversations c1_0 where c1_0.pending_ai_response=true and c1_0.last_message_at<? and c1_0.status in ('OPEN','IN_PROGRESS','PENDING') and c1_0.is_deleted=false order by c1_0.last_message_at] [An I/O error occurred while sending to the backend.] [n/a]
	at org.springframework.orm.jpa.vendor.HibernateJpaDialect.convertHibernateAccessException(HibernateJpaDialect.java:274) ~[spring-orm-6.2.5.jar:6.2.5]
	at org.springframework.orm.jpa.vendor.HibernateJpaDialect.translateExceptionIfPossible(HibernateJpaDialect.java:241) ~[spring-orm-6.2.5.jar:6.2.5]
	at org.springframework.orm.jpa.AbstractEntityManagerFactoryBean.translateExceptionIfPossible(AbstractEntityManagerFactoryBean.java:560) ~[spring-orm-6.2.5.jar:6.2.5]
	at org.springframework.dao.support.ChainedPersistenceExceptionTranslator.translateExceptionIfPossible(ChainedPersistenceExceptionTranslator.java:61) ~[spring-tx-6.2.5.jar:6.2.5]
	at org.springframework.dao.support.DataAccessUtils.translateIfNecessary(DataAccessUtils.java:343) ~[spring-tx-6.2.5.jar:6.2.5]
	at org.springframework.dao.support.PersistenceExceptionTranslationInterceptor.invoke(PersistenceExceptionTranslationInterceptor.java:160) ~[spring-tx-6.2.5.jar:6.2.5]
	at org.springframework.aop.framework.ReflectiveMethodInvocation.proceed(ReflectiveMethodInvocation.java:184) ~[spring-aop-6.2.5.jar:6.2.5]
	at org.springframework.data.jpa.repository.support.CrudMethodMetadataPostProcessor$CrudMethodMetadataPopulatingMethodInterceptor.invoke(CrudMethodMetadataPostProcessor.java:136) ~[spring-data-jpa-3.4.4.jar:3.4.4]
	at org.springframework.aop.framework.ReflectiveMethodInvocation.proceed(ReflectiveMethodInvocation.java:184) ~[spring-aop-6.2.5.jar:6.2.5]
	at org.springframework.aop.framework.JdkDynamicAopProxy.invoke(JdkDynamicAopProxy.java:223) ~[spring-aop-6.2.5.jar:6.2.5]
	at jdk.proxy32/jdk.proxy32.$Proxy970.findPendingAiConversations(Unknown Source) ~[na:na]
	at com.iquenobot.orchestrator.application.aggregation.PendingAiResponseScheduler.processPendingConversations(PendingAiResponseScheduler.java:42) ~[classes/:na]
	at java.base/jdk.internal.reflect.DirectMethodHandleAccessor.invoke(DirectMethodHandleAccessor.java:103) ~[na:na]
	at java.base/java.lang.reflect.Method.invoke(Method.java:580) ~[na:na]
	at org.springframework.scheduling.support.ScheduledMethodRunnable.runInternal(ScheduledMethodRunnable.java:130) ~[spring-context-6.2.5.jar:6.2.5]
	at org.springframework.scheduling.support.ScheduledMethodRunnable.lambda$run$2(ScheduledMethodRunnable.java:124) ~[spring-context-6.2.5.jar:6.2.5]
	at io.micrometer.observation.Observation.observe(Observation.java:498) ~[micrometer-observation-1.14.5.jar:1.14.5]
	at org.springframework.scheduling.support.ScheduledMethodRunnable.run(ScheduledMethodRunnable.java:124) ~[spring-context-6.2.5.jar:6.2.5]
	at org.springframework.scheduling.config.Task$OutcomeTrackingRunnable.run(Task.java:85) ~[spring-context-6.2.5.jar:6.2.5]
	at org.springframework.scheduling.support.DelegatingErrorHandlingRunnable.run(DelegatingErrorHandlingRunnable.java:54) ~[spring-context-6.2.5.jar:6.2.5]
	at java.base/java.util.concurrent.Executors$RunnableAdapter.call(Executors.java:572) ~[na:na]
	at java.base/java.util.concurrent.FutureTask.runAndReset(FutureTask.java:358) ~[na:na]
	at java.base/java.util.concurrent.ScheduledThreadPoolExecutor$ScheduledFutureTask.run(ScheduledThreadPoolExecutor.java:305) ~[na:na]
	at java.base/java.util.concurrent.ThreadPoolExecutor.runWorker(ThreadPoolExecutor.java:1144) ~[na:na]
	at java.base/java.util.concurrent.ThreadPoolExecutor$Worker.run(ThreadPoolExecutor.java:642) ~[na:na]
	at java.base/java.lang.VirtualThread.run(VirtualThread.java:329) ~[na:na]
Caused by: org.hibernate.exception.JDBCConnectionException: JDBC exception executing SQL [select c1_0.id,c1_0.assigned_user_id,c1_0.is_bot_conversation,c1_0.bot_fallback_count,c1_0.bot_handoff_at,c1_0.bot_resume_after,c1_0.channel,c1_0.channel_conversation_id,c1_0.closed_at,c1_0.contact_id,c1_0.created_at,c1_0.created_by,c1_0.is_deleted,c1_0.deleted_at,c1_0.deleted_by,c1_0.first_response_at,c1_0.human_handoff,c1_0.human_taken_over_at,c1_0.instance_name,c1_0.is_group,c1_0.last_agent_reply_at,c1_0.last_bot_response_at,c1_0.last_message_at,c1_0.last_processed_message_hash,c1_0.message_count,c1_0.metadata,c1_0.pending_ai_response,c1_0.priority,c1_0.resolution_time_seconds,c1_0.resolved_at,c1_0.response_time_seconds,c1_0.satisfaction_feedback,c1_0.satisfaction_rating,c1_0.status,c1_0.subject,c1_0.tags,c1_0.tenant_id,c1_0.unread_count,c1_0.updated_at,c1_0.updated_by,c1_0.version from conversations c1_0 where c1_0.pending_ai_response=true and c1_0.last_message_at<? and c1_0.status in ('OPEN','IN_PROGRESS','PENDING') and c1_0.is_deleted=false order by c1_0.last_message_at] [An I/O error occurred while sending to the backend.] [n/a]
	at org.hibernate.exception.internal.SQLStateConversionDelegate.convert(SQLStateConversionDelegate.java:100) ~[hibernate-core-6.6.11.Final.jar:6.6.11.Final]
	at org.hibernate.exception.internal.StandardSQLExceptionConverter.convert(StandardSQLExceptionConverter.java:58) ~[hibernate-core-6.6.11.Final.jar:6.6.11.Final]
	at org.hibernate.engine.jdbc.spi.SqlExceptionHelper.convert(SqlExceptionHelper.java:108) ~[hibernate-core-6.6.11.Final.jar:6.6.11.Final]
	at org.hibernate.engine.jdbc.spi.SqlExceptionHelper.convert(SqlExceptionHelper.java:94) ~[hibernate-core-6.6.11.Final.jar:6.6.11.Final]
	at org.hibernate.sql.results.jdbc.internal.DeferredResultSetAccess.executeQuery(DeferredResultSetAccess.java:268) ~[hibernate-core-6.6.11.Final.jar:6.6.11.Final]
	at org.hibernate.sql.results.jdbc.internal.DeferredResultSetAccess.getResultSet(DeferredResultSetAccess.java:171) ~[hibernate-core-6.6.11.Final.jar:6.6.11.Final]
	at org.hibernate.sql.results.jdbc.internal.JdbcValuesResultSetImpl.<init>(JdbcValuesResultSetImpl.java:74) ~[hibernate-core-6.6.11.Final.jar:6.6.11.Final]
	at org.hibernate.sql.exec.internal.JdbcSelectExecutorStandardImpl.resolveJdbcValuesSource(JdbcSelectExecutorStandardImpl.java:355) ~[hibernate-core-6.6.11.Final.jar:6.6.11.Final]
	at org.hibernate.sql.exec.internal.JdbcSelectExecutorStandardImpl.doExecuteQuery(JdbcSelectExecutorStandardImpl.java:137) ~[hibernate-core-6.6.11.Final.jar:6.6.11.Final]
	at org.hibernate.sql.exec.internal.JdbcSelectExecutorStandardImpl.executeQuery(JdbcSelectExecutorStandardImpl.java:102) ~[hibernate-core-6.6.11.Final.jar:6.6.11.Final]
	at org.hibernate.sql.exec.spi.JdbcSelectExecutor.executeQuery(JdbcSelectExecutor.java:91) ~[hibernate-core-6.6.11.Final.jar:6.6.11.Final]
	at org.hibernate.sql.exec.spi.JdbcSelectExecutor.list(JdbcSelectExecutor.java:165) ~[hibernate-core-6.6.11.Final.jar:6.6.11.Final]
	at org.hibernate.query.sqm.internal.ConcreteSqmSelectQueryPlan.lambda$new$1(ConcreteSqmSelectQueryPlan.java:152) ~[hibernate-core-6.6.11.Final.jar:6.6.11.Final]
	at org.hibernate.query.sqm.internal.ConcreteSqmSelectQueryPlan.withCacheableSqmInterpretation(ConcreteSqmSelectQueryPlan.java:442) ~[hibernate-core-6.6.11.Final.jar:6.6.11.Final]
	at org.hibernate.query.sqm.internal.ConcreteSqmSelectQueryPlan.performList(ConcreteSqmSelectQueryPlan.java:362) ~[hibernate-core-6.6.11.Final.jar:6.6.11.Final]
	at org.hibernate.query.sqm.internal.QuerySqmImpl.doList(QuerySqmImpl.java:380) ~[hibernate-core-6.6.11.Final.jar:6.6.11.Final]
	at org.hibernate.query.spi.AbstractSelectionQuery.list(AbstractSelectionQuery.java:143) ~[hibernate-core-6.6.11.Final.jar:6.6.11.Final]
	at org.hibernate.query.Query.getResultList(Query.java:120) ~[hibernate-core-6.6.11.Final.jar:6.6.11.Final]
	at java.base/jdk.internal.reflect.DirectMethodHandleAccessor.invoke(DirectMethodHandleAccessor.java:103) ~[na:na]
	at java.base/java.lang.reflect.Method.invoke(Method.java:580) ~[na:na]
	at org.springframework.orm.jpa.SharedEntityManagerCreator$DeferredQueryInvocationHandler.invoke(SharedEntityManagerCreator.java:419) ~[spring-orm-6.2.5.jar:6.2.5]
	at jdk.proxy32/jdk.proxy32.$Proxy983.getResultList(Unknown Source) ~[na:na]
	at org.springframework.data.jpa.repository.query.JpaQueryExecution$CollectionExecution.doExecute(JpaQueryExecution.java:130) ~[spring-data-jpa-3.4.4.jar:3.4.4]
	at org.springframework.data.jpa.repository.query.JpaQueryExecution.execute(JpaQueryExecution.java:93) ~[spring-data-jpa-3.4.4.jar:3.4.4]
	at org.springframework.data.jpa.repository.query.AbstractJpaQuery.doExecute(AbstractJpaQuery.java:152) ~[spring-data-jpa-3.4.4.jar:3.4.4]
	at org.springframework.data.jpa.repository.query.AbstractJpaQuery.execute(AbstractJpaQuery.java:140) ~[spring-data-jpa-3.4.4.jar:3.4.4]
	at org.springframework.data.repository.core.support.RepositoryMethodInvoker.doInvoke(RepositoryMethodInvoker.java:170) ~[spring-data-commons-3.4.4.jar:3.4.4]
	at org.springframework.data.repository.core.support.RepositoryMethodInvoker.invoke(RepositoryMethodInvoker.java:158) ~[spring-data-commons-3.4.4.jar:3.4.4]
	at org.springframework.data.repository.core.support.QueryExecutorMethodInterceptor.doInvoke(QueryExecutorMethodInterceptor.java:170) ~[spring-data-commons-3.4.4.jar:3.4.4]
	at org.springframework.data.repository.core.support.QueryExecutorMethodInterceptor.invoke(QueryExecutorMethodInterceptor.java:149) ~[spring-data-commons-3.4.4.jar:3.4.4]
	at org.springframework.aop.framework.ReflectiveMethodInvocation.proceed(ReflectiveMethodInvocation.java:184) ~[spring-aop-6.2.5.jar:6.2.5]
	at org.springframework.data.projection.DefaultMethodInvokingMethodInterceptor.invoke(DefaultMethodInvokingMethodInterceptor.java:69) ~[spring-data-commons-3.4.4.jar:3.4.4]
	at org.springframework.aop.framework.ReflectiveMethodInvocation.proceed(ReflectiveMethodInvocation.java:184) ~[spring-aop-6.2.5.jar:6.2.5]
	at org.springframework.transaction.interceptor.TransactionAspectSupport.invokeWithinTransaction(TransactionAspectSupport.java:380) ~[spring-tx-6.2.5.jar:6.2.5]
	at org.springframework.transaction.interceptor.TransactionInterceptor.invoke(TransactionInterceptor.java:119) ~[spring-tx-6.2.5.jar:6.2.5]
	at org.springframework.aop.framework.ReflectiveMethodInvocation.proceed(ReflectiveMethodInvocation.java:184) ~[spring-aop-6.2.5.jar:6.2.5]
	at org.springframework.dao.support.PersistenceExceptionTranslationInterceptor.invoke(PersistenceExceptionTranslationInterceptor.java:138) ~[spring-tx-6.2.5.jar:6.2.5]
	... 20 common frames omitted
Caused by: org.postgresql.util.PSQLException: An I/O error occurred while sending to the backend.
	at org.postgresql.core.v3.QueryExecutorImpl.execute(QueryExecutorImpl.java:399) ~[postgresql-42.7.5.jar:42.7.5]
	at org.postgresql.jdbc.PgStatement.executeInternal(PgStatement.java:517) ~[postgresql-42.7.5.jar:42.7.5]
	at org.postgresql.jdbc.PgStatement.execute(PgStatement.java:434) ~[postgresql-42.7.5.jar:42.7.5]
	at org.postgresql.jdbc.PgPreparedStatement.executeWithFlags(PgPreparedStatement.java:194) ~[postgresql-42.7.5.jar:42.7.5]
	at org.postgresql.jdbc.PgPreparedStatement.executeQuery(PgPreparedStatement.java:137) ~[postgresql-42.7.5.jar:42.7.5]
	at com.zaxxer.hikari.pool.ProxyPreparedStatement.executeQuery(ProxyPreparedStatement.java:52) ~[HikariCP-5.1.0.jar:na]
	at com.zaxxer.hikari.pool.HikariProxyPreparedStatement.executeQuery(HikariProxyPreparedStatement.java) ~[HikariCP-5.1.0.jar:na]
	at org.hibernate.sql.results.jdbc.internal.DeferredResultSetAccess.executeQuery(DeferredResultSetAccess.java:250) ~[hibernate-core-6.6.11.Final.jar:6.6.11.Final]
	... 52 common frames omitted
Caused by: java.net.SocketException: Closed by interrupt
	at java.base/java.net.Socket$SocketInputStream.read(Socket.java:1106) ~[na:na]
	at java.base/sun.security.ssl.SSLSocketInputRecord.read(SSLSocketInputRecord.java:489) ~[na:na]
	at java.base/sun.security.ssl.SSLSocketInputRecord.readHeader(SSLSocketInputRecord.java:483) ~[na:na]
	at java.base/sun.security.ssl.SSLSocketInputRecord.bytesInCompletePacket(SSLSocketInputRecord.java:70) ~[na:na]
	at java.base/sun.security.ssl.SSLSocketImpl.readApplicationRecord(SSLSocketImpl.java:1460) ~[na:na]
	at java.base/sun.security.ssl.SSLSocketImpl$AppInputStream.read(SSLSocketImpl.java:1066) ~[na:na]
	at org.postgresql.core.VisibleBufferedInputStream.readMore(VisibleBufferedInputStream.java:192) ~[postgresql-42.7.5.jar:42.7.5]
	at org.postgresql.core.VisibleBufferedInputStream.ensureBytes(VisibleBufferedInputStream.java:159) ~[postgresql-42.7.5.jar:42.7.5]
	at org.postgresql.core.VisibleBufferedInputStream.ensureBytes(VisibleBufferedInputStream.java:144) ~[postgresql-42.7.5.jar:42.7.5]
	at org.postgresql.core.VisibleBufferedInputStream.read(VisibleBufferedInputStream.java:76) ~[postgresql-42.7.5.jar:42.7.5]
	at org.postgresql.core.PGStream.receiveChar(PGStream.java:476) ~[postgresql-42.7.5.jar:42.7.5]
	at org.postgresql.core.v3.QueryExecutorImpl.processResults(QueryExecutorImpl.java:2174) ~[postgresql-42.7.5.jar:42.7.5]
	at org.postgresql.core.v3.QueryExecutorImpl.execute(QueryExecutorImpl.java:372) ~[postgresql-42.7.5.jar:42.7.5]
	... 59 common frames omitted
2026-08-02 00:09:13 [Thread-188] INFO  com.zaxxer.hikari.HikariDataSource - HikariPool-29 - Shutdown completed.
2026-08-02 00:09:13 [Thread-188] DEBUG c.i.s.w.NotificationWebSocketHandler - WebSocket transport error: user=935532dc-b311-4071-851e-71e87089679a error=java.nio.channels.ClosedChannelException
2026-08-02 00:09:13 [Thread-188] DEBUG c.i.s.w.NotificationWebSocketHandler - WebSocket disconnected: user=935532dc-b311-4071-851e-71e87089679a status=CloseStatus[code=1001, reason=The web application is stopping]
2026-08-02 00:09:13 [restartedMain] INFO  com.iquenobot.IquenobotApplication - Starting IquenobotApplication using Java 21.0.11 with PID 23200 (C:\Users\luisv\OneDrive\Escritorio\cloniquenobot\iquenobot\target\classes started by luisv in C:\Users\luisv\OneDrive\Escritorio\cloniquenobot\iquenobot)
2026-08-02 00:09:13 [restartedMain] DEBUG com.iquenobot.IquenobotApplication - Running with Spring Boot v3.4.4, Spring v6.2.5
2026-08-02 00:09:13 [restartedMain] INFO  com.iquenobot.IquenobotApplication - The following 1 profile is active: "dev"
2026-08-02 00:09:14 [restartedMain] INFO  o.s.d.r.c.RepositoryConfigurationDelegate - Bootstrapping Spring Data JPA repositories in DEFAULT mode.
2026-08-02 00:09:14 [restartedMain] INFO  o.s.d.r.c.RepositoryConfigurationDelegate - Finished Spring Data repository scanning in 185 ms. Found 22 JPA repository interfaces.
2026-08-02 00:09:14 [restartedMain] INFO  o.s.b.w.e.tomcat.TomcatWebServer - Tomcat initialized with port 8085 (http)
2026-08-02 00:09:14 [restartedMain] INFO  o.a.catalina.core.StandardService - Starting service [Tomcat]
2026-08-02 00:09:14 [restartedMain] INFO  o.a.catalina.core.StandardEngine - Starting Servlet engine: [Apache Tomcat/10.1.39]
2026-08-02 00:09:14 [restartedMain] INFO  o.a.c.c.C.[Tomcat-2].[localhost].[/] - Initializing Spring embedded WebApplicationContext
2026-08-02 00:09:14 [restartedMain] INFO  o.s.b.w.s.c.ServletWebServerApplicationContext - Root WebApplicationContext: initialization completed in 1621 ms
2026-08-02 00:09:15 [restartedMain] INFO  com.zaxxer.hikari.HikariDataSource - HikariPool-30 - Starting...
2026-08-02 00:09:16 [restartedMain] INFO  com.zaxxer.hikari.pool.HikariPool - HikariPool-30 - Added connection org.postgresql.jdbc.PgConnection@615b0c5f
2026-08-02 00:09:16 [restartedMain] INFO  com.zaxxer.hikari.HikariDataSource - HikariPool-30 - Start completed.
2026-08-02 00:09:16 [restartedMain] INFO  org.flywaydb.core.FlywayExecutor - Database: jdbc:postgresql://ep-delicate-bird-axk10rcp-pooler.c-4.us-east-2.aws.neon.tech:5432/neondb?sslmode=require (PostgreSQL 18.4)
2026-08-02 00:09:17 [restartedMain] WARN  o.f.c.i.database.base.Database - Flyway upgrade recommended: PostgreSQL 18.4 is newer than this version of Flyway and support has not been tested. The latest supported version of PostgreSQL is 17.
2026-08-02 00:09:18 [restartedMain] INFO  o.f.core.internal.command.DbValidate - Successfully validated 34 migrations (execution time 00:00.589s)
2026-08-02 00:09:20 [restartedMain] INFO  o.f.core.internal.command.DbMigrate - Current version of schema "public": 034
2026-08-02 00:09:20 [restartedMain] INFO  o.f.core.internal.command.DbMigrate - Schema "public" is up to date. No migration necessary.
2026-08-02 00:09:21 [restartedMain] INFO  o.h.jpa.internal.util.LogHelper - HHH000204: Processing PersistenceUnitInfo [name: default]
2026-08-02 00:09:21 [restartedMain] INFO  o.h.c.i.RegionFactoryInitiator - HHH000026: Second-level cache disabled
2026-08-02 00:09:21 [restartedMain] INFO  o.s.o.j.p.SpringPersistenceUnitInfo - No LoadTimeWeaver setup: ignoring JPA class transformer
2026-08-02 00:09:21 [restartedMain] WARN  org.hibernate.orm.deprecation - HHH90000025: PostgreSQLDialect does not need to be specified explicitly using 'hibernate.dialect' (remove the property setting and it will be selected by default)
2026-08-02 00:09:22 [restartedMain] INFO  o.hibernate.orm.connections.pooling - HHH10001005: Database info:
	Database JDBC URL [Connecting through datasource 'HikariDataSource (HikariPool-30)']
	Database driver: undefined/unknown
	Database version: 18.4
	Autocommit mode: undefined/unknown
	Isolation level: undefined/unknown
	Minimum pool size: undefined/unknown
	Maximum pool size: undefined/unknown
2026-08-02 00:09:22 [restartedMain] INFO  o.h.e.t.j.p.i.JtaPlatformInitiator - HHH000489: No JTA platform available (set 'hibernate.transaction.jta.platform' to enable JTA platform integration)
2026-08-02 00:09:23 [restartedMain] INFO  o.s.o.j.LocalContainerEntityManagerFactoryBean - Initialized JPA EntityManagerFactory for persistence unit 'default'
2026-08-02 00:09:23 [restartedMain] DEBUG c.i.s.s.JwtAuthenticationFilter - Filter 'jwtAuthenticationFilter' configured for use
2026-08-02 00:09:24 [restartedMain] INFO  c.i.o.a.decision.DecisionEngineImpl - DecisionEngine initialized with 3 strategies
2026-08-02 00:09:24 [restartedMain] INFO  c.i.s.i.storage.LocalStorageService - LocalStorageService initialized at: C:\Users\luisv\OneDrive\Escritorio\cloniquenobot\iquenobot\uploads
2026-08-02 00:09:24 [restartedMain] INFO  c.i.o.a.action.ActionDispatcher - ActionDispatcher initialized with 15 executors
2026-08-02 00:09:24 [restartedMain] INFO  c.i.s.application.FileUploadService - File upload directory created at: C:\Users\luisv\OneDrive\Escritorio\cloniquenobot\iquenobot\uploads
2026-08-02 00:09:26 [restartedMain] INFO  c.i.o.i.config.AsyncConfig - Orchestrator event executor initialized: core=5 max=20 queue=500
2026-08-02 00:09:26 [restartedMain] WARN  o.s.b.a.s.s.UserDetailsServiceAutoConfiguration - 

Using generated security password: 85cb2ec8-b45d-4944-b513-842b33c991d4

This generated password is for development use only. Your security configuration must be updated before running your application in production.

2026-08-02 00:09:26 [restartedMain] INFO  o.s.b.a.e.web.EndpointLinksResolver - Exposing 3 endpoints beneath base path '/actuator'
2026-08-02 00:09:27 [restartedMain] INFO  o.s.b.d.a.OptionalLiveReloadServer - LiveReload server is running on port 35729
2026-08-02 00:09:27 [restartedMain] INFO  o.s.b.w.e.tomcat.TomcatWebServer - Tomcat started on port 8085 (http) with context path '/'
2026-08-02 00:09:27 [restartedMain] INFO  com.iquenobot.IquenobotApplication - Started IquenobotApplication in 14.231 seconds (process running for 4668.788)
2026-08-02 00:09:27 [restartedMain] INFO  c.i.shared.config.DataInitializer - Plans already seeded, skipping
2026-08-02 00:09:28 [restartedMain] INFO  c.i.shared.config.DataInitializer - SUPER_ADMIN already exists, skipping initialization
2026-08-02 00:09:28 [restartedMain] INFO  o.s.b.d.a.ConditionEvaluationDeltaLoggingListener - Condition evaluation unchanged
2026-08-02 00:09:29 [tomcat-handler-0] INFO  o.a.c.c.C.[Tomcat-2].[localhost].[/] - Initializing Spring DispatcherServlet 'dispatcherServlet'
2026-08-02 00:09:29 [tomcat-handler-0] INFO  o.s.web.servlet.DispatcherServlet - Initializing Servlet 'dispatcherServlet'
2026-08-02 00:09:29 [tomcat-handler-0] INFO  o.s.web.servlet.DispatcherServlet - Completed initialization in 5 ms
2026-08-02 00:09:29 [tomcat-handler-0] DEBUG c.i.s.w.NotificationWebSocketHandler - WebSocket connected: user=935532dc-b311-4071-851e-71e87089679a tenant=d563b428-b1a9-4bf3-af62-a175e92e8e18 sessions=1
2026-08-02 00:09:29 [tomcat-handler-1] DEBUG c.i.s.w.NotificationWebSocketHandler - User 935532dc-b311-4071-851e-71e87089679a joined conversation b8b738f2-0d35-4c52-b6fc-75bf11d681a1 (1 subscribers)
2026-08-02 00:09:32 [File Watcher] INFO  o.s.b.d.a.LocalDevToolsAutoConfiguration$RestartingClassPathChangeChangedEventListener - Restarting due to 1 class path change (0 additions, 0 deletions, 1 modification)
2026-08-02 00:09:32 [Thread-193] INFO  o.s.b.w.e.tomcat.GracefulShutdown - Commencing graceful shutdown. Waiting for active requests to complete
2026-08-02 00:09:32 [tomcat-shutdown] INFO  o.s.b.w.e.tomcat.GracefulShutdown - Graceful shutdown complete
2026-08-02 00:09:32 [Thread-193] INFO  o.s.o.j.LocalContainerEntityManagerFactoryBean - Closing JPA EntityManagerFactory for persistence unit 'default'
2026-08-02 00:09:32 [Thread-193] INFO  com.zaxxer.hikari.HikariDataSource - HikariPool-30 - Shutdown initiated...
2026-08-02 00:09:33 [Thread-193] INFO  com.zaxxer.hikari.HikariDataSource - HikariPool-30 - Shutdown completed.
2026-08-02 00:09:33 [Thread-193] DEBUG c.i.s.w.NotificationWebSocketHandler - WebSocket transport error: user=935532dc-b311-4071-851e-71e87089679a error=java.nio.channels.ClosedChannelException
2026-08-02 00:09:33 [Thread-193] DEBUG c.i.s.w.NotificationWebSocketHandler - WebSocket disconnected: user=935532dc-b311-4071-851e-71e87089679a status=CloseStatus[code=1001, reason=The web application is stopping]
2026-08-02 00:09:33 [restartedMain] INFO  com.iquenobot.IquenobotApplication - Starting IquenobotApplication using Java 21.0.11 with PID 23200 (C:\Users\luisv\OneDrive\Escritorio\cloniquenobot\iquenobot\target\classes started by luisv in C:\Users\luisv\OneDrive\Escritorio\cloniquenobot\iquenobot)
2026-08-02 00:09:33 [restartedMain] DEBUG com.iquenobot.IquenobotApplication - Running with Spring Boot v3.4.4, Spring v6.2.5
2026-08-02 00:09:33 [restartedMain] INFO  com.iquenobot.IquenobotApplication - The following 1 profile is active: "dev"
2026-08-02 00:09:33 [restartedMain] INFO  o.s.d.r.c.RepositoryConfigurationDelegate - Bootstrapping Spring Data JPA repositories in DEFAULT mode.
2026-08-02 00:09:34 [restartedMain] INFO  o.s.d.r.c.RepositoryConfigurationDelegate - Finished Spring Data repository scanning in 198 ms. Found 22 JPA repository interfaces.
2026-08-02 00:09:34 [restartedMain] INFO  o.s.b.w.e.tomcat.TomcatWebServer - Tomcat initialized with port 8085 (http)
2026-08-02 00:09:34 [restartedMain] INFO  o.a.catalina.core.StandardService - Starting service [Tomcat]
2026-08-02 00:09:34 [restartedMain] INFO  o.a.catalina.core.StandardEngine - Starting Servlet engine: [Apache Tomcat/10.1.39]
2026-08-02 00:09:34 [restartedMain] INFO  o.a.c.c.C.[Tomcat-2].[localhost].[/] - Initializing Spring embedded WebApplicationContext
2026-08-02 00:09:34 [restartedMain] INFO  o.s.b.w.s.c.ServletWebServerApplicationContext - Root WebApplicationContext: initialization completed in 1285 ms
2026-08-02 00:09:34 [restartedMain] INFO  com.zaxxer.hikari.HikariDataSource - HikariPool-31 - Starting...
2026-08-02 00:09:36 [restartedMain] INFO  com.zaxxer.hikari.pool.HikariPool - HikariPool-31 - Added connection org.postgresql.jdbc.PgConnection@10e66e19
2026-08-02 00:09:36 [restartedMain] INFO  com.zaxxer.hikari.HikariDataSource - HikariPool-31 - Start completed.
2026-08-02 00:09:36 [restartedMain] INFO  org.flywaydb.core.FlywayExecutor - Database: jdbc:postgresql://ep-delicate-bird-axk10rcp-pooler.c-4.us-east-2.aws.neon.tech:5432/neondb?sslmode=require (PostgreSQL 18.4)
2026-08-02 00:09:37 [restartedMain] WARN  o.f.c.i.database.base.Database - Flyway upgrade recommended: PostgreSQL 18.4 is newer than this version of Flyway and support has not been tested. The latest supported version of PostgreSQL is 17.
2026-08-02 00:09:38 [restartedMain] INFO  o.f.core.internal.command.DbValidate - Successfully validated 34 migrations (execution time 00:00.608s)
2026-08-02 00:09:40 [restartedMain] INFO  o.f.core.internal.command.DbMigrate - Current version of schema "public": 034
2026-08-02 00:09:40 [restartedMain] INFO  o.f.core.internal.command.DbMigrate - Schema "public" is up to date. No migration necessary.
2026-08-02 00:09:41 [restartedMain] INFO  o.h.jpa.internal.util.LogHelper - HHH000204: Processing PersistenceUnitInfo [name: default]
2026-08-02 00:09:41 [restartedMain] INFO  o.h.c.i.RegionFactoryInitiator - HHH000026: Second-level cache disabled
2026-08-02 00:09:41 [restartedMain] INFO  o.s.o.j.p.SpringPersistenceUnitInfo - No LoadTimeWeaver setup: ignoring JPA class transformer
2026-08-02 00:09:41 [restartedMain] WARN  org.hibernate.orm.deprecation - HHH90000025: PostgreSQLDialect does not need to be specified explicitly using 'hibernate.dialect' (remove the property setting and it will be selected by default)
2026-08-02 00:09:41 [restartedMain] INFO  o.hibernate.orm.connections.pooling - HHH10001005: Database info:
	Database JDBC URL [Connecting through datasource 'HikariDataSource (HikariPool-31)']
	Database driver: undefined/unknown
	Database version: 18.4
	Autocommit mode: undefined/unknown
	Isolation level: undefined/unknown
	Minimum pool size: undefined/unknown
	Maximum pool size: undefined/unknown
2026-08-02 00:09:42 [restartedMain] INFO  o.h.e.t.j.p.i.JtaPlatformInitiator - HHH000489: No JTA platform available (set 'hibernate.transaction.jta.platform' to enable JTA platform integration)
2026-08-02 00:09:43 [restartedMain] INFO  o.s.o.j.LocalContainerEntityManagerFactoryBean - Initialized JPA EntityManagerFactory for persistence unit 'default'
2026-08-02 00:09:43 [restartedMain] DEBUG c.i.s.s.JwtAuthenticationFilter - Filter 'jwtAuthenticationFilter' configured for use
2026-08-02 00:09:44 [restartedMain] INFO  c.i.o.a.decision.DecisionEngineImpl - DecisionEngine initialized with 3 strategies
2026-08-02 00:09:44 [restartedMain] INFO  c.i.s.i.storage.LocalStorageService - LocalStorageService initialized at: C:\Users\luisv\OneDrive\Escritorio\cloniquenobot\iquenobot\uploads
2026-08-02 00:09:44 [restartedMain] INFO  c.i.o.a.action.ActionDispatcher - ActionDispatcher initialized with 15 executors
2026-08-02 00:09:44 [restartedMain] INFO  c.i.s.application.FileUploadService - File upload directory created at: C:\Users\luisv\OneDrive\Escritorio\cloniquenobot\iquenobot\uploads
2026-08-02 00:09:47 [restartedMain] INFO  c.i.o.i.config.AsyncConfig - Orchestrator event executor initialized: core=5 max=20 queue=500
2026-08-02 00:09:47 [restartedMain] WARN  o.s.b.a.s.s.UserDetailsServiceAutoConfiguration - 

Using generated security password: aa577287-6e85-4f35-b6dc-16bb24ab5a78

This generated password is for development use only. Your security configuration must be updated before running your application in production.

2026-08-02 00:09:47 [restartedMain] INFO  o.s.b.a.e.web.EndpointLinksResolver - Exposing 3 endpoints beneath base path '/actuator'
2026-08-02 00:09:48 [restartedMain] INFO  o.s.b.d.a.OptionalLiveReloadServer - LiveReload server is running on port 35729
2026-08-02 00:09:48 [restartedMain] INFO  o.s.b.w.e.tomcat.TomcatWebServer - Tomcat started on port 8085 (http) with context path '/'
2026-08-02 00:09:48 [restartedMain] INFO  com.iquenobot.IquenobotApplication - Started IquenobotApplication in 15.666 seconds (process running for 4690.353)
2026-08-02 00:09:49 [restartedMain] INFO  c.i.shared.config.DataInitializer - Plans already seeded, skipping
2026-08-02 00:09:49 [tomcat-handler-0] INFO  o.a.c.c.C.[Tomcat-2].[localhost].[/] - Initializing Spring DispatcherServlet 'dispatcherServlet'
2026-08-02 00:09:49 [tomcat-handler-0] INFO  o.s.web.servlet.DispatcherServlet - Initializing Servlet 'dispatcherServlet'
2026-08-02 00:09:49 [tomcat-handler-0] INFO  o.s.web.servlet.DispatcherServlet - Completed initialization in 3 ms
2026-08-02 00:09:49 [restartedMain] INFO  c.i.shared.config.DataInitializer - SUPER_ADMIN already exists, skipping initialization
2026-08-02 00:09:49 [restartedMain] INFO  o.s.b.d.a.ConditionEvaluationDeltaLoggingListener - Condition evaluation unchanged
2026-08-02 00:09:49 [tomcat-handler-0] INFO  c.i.auth.application.AuthService - Attempting login for email: supervisor@miempresa.com
2026-08-02 00:09:51 [tomcat-handler-0] INFO  c.i.auth.application.AuthService - Login successful for user: supervisor@miempresa.com in tenant: midemo
2026-08-02 00:09:52 [tomcat-handler-1] DEBUG c.i.s.w.NotificationWebSocketHandler - WebSocket connected: user=935532dc-b311-4071-851e-71e87089679a tenant=d563b428-b1a9-4bf3-af62-a175e92e8e18 sessions=1
2026-08-02 00:09:52 [tomcat-handler-2] DEBUG c.i.s.s.JwtAuthenticationFilter - User authenticated: 935532dc-b311-4071-851e-71e87089679a for tenant: d563b428-b1a9-4bf3-af62-a175e92e8e18
2026-08-02 00:09:53 [tomcat-handler-3] DEBUG c.i.s.s.JwtAuthenticationFilter - User authenticated: 935532dc-b311-4071-851e-71e87089679a for tenant: d563b428-b1a9-4bf3-af62-a175e92e8e18
2026-08-02 00:09:55 [tomcat-handler-4] DEBUG c.i.s.w.NotificationWebSocketHandler - User 935532dc-b311-4071-851e-71e87089679a left conversation b8b738f2-0d35-4c52-b6fc-75bf11d681a1
2026-08-02 00:09:55 [tomcat-handler-5] DEBUG c.i.s.w.NotificationWebSocketHandler - User 935532dc-b311-4071-851e-71e87089679a joined conversation b8b738f2-0d35-4c52-b6fc-75bf11d681a1 (1 subscribers)
2026-08-02 00:09:55 [tomcat-handler-6] DEBUG c.i.s.s.JwtAuthenticationFilter - User authenticated: 935532dc-b311-4071-851e-71e87089679a for tenant: d563b428-b1a9-4bf3-af62-a175e92e8e18
2026-08-02 00:09:55 [tomcat-handler-7] DEBUG c.i.s.s.JwtAuthenticationFilter - User authenticated: 935532dc-b311-4071-851e-71e87089679a for tenant: d563b428-b1a9-4bf3-af62-a175e92e8e18
2026-08-02 00:09:56 [tomcat-handler-8] DEBUG c.i.s.s.JwtAuthenticationFilter - User authenticated: 935532dc-b311-4071-851e-71e87089679a for tenant: d563b428-b1a9-4bf3-af62-a175e92e8e18
2026-08-02 00:09:57 [tomcat-handler-8] INFO  c.i.c.a.ConversationService - Marked 0 messages as read in conversation b8b738f2-0d35-4c52-b6fc-75bf11d681a1 for tenant d563b428-b1a9-4bf3-af62-a175e92e8e18 (conversation rows updated=1)
2026-08-02 00:10:08 [tomcat-handler-9] INFO  c.i.a.i.c.WhatsAppWebhookController - === WEBHOOK WHATSAPP RECIBIDO ===
2026-08-02 00:10:08 [tomcat-handler-9] INFO  c.i.a.i.c.WhatsAppWebhookController - Instance: mi-whatsapp Event: messages.upsert
2026-08-02 00:10:08 [tomcat-handler-9] INFO  c.i.a.i.c.WhatsAppWebhookController - Payload - event: messages.upsert, instanceId: null, from: null, messageId: null, type: null, text: null
2026-08-02 00:10:08 [tomcat-handler-9] INFO  c.i.a.i.c.WhatsAppWebhookController - Payload - data present: SI, data keys: [key, pushName, status, message, messageType, messageTimestamp, instanceId, source]
2026-08-02 00:10:08 [tomcat-handler-9] INFO  c.i.o.a.WhatsAppWebhookAdapter - Processing Evolution webhook for instance=mi-whatsapp
2026-08-02 00:10:08 [tomcat-handler-9] DEBUG c.i.o.a.WhatsAppWebhookAdapter - Evolution webhook data={key={remoteJid=120363424364570024@g.us, fromMe=true, id=A50DABE2227E3B8F36046E587C54270E, participant=181161838002355@lid, addressingMode=lid}, pushName=LuisDev, status=SERVER_ACK, message={conversation=Hdhdhd, messageContextInfo={threadId=[], messageSecret={0=109, 1=49, 2=45, 3=36, 4=45, 5=209, 6=241, 7=89, 8=13, 9=140, 10=55, 11=90, 12=97, 13=177, 14=178, 15=134, 16=153, 17=21, 18=159, 19=109, 20=91, 21=178, 22=80, 23=131, 24=118, 25=148, 26=192, 27=1, 28=135, 29=175, 30=66, 31=164}}}, messageType=conversation, messageTimestamp=1785647407, instanceId=50ca41c7-d60d-4ffa-bfc6-4328c6a10ad8, source=android}
2026-08-02 00:10:08 [tomcat-handler-9] INFO  c.i.o.a.WhatsAppWebhookAdapter - New WhatsApp message from +181161838002355 | type=conversation | msgId=A50DABE2227E3B8F36046E587C54270E
2026-08-02 00:10:08 [tomcat-handler-9] INFO  c.i.o.a.WhatsAppWebhookAdapter - WhatsApp direction: OUTBOUND
2026-08-02 00:10:08 [tomcat-handler-9] WARN  c.i.a.i.w.EvolutionApiProvider - Error obteniendo nombre del grupo 120363424364570024@g.us: 404 Not Found on POST request for "http://localhost:8080/group/findGroupInfos/mi-whatsapp": "{"status":404,"error":"Not Found","response":{"message":["Cannot POST /group/findGroupInfos/mi-whatsapp"]}}"
2026-08-02 00:10:08 [tomcat-handler-9] INFO  c.i.o.a.WhatsAppWebhookAdapter - Incoming WhatsApp message processed: from=+181161838002355 direction=OUTBOUND type=TEXT content=Hdhdhd
2026-08-02 00:10:08 [tomcat-handler-9] INFO  c.i.o.a.ConversationOrchestrator - Orchestrator processing message from channel=WHATSAPP source=+181161838002355
2026-08-02 00:10:08 [tomcat-handler-9] INFO  c.i.o.a.ConversationOrchestrator - Orchestrator processing message from channel=WHATSAPP source=+181161838002355
2026-08-02 00:10:08 [tomcat-handler-9] INFO  c.i.o.a.pipeline.MessagePipeline - Starting message pipeline with 10 steps for channel: WHATSAPP
2026-08-02 00:10:08 [tomcat-handler-9] DEBUG c.i.o.a.pipeline.ValidationStep - Validation passed for message from channel=WHATSAPP source=+181161838002355
2026-08-02 00:10:08 [tomcat-handler-9] DEBUG c.i.o.a.pipeline.MessagePipeline - Pipeline step ValidationStep completed in 0ms
2026-08-02 00:10:08 [tomcat-handler-9] DEBUG c.i.o.a.p.TenantResolutionStep - Tenant resolved: id=d563b428-b1a9-4bf3-af62-a175e92e8e18 subdomain=midemo
2026-08-02 00:10:08 [tomcat-handler-9] DEBUG c.i.o.a.pipeline.MessagePipeline - Pipeline step TenantResolutionStep completed in 315ms
2026-08-02 00:10:08 [tomcat-handler-9] DEBUG c.i.o.a.p.ContactResolutionStep - Searching contact for tenant=d563b428-b1a9-4bf3-af62-a175e92e8e18 phone=+181161838002355
2026-08-02 00:10:09 [tomcat-handler-9] DEBUG c.i.o.a.p.ContactResolutionStep - Contact resolved: id=c0493771-3b81-450e-9585-d51a455f3f8f name=+181161838002355 phone=+181161838002355
2026-08-02 00:10:09 [tomcat-handler-9] DEBUG c.i.o.a.pipeline.MessagePipeline - Pipeline step ContactResolutionStep$$SpringCGLIB$$0 completed in 380ms
2026-08-02 00:10:09 [tomcat-handler-9] DEBUG c.i.o.a.p.ConversationResolutionStep - Conversation resolved: id=b8b738f2-0d35-4c52-b6fc-75bf11d681a1 status=IN_PROGRESS channel=WHATSAPP conversationKey=WHATSAPP:120363424364570024@g.us
2026-08-02 00:10:09 [tomcat-handler-9] DEBUG c.i.o.a.pipeline.MessagePipeline - Pipeline step ConversationResolutionStep$$SpringCGLIB$$0 completed in 559ms
2026-08-02 00:10:10 [tomcat-handler-9] DEBUG c.i.o.a.p.BotConfigurationResolutionStep - Bot configuration resolved: enabled=true aiProvider=GROQ
2026-08-02 00:10:10 [tomcat-handler-9] DEBUG c.i.o.a.pipeline.MessagePipeline - Pipeline step BotConfigurationResolutionStep completed in 366ms
2026-08-02 00:10:10 [tomcat-handler-9] DEBUG c.i.o.a.p.WorkingHoursResolutionStep - Working hours resolved: enabled=true isOpen=false
2026-08-02 00:10:10 [tomcat-handler-9] DEBUG c.i.o.a.pipeline.MessagePipeline - Pipeline step WorkingHoursResolutionStep completed in 378ms
2026-08-02 00:10:10 [tomcat-handler-9] DEBUG c.i.o.a.p.ConversationContextResolutionStep - Conversation context resolved: totalMessages=0 consecutiveBotResponses=0 firstMessage=true
2026-08-02 00:10:10 [tomcat-handler-9] DEBUG c.i.o.a.pipeline.MessagePipeline - Pipeline step ConversationContextResolutionStep completed in 249ms
2026-08-02 00:10:10 [tomcat-handler-9] DEBUG c.i.o.a.p.MessagePersistenceStep - Message persisted: id=8d15c102-c038-4844-9067-99be678add8e conversation=b8b738f2-0d35-4c52-b6fc-75bf11d681a1 type=TEXT
2026-08-02 00:10:11 [tomcat-handler-9] DEBUG c.i.o.a.pipeline.MessagePipeline - Pipeline step MessagePersistenceStep$$SpringCGLIB$$0 completed in 506ms
2026-08-02 00:10:11 [tomcat-handler-9] DEBUG c.i.o.a.pipeline.MetricsUpdateStep - Metrics updated: contact=c0493771-3b81-450e-9585-d51a455f3f8f conversation=b8b738f2-0d35-4c52-b6fc-75bf11d681a1
2026-08-02 00:10:11 [tomcat-handler-9] DEBUG c.i.o.a.pipeline.MessagePipeline - Pipeline step MetricsUpdateStep$$SpringCGLIB$$0 completed in 374ms
2026-08-02 00:10:11 [tomcat-handler-9] INFO  c.i.o.application.pipeline.AuditStep - AUDIT|tenantId=d563b428-b1a9-4bf3-af62-a175e92e8e18|conversationId=b8b738f2-0d35-4c52-b6fc-75bf11d681a1|contactId=c0493771-3b81-450e-9585-d51a455f3f8f|messageId=A50DABE2227E3B8F36046E587C54270E|channel=WHATSAPP|type=TEXT
2026-08-02 00:10:11 [tomcat-handler-9] DEBUG c.i.o.a.pipeline.MessagePipeline - Pipeline step AuditStep completed in 0ms
2026-08-02 00:10:11 [tomcat-handler-9] INFO  c.i.o.a.pipeline.MessagePipeline - Message pipeline completed in 3127ms
2026-08-02 00:10:11 [tomcat-handler-9] DEBUG c.i.o.i.event.SpringEventPublisher - Publishing event: type=MESSAGE_RECEIVED tenantId=d563b428-b1a9-4bf3-af62-a175e92e8e18 conversationId=b8b738f2-0d35-4c52-b6fc-75bf11d681a1
2026-08-02 00:10:11 [orchestrator-event-1] INFO  c.i.o.i.event.AnalyticsEventListener - Analytics: Message received - tenantId=d563b428-b1a9-4bf3-af62-a175e92e8e18 conversationId=b8b738f2-0d35-4c52-b6fc-75bf11d681a1 channel=WHATSAPP
2026-08-02 00:10:11 [tomcat-handler-9] DEBUG c.i.o.a.decision.DecisionEngineImpl - Running decision engine with 3 strategies
2026-08-02 00:10:11 [orchestrator-event-2] DEBUG c.i.o.i.event.AuditEventListener - Persisting audit log for message received: messageId=A50DABE2227E3B8F36046E587C54270E
2026-08-02 00:10:11 [tomcat-handler-9] DEBUG c.i.o.a.d.AutoResponseStrategy - No specific strategy handled the message, defaulting to NO_ACTION
2026-08-02 00:10:11 [tomcat-handler-9] DEBUG c.i.o.a.decision.DecisionEngineImpl - Strategy AutoResponseStrategy decided: action=NO_ACTION reason=No automated action configured for this message
2026-08-02 00:10:11 [tomcat-handler-9] DEBUG c.i.o.a.action.ActionDispatcher - Dispatching action: NO_ACTION to executor: NoopActionExecutor
2026-08-02 00:10:11 [tomcat-handler-9] DEBUG c.i.o.a.action.NoopActionExecutor - No action needed for conversation b8b738f2-0d35-4c52-b6fc-75bf11d681a1: No automated action configured for this message
2026-08-02 00:10:11 [tomcat-handler-9] DEBUG c.i.o.i.event.SpringEventPublisher - Publishing event: type=ACTION_EXECUTED tenantId=d563b428-b1a9-4bf3-af62-a175e92e8e18 conversationId=b8b738f2-0d35-4c52-b6fc-75bf11d681a1
2026-08-02 00:10:11 [orchestrator-event-4] DEBUG c.i.o.i.event.AnalyticsEventListener - Analytics: Action executed - tenantId=d563b428-b1a9-4bf3-af62-a175e92e8e18 conversationId=b8b738f2-0d35-4c52-b6fc-75bf11d681a1 action=NO_ACTION time=3140ms
2026-08-02 00:10:11 [orchestrator-event-4] DEBUG c.i.o.i.m.OrchestratorMetricsService - Metrics recorded: channel=WHATSAPP action=NO_ACTION time=3140ms
2026-08-02 00:10:11 [tomcat-handler-9] INFO  c.i.o.a.ConversationOrchestrator - Message processed successfully in 3143ms. decision=NO_ACTION
2026-08-02 00:10:11 [orchestrator-event-1] DEBUG c.i.o.i.e.NotificationEventListener - Action executed event processed: action=NO_ACTION
2026-08-02 00:10:11 [orchestrator-event-5] DEBUG c.i.o.i.event.AuditEventListener - Audit: Action executed - action=NO_ACTION processingTime=3140ms tenantId=d563b428-b1a9-4bf3-af62-a175e92e8e18
2026-08-02 00:10:11 [tomcat-handler-9] INFO  c.i.a.i.c.WhatsAppWebhookController - === WEBHOOK PROCESADO EXITOSAMENTE ===
2026-08-02 00:10:17 [tomcat-handler-11] INFO  c.i.a.i.c.WhatsAppWebhookController - === WEBHOOK WHATSAPP RECIBIDO ===
2026-08-02 00:10:17 [tomcat-handler-11] INFO  c.i.a.i.c.WhatsAppWebhookController - Instance: mi-whatsapp Event: messages.upsert
2026-08-02 00:10:17 [tomcat-handler-11] INFO  c.i.a.i.c.WhatsAppWebhookController - Payload - event: messages.upsert, instanceId: null, from: null, messageId: null, type: null, text: null
2026-08-02 00:10:17 [tomcat-handler-11] INFO  c.i.a.i.c.WhatsAppWebhookController - Payload - data present: SI, data keys: [key, pushName, status, message, messageType, messageTimestamp, instanceId, source]
2026-08-02 00:10:17 [tomcat-handler-11] INFO  c.i.o.a.WhatsAppWebhookAdapter - Processing Evolution webhook for instance=mi-whatsapp
2026-08-02 00:10:17 [tomcat-handler-11] DEBUG c.i.o.a.WhatsAppWebhookAdapter - Evolution webhook data={key={remoteJid=51969302544@s.whatsapp.net, remoteJidAlt=51969302544@s.whatsapp.net, fromMe=true, id=A570305343BBFF9773DF8C21E3C493AB, participant=, addressingMode=lid}, pushName=LuisDev, status=SERVER_ACK, message={conversation=Yyyy}, messageType=conversation, messageTimestamp=1785647416, instanceId=50ca41c7-d60d-4ffa-bfc6-4328c6a10ad8, source=android}
2026-08-02 00:10:17 [tomcat-handler-11] INFO  c.i.o.a.WhatsAppWebhookAdapter - New WhatsApp message from +51969302544 | type=conversation | msgId=A570305343BBFF9773DF8C21E3C493AB
2026-08-02 00:10:17 [tomcat-handler-11] INFO  c.i.o.a.WhatsAppWebhookAdapter - WhatsApp direction: OUTBOUND
2026-08-02 00:10:17 [tomcat-handler-11] INFO  c.i.o.a.WhatsAppWebhookAdapter - Incoming WhatsApp message processed: from=+51969302544 direction=OUTBOUND type=TEXT content=Yyyy
2026-08-02 00:10:17 [tomcat-handler-11] INFO  c.i.o.a.ConversationOrchestrator - Orchestrator processing message from channel=WHATSAPP source=+51969302544
2026-08-02 00:10:17 [tomcat-handler-11] INFO  c.i.o.a.ConversationOrchestrator - Orchestrator processing message from channel=WHATSAPP source=+51969302544
2026-08-02 00:10:17 [tomcat-handler-11] INFO  c.i.o.a.pipeline.MessagePipeline - Starting message pipeline with 10 steps for channel: WHATSAPP
2026-08-02 00:10:17 [tomcat-handler-11] DEBUG c.i.o.a.pipeline.ValidationStep - Validation passed for message from channel=WHATSAPP source=+51969302544
2026-08-02 00:10:17 [tomcat-handler-11] DEBUG c.i.o.a.pipeline.MessagePipeline - Pipeline step ValidationStep completed in 0ms
2026-08-02 00:10:17 [tomcat-handler-11] DEBUG c.i.o.a.p.TenantResolutionStep - Tenant resolved: id=d563b428-b1a9-4bf3-af62-a175e92e8e18 subdomain=midemo
2026-08-02 00:10:17 [tomcat-handler-11] DEBUG c.i.o.a.pipeline.MessagePipeline - Pipeline step TenantResolutionStep completed in 359ms
2026-08-02 00:10:17 [tomcat-handler-11] DEBUG c.i.o.a.p.ContactResolutionStep - Searching contact for tenant=d563b428-b1a9-4bf3-af62-a175e92e8e18 phone=+51969302544
2026-08-02 00:10:18 [tomcat-handler-11] DEBUG c.i.o.a.p.ContactResolutionStep - Contact resolved: id=d16cb840-ef2f-4ce4-b9e9-910e0653f18a name=Adriano_ 😀 phone=+51969302544
2026-08-02 00:10:18 [tomcat-handler-11] DEBUG c.i.o.a.pipeline.MessagePipeline - Pipeline step ContactResolutionStep$$SpringCGLIB$$0 completed in 363ms
2026-08-02 00:10:18 [tomcat-handler-11] DEBUG c.i.o.i.event.SpringEventPublisher - Publishing event: type=CONVERSATION_CREATED tenantId=d563b428-b1a9-4bf3-af62-a175e92e8e18 conversationId=7e5cb550-a9ee-4579-b3c2-58993f39b21f
2026-08-02 00:10:18 [orchestrator-event-2] INFO  c.i.o.i.event.AnalyticsEventListener - Analytics: Conversation created - tenantId=d563b428-b1a9-4bf3-af62-a175e92e8e18 conversationId=7e5cb550-a9ee-4579-b3c2-58993f39b21f channel=WHATSAPP
2026-08-02 00:10:18 [tomcat-handler-11] INFO  c.i.o.a.p.ConversationResolutionStep - New conversation created: id=7e5cb550-a9ee-4579-b3c2-58993f39b21f key=WHATSAPP:51969302544@s.whatsapp.net group=false subject=null
2026-08-02 00:10:18 [orchestrator-event-4] INFO  c.i.o.i.event.AuditEventListener - Audit: Conversation created - conversationId=7e5cb550-a9ee-4579-b3c2-58993f39b21f channel=WHATSAPP tenantId=d563b428-b1a9-4bf3-af62-a175e92e8e18
2026-08-02 00:10:18 [tomcat-handler-11] DEBUG c.i.o.a.p.ConversationResolutionStep - Conversation resolved: id=7e5cb550-a9ee-4579-b3c2-58993f39b21f status=OPEN channel=WHATSAPP conversationKey=WHATSAPP:51969302544@s.whatsapp.net
2026-08-02 00:10:19 [tomcat-handler-11] DEBUG c.i.o.a.pipeline.MessagePipeline - Pipeline step ConversationResolutionStep$$SpringCGLIB$$0 completed in 1132ms
2026-08-02 00:10:19 [tomcat-handler-11] DEBUG c.i.o.a.p.BotConfigurationResolutionStep - Bot configuration resolved: enabled=true aiProvider=GROQ
2026-08-02 00:10:19 [tomcat-handler-11] DEBUG c.i.o.a.pipeline.MessagePipeline - Pipeline step BotConfigurationResolutionStep completed in 379ms
2026-08-02 00:10:19 [tomcat-handler-11] DEBUG c.i.o.a.p.WorkingHoursResolutionStep - Working hours resolved: enabled=true isOpen=false
2026-08-02 00:10:19 [tomcat-handler-11] DEBUG c.i.o.a.pipeline.MessagePipeline - Pipeline step WorkingHoursResolutionStep completed in 241ms
2026-08-02 00:10:20 [tomcat-handler-11] DEBUG c.i.o.a.p.ConversationContextResolutionStep - Conversation context resolved: totalMessages=0 consecutiveBotResponses=0 firstMessage=true
2026-08-02 00:10:20 [tomcat-handler-11] DEBUG c.i.o.a.pipeline.MessagePipeline - Pipeline step ConversationContextResolutionStep completed in 165ms
2026-08-02 00:10:20 [tomcat-handler-11] DEBUG c.i.o.a.p.MessagePersistenceStep - Message persisted: id=db9acf6a-bc6e-48ee-b726-c40a13c671bf conversation=7e5cb550-a9ee-4579-b3c2-58993f39b21f type=TEXT
2026-08-02 00:10:20 [tomcat-handler-11] DEBUG c.i.o.a.pipeline.MessagePipeline - Pipeline step MessagePersistenceStep$$SpringCGLIB$$0 completed in 606ms
2026-08-02 00:10:20 [tomcat-handler-11] DEBUG c.i.o.a.pipeline.MetricsUpdateStep - Metrics updated: contact=d16cb840-ef2f-4ce4-b9e9-910e0653f18a conversation=7e5cb550-a9ee-4579-b3c2-58993f39b21f
2026-08-02 00:10:20 [tomcat-handler-12] DEBUG c.i.s.w.NotificationWebSocketHandler - User 935532dc-b311-4071-851e-71e87089679a left conversation b8b738f2-0d35-4c52-b6fc-75bf11d681a1
2026-08-02 00:10:20 [tomcat-handler-12] DEBUG c.i.s.w.NotificationWebSocketHandler - User 935532dc-b311-4071-851e-71e87089679a left conversation b8b738f2-0d35-4c52-b6fc-75bf11d681a1
2026-08-02 00:10:20 [tomcat-handler-13] DEBUG c.i.s.w.NotificationWebSocketHandler - User 935532dc-b311-4071-851e-71e87089679a joined conversation 7e5cb550-a9ee-4579-b3c2-58993f39b21f (1 subscribers)
2026-08-02 00:10:20 [tomcat-handler-14] DEBUG c.i.s.s.JwtAuthenticationFilter - User authenticated: 935532dc-b311-4071-851e-71e87089679a for tenant: d563b428-b1a9-4bf3-af62-a175e92e8e18
2026-08-02 00:10:20 [tomcat-handler-15] DEBUG c.i.s.s.JwtAuthenticationFilter - User authenticated: 935532dc-b311-4071-851e-71e87089679a for tenant: d563b428-b1a9-4bf3-af62-a175e92e8e18
2026-08-02 00:10:21 [tomcat-handler-11] DEBUG c.i.o.a.pipeline.MessagePipeline - Pipeline step MetricsUpdateStep$$SpringCGLIB$$0 completed in 368ms
2026-08-02 00:10:21 [tomcat-handler-11] INFO  c.i.o.application.pipeline.AuditStep - AUDIT|tenantId=d563b428-b1a9-4bf3-af62-a175e92e8e18|conversationId=7e5cb550-a9ee-4579-b3c2-58993f39b21f|contactId=d16cb840-ef2f-4ce4-b9e9-910e0653f18a|messageId=A570305343BBFF9773DF8C21E3C493AB|channel=WHATSAPP|type=TEXT
2026-08-02 00:10:21 [tomcat-handler-11] DEBUG c.i.o.a.pipeline.MessagePipeline - Pipeline step AuditStep completed in 0ms
2026-08-02 00:10:21 [tomcat-handler-11] INFO  c.i.o.a.pipeline.MessagePipeline - Message pipeline completed in 3616ms
2026-08-02 00:10:21 [tomcat-handler-11] DEBUG c.i.o.i.event.SpringEventPublisher - Publishing event: type=MESSAGE_RECEIVED tenantId=d563b428-b1a9-4bf3-af62-a175e92e8e18 conversationId=7e5cb550-a9ee-4579-b3c2-58993f39b21f
2026-08-02 00:10:21 [orchestrator-event-5] INFO  c.i.o.i.event.AnalyticsEventListener - Analytics: Message received - tenantId=d563b428-b1a9-4bf3-af62-a175e92e8e18 conversationId=7e5cb550-a9ee-4579-b3c2-58993f39b21f channel=WHATSAPP
2026-08-02 00:10:21 [tomcat-handler-11] DEBUG c.i.o.a.decision.DecisionEngineImpl - Running decision engine with 3 strategies
2026-08-02 00:10:21 [orchestrator-event-3] DEBUG c.i.o.i.event.AuditEventListener - Persisting audit log for message received: messageId=A570305343BBFF9773DF8C21E3C493AB
2026-08-02 00:10:21 [tomcat-handler-11] DEBUG c.i.o.a.d.AgentAssignmentStrategy - No agent assigned and conversation is OPEN, assigning agent
2026-08-02 00:10:21 [tomcat-handler-11] DEBUG c.i.o.a.decision.DecisionEngineImpl - Strategy AgentAssignmentStrategy decided: action=ASSIGN_AGENT reason=Conversation requires human agent
2026-08-02 00:10:21 [tomcat-handler-11] DEBUG c.i.o.a.action.ActionDispatcher - Dispatching action: ASSIGN_AGENT to executor: AssignAgentExecutor$$SpringCGLIB$$0
2026-08-02 00:10:21 [tomcat-handler-16] DEBUG c.i.s.s.JwtAuthenticationFilter - User authenticated: 935532dc-b311-4071-851e-71e87089679a for tenant: d563b428-b1a9-4bf3-af62-a175e92e8e18
2026-08-02 00:10:22 [tomcat-handler-17] DEBUG c.i.s.w.NotificationWebSocketHandler - User 935532dc-b311-4071-851e-71e87089679a left conversation 7e5cb550-a9ee-4579-b3c2-58993f39b21f
2026-08-02 00:10:22 [tomcat-handler-17] DEBUG c.i.s.w.NotificationWebSocketHandler - User 935532dc-b311-4071-851e-71e87089679a left conversation 7e5cb550-a9ee-4579-b3c2-58993f39b21f
2026-08-02 00:10:22 [tomcat-handler-18] DEBUG c.i.s.w.NotificationWebSocketHandler - User 935532dc-b311-4071-851e-71e87089679a joined conversation b8b738f2-0d35-4c52-b6fc-75bf11d681a1 (1 subscribers)
2026-08-02 00:10:22 [tomcat-handler-19] DEBUG c.i.s.s.JwtAuthenticationFilter - User authenticated: 935532dc-b311-4071-851e-71e87089679a for tenant: d563b428-b1a9-4bf3-af62-a175e92e8e18
2026-08-02 00:10:22 [tomcat-handler-16] INFO  c.i.c.a.ConversationService - Marked 0 messages as read in conversation 7e5cb550-a9ee-4579-b3c2-58993f39b21f for tenant d563b428-b1a9-4bf3-af62-a175e92e8e18 (conversation rows updated=1)
2026-08-02 00:10:22 [tomcat-handler-11] DEBUG c.i.o.i.event.SpringEventPublisher - Publishing event: type=AGENT_ASSIGNED tenantId=d563b428-b1a9-4bf3-af62-a175e92e8e18 conversationId=7e5cb550-a9ee-4579-b3c2-58993f39b21f
2026-08-02 00:10:22 [orchestrator-event-4] INFO  c.i.o.i.event.AnalyticsEventListener - Analytics: Agent assigned - tenantId=d563b428-b1a9-4bf3-af62-a175e92e8e18 conversationId=7e5cb550-a9ee-4579-b3c2-58993f39b21f agentId=935532dc-b311-4071-851e-71e87089679a
2026-08-02 00:10:22 [orchestrator-event-1] INFO  c.i.o.i.event.AuditEventListener - Audit: Agent assigned - conversationId=7e5cb550-a9ee-4579-b3c2-58993f39b21f agentId=935532dc-b311-4071-851e-71e87089679a tenantId=d563b428-b1a9-4bf3-af62-a175e92e8e18
2026-08-02 00:10:23 [tomcat-handler-11] INFO  c.i.o.a.action.AssignAgentExecutor - Conversation 7e5cb550-a9ee-4579-b3c2-58993f39b21f assigned to agent 935532dc-b311-4071-851e-71e87089679a (least busy, 1 active conversations)
2026-08-02 00:10:23 [tomcat-handler-19] INFO  c.i.c.a.ConversationService - Marked 0 messages as read in conversation b8b738f2-0d35-4c52-b6fc-75bf11d681a1 for tenant d563b428-b1a9-4bf3-af62-a175e92e8e18 (conversation rows updated=1)
2026-08-02 00:10:23 [orchestrator-event-5] INFO  c.i.n.a.NotificationService - Notification created: 970249ab-4797-4f2d-b2ea-cb47182fd635 for user: 935532dc-b311-4071-851e-71e87089679a
2026-08-02 00:10:23 [tomcat-handler-11] DEBUG c.i.o.i.event.SpringEventPublisher - Publishing event: type=ACTION_EXECUTED tenantId=d563b428-b1a9-4bf3-af62-a175e92e8e18 conversationId=7e5cb550-a9ee-4579-b3c2-58993f39b21f
2026-08-02 00:10:23 [tomcat-handler-11] INFO  c.i.o.a.ConversationOrchestrator - Message processed successfully in 6032ms. decision=ASSIGN_AGENT
2026-08-02 00:10:23 [orchestrator-event-3] DEBUG c.i.o.i.event.AnalyticsEventListener - Analytics: Action executed - tenantId=d563b428-b1a9-4bf3-af62-a175e92e8e18 conversationId=7e5cb550-a9ee-4579-b3c2-58993f39b21f action=ASSIGN_AGENT time=6032ms
2026-08-02 00:10:23 [orchestrator-event-4] DEBUG c.i.o.i.e.NotificationEventListener - Action executed event processed: action=ASSIGN_AGENT
2026-08-02 00:10:23 [orchestrator-event-2] DEBUG c.i.o.i.event.AuditEventListener - Audit: Action executed - action=ASSIGN_AGENT processingTime=6032ms tenantId=d563b428-b1a9-4bf3-af62-a175e92e8e18
2026-08-02 00:10:23 [tomcat-handler-11] INFO  c.i.a.i.c.WhatsAppWebhookController - === WEBHOOK PROCESADO EXITOSAMENTE ===
2026-08-02 00:10:23 [orchestrator-event-3] DEBUG c.i.o.i.m.OrchestratorMetricsService - Metrics recorded: channel=WHATSAPP action=ASSIGN_AGENT time=6032ms
2026-08-02 00:10:43 [tomcat-handler-21] DEBUG c.i.s.w.NotificationWebSocketHandler - WebSocket disconnected: user=935532dc-b311-4071-851e-71e87089679a status=CloseStatus[code=1001, reason=null]
2026-08-02 00:10:43 [tomcat-handler-23] DEBUG c.i.auth.application.AuthService - Refreshing token
2026-08-02 00:10:43 [tomcat-handler-22] DEBUG c.i.auth.application.AuthService - Refreshing token
2026-08-02 00:10:44 [tomcat-handler-23] DEBUG c.i.auth.application.AuthService - Token refreshed successfully for user: supervisor@miempresa.com
2026-08-02 00:10:44 [tomcat-handler-22] DEBUG c.i.auth.application.AuthService - Token refreshed successfully for user: supervisor@miempresa.com
2026-08-02 00:10:44 [tomcat-handler-24] DEBUG c.i.s.w.NotificationWebSocketHandler - WebSocket connected: user=935532dc-b311-4071-851e-71e87089679a tenant=d563b428-b1a9-4bf3-af62-a175e92e8e18 sessions=1
2026-08-02 00:10:53 [SpringApplicationShutdownHook] INFO  o.s.b.w.e.tomcat.GracefulShutdown - Commencing graceful shutdown. Waiting for active requests to complete
2026-08-02 00:10:53 [tomcat-shutdown] INFO  o.s.b.w.e.tomcat.GracefulShutdown - Graceful shutdown complete
2026-08-02 00:10:53 [SpringApplicationShutdownHook] INFO  o.s.o.j.LocalContainerEntityManagerFactoryBean - Closing JPA EntityManagerFactory for persistence unit 'default'
2026-08-02 00:10:53 [SpringApplicationShutdownHook] INFO  com.zaxxer.hikari.HikariDataSource - HikariPool-31 - Shutdown initiated...
2026-08-02 00:10:54 [SpringApplicationShutdownHook] INFO  com.zaxxer.hikari.HikariDataSource - HikariPool-31 - Shutdown completed.
2026-08-02 00:10:54 [SpringApplicationShutdownHook] DEBUG c.i.s.w.NotificationWebSocketHandler - WebSocket transport error: user=935532dc-b311-4071-851e-71e87089679a error=java.nio.channels.ClosedChannelException
2026-08-02 00:10:54 [SpringApplicationShutdownHook] DEBUG c.i.s.w.NotificationWebSocketHandler - WebSocket disconnected: user=935532dc-b311-4071-851e-71e87089679a status=CloseStatus[code=1001, reason=The web application is stopping]
2026-08-02 00:11:04 [restartedMain] INFO  com.iquenobot.IquenobotApplication - Starting IquenobotApplication using Java 21.0.11 with PID 29500 (C:\Users\luisv\OneDrive\Escritorio\cloniquenobot\iquenobot\target\classes started by luisv in C:\Users\luisv\OneDrive\Escritorio\cloniquenobot\iquenobot)
2026-08-02 00:11:04 [restartedMain] DEBUG com.iquenobot.IquenobotApplication - Running with Spring Boot v3.4.4, Spring v6.2.5
2026-08-02 00:11:04 [restartedMain] INFO  com.iquenobot.IquenobotApplication - The following 1 profile is active: "dev"
2026-08-02 00:11:04 [restartedMain] INFO  o.s.b.d.e.DevToolsPropertyDefaultsPostProcessor - Devtools property defaults active! Set 'spring.devtools.add-properties' to 'false' to disable
2026-08-02 00:11:04 [restartedMain] INFO  o.s.b.d.e.DevToolsPropertyDefaultsPostProcessor - For additional web related logging consider setting the 'logging.level.web' property to 'DEBUG'
2026-08-02 00:11:06 [restartedMain] INFO  o.s.d.r.c.RepositoryConfigurationDelegate - Bootstrapping Spring Data JPA repositories in DEFAULT mode.
2026-08-02 00:11:06 [restartedMain] INFO  o.s.d.r.c.RepositoryConfigurationDelegate - Finished Spring Data repository scanning in 293 ms. Found 22 JPA repository interfaces.
2026-08-02 00:11:08 [restartedMain] INFO  o.s.b.w.e.tomcat.TomcatWebServer - Tomcat initialized with port 8085 (http)
2026-08-02 00:11:08 [restartedMain] INFO  o.a.catalina.core.StandardService - Starting service [Tomcat]
2026-08-02 00:11:08 [restartedMain] INFO  o.a.catalina.core.StandardEngine - Starting Servlet engine: [Apache Tomcat/10.1.39]
2026-08-02 00:11:08 [restartedMain] INFO  o.a.c.c.C.[Tomcat].[localhost].[/] - Initializing Spring embedded WebApplicationContext
2026-08-02 00:11:08 [restartedMain] INFO  o.s.b.w.s.c.ServletWebServerApplicationContext - Root WebApplicationContext: initialization completed in 3332 ms
2026-08-02 00:11:08 [restartedMain] INFO  com.zaxxer.hikari.HikariDataSource - HikariPool-1 - Starting...
2026-08-02 00:11:10 [restartedMain] INFO  com.zaxxer.hikari.pool.HikariPool - HikariPool-1 - Added connection org.postgresql.jdbc.PgConnection@47e5b140
2026-08-02 00:11:10 [restartedMain] INFO  com.zaxxer.hikari.HikariDataSource - HikariPool-1 - Start completed.
2026-08-02 00:11:10 [restartedMain] INFO  org.flywaydb.core.FlywayExecutor - Database: jdbc:postgresql://ep-delicate-bird-axk10rcp-pooler.c-4.us-east-2.aws.neon.tech:5432/neondb?sslmode=require (PostgreSQL 18.4)
2026-08-02 00:11:12 [restartedMain] WARN  o.f.c.i.database.base.Database - Flyway upgrade recommended: PostgreSQL 18.4 is newer than this version of Flyway and support has not been tested. The latest supported version of PostgreSQL is 17.
2026-08-02 00:11:13 [restartedMain] INFO  o.f.core.internal.command.DbValidate - Successfully validated 34 migrations (execution time 00:00.756s)
2026-08-02 00:11:15 [restartedMain] INFO  o.f.core.internal.command.DbMigrate - Current version of schema "public": 034
2026-08-02 00:11:15 [restartedMain] INFO  o.f.core.internal.command.DbMigrate - Schema "public" is up to date. No migration necessary.
2026-08-02 00:11:17 [restartedMain] INFO  o.h.jpa.internal.util.LogHelper - HHH000204: Processing PersistenceUnitInfo [name: default]
2026-08-02 00:11:17 [restartedMain] INFO  org.hibernate.Version - HHH000412: Hibernate ORM core version 6.6.11.Final
2026-08-02 00:11:17 [restartedMain] INFO  o.h.c.i.RegionFactoryInitiator - HHH000026: Second-level cache disabled
2026-08-02 00:11:17 [restartedMain] INFO  o.s.o.j.p.SpringPersistenceUnitInfo - No LoadTimeWeaver setup: ignoring JPA class transformer
2026-08-02 00:11:17 [restartedMain] WARN  org.hibernate.orm.deprecation - HHH90000025: PostgreSQLDialect does not need to be specified explicitly using 'hibernate.dialect' (remove the property setting and it will be selected by default)
2026-08-02 00:11:18 [restartedMain] INFO  o.hibernate.orm.connections.pooling - HHH10001005: Database info:
	Database JDBC URL [Connecting through datasource 'HikariDataSource (HikariPool-1)']
	Database driver: undefined/unknown
	Database version: 18.4
	Autocommit mode: undefined/unknown
	Isolation level: undefined/unknown
	Minimum pool size: undefined/unknown
	Maximum pool size: undefined/unknown
2026-08-02 00:11:19 [restartedMain] INFO  o.h.e.t.j.p.i.JtaPlatformInitiator - HHH000489: No JTA platform available (set 'hibernate.transaction.jta.platform' to enable JTA platform integration)
2026-08-02 00:11:20 [restartedMain] INFO  o.s.o.j.LocalContainerEntityManagerFactoryBean - Initialized JPA EntityManagerFactory for persistence unit 'default'
2026-08-02 00:11:20 [restartedMain] DEBUG c.i.s.s.JwtAuthenticationFilter - Filter 'jwtAuthenticationFilter' configured for use
2026-08-02 00:11:21 [restartedMain] INFO  o.s.d.j.r.query.QueryEnhancerFactory - Hibernate is in classpath; If applicable, HQL parser will be used.
2026-08-02 00:11:24 [restartedMain] INFO  c.i.o.a.decision.DecisionEngineImpl - DecisionEngine initialized with 3 strategies
2026-08-02 00:11:24 [restartedMain] INFO  c.i.s.i.storage.LocalStorageService - LocalStorageService initialized at: C:\Users\luisv\OneDrive\Escritorio\cloniquenobot\iquenobot\uploads
2026-08-02 00:11:24 [restartedMain] INFO  c.i.o.a.action.ActionDispatcher - ActionDispatcher initialized with 15 executors
2026-08-02 00:11:24 [restartedMain] INFO  c.i.s.application.FileUploadService - File upload directory created at: C:\Users\luisv\OneDrive\Escritorio\cloniquenobot\iquenobot\uploads
2026-08-02 00:11:26 [restartedMain] INFO  c.i.o.i.config.AsyncConfig - Orchestrator event executor initialized: core=5 max=20 queue=500
2026-08-02 00:11:26 [restartedMain] WARN  o.s.b.a.s.s.UserDetailsServiceAutoConfiguration - 

Using generated security password: 35ae40e5-a4d2-437b-a949-5805eb414c46

This generated password is for development use only. Your security configuration must be updated before running your application in production.

2026-08-02 00:11:26 [restartedMain] INFO  o.s.b.a.e.web.EndpointLinksResolver - Exposing 3 endpoints beneath base path '/actuator'
2026-08-02 00:11:27 [restartedMain] INFO  o.s.b.d.a.OptionalLiveReloadServer - LiveReload server is running on port 35729
2026-08-02 00:11:27 [restartedMain] INFO  o.s.b.w.e.tomcat.TomcatWebServer - Tomcat started on port 8085 (http) with context path '/'
2026-08-02 00:11:27 [restartedMain] INFO  com.iquenobot.IquenobotApplication - Started IquenobotApplication in 23.479 seconds (process running for 23.949)
2026-08-02 00:11:28 [restartedMain] INFO  c.i.shared.config.DataInitializer - Plans already seeded, skipping
2026-08-02 00:11:28 [tomcat-handler-0] INFO  o.a.c.c.C.[Tomcat].[localhost].[/] - Initializing Spring DispatcherServlet 'dispatcherServlet'
2026-08-02 00:11:28 [tomcat-handler-0] INFO  o.s.web.servlet.DispatcherServlet - Initializing Servlet 'dispatcherServlet'
2026-08-02 00:11:28 [tomcat-handler-0] INFO  o.s.web.servlet.DispatcherServlet - Completed initialization in 2 ms
2026-08-02 00:11:28 [restartedMain] INFO  c.i.shared.config.DataInitializer - SUPER_ADMIN already exists, skipping initialization
2026-08-02 00:11:28 [tomcat-handler-0] DEBUG c.i.s.w.NotificationWebSocketHandler - WebSocket connected: user=935532dc-b311-4071-851e-71e87089679a tenant=d563b428-b1a9-4bf3-af62-a175e92e8e18 sessions=1
2026-08-02 00:11:46 [tomcat-handler-1] INFO  c.i.auth.application.AuthService - Attempting login for email: supervisor@miempresa.com
2026-08-02 00:11:48 [tomcat-handler-1] INFO  c.i.auth.application.AuthService - Login successful for user: supervisor@miempresa.com in tenant: midemo
2026-08-02 00:11:49 [tomcat-handler-2] DEBUG c.i.s.s.JwtAuthenticationFilter - User authenticated: 935532dc-b311-4071-851e-71e87089679a for tenant: d563b428-b1a9-4bf3-af62-a175e92e8e18
2026-08-02 00:11:55 [tomcat-handler-3] INFO  c.i.a.i.c.WhatsAppWebhookController - === WEBHOOK WHATSAPP RECIBIDO ===
2026-08-02 00:11:55 [tomcat-handler-3] INFO  c.i.a.i.c.WhatsAppWebhookController - Instance: mi-whatsapp Event: messages.upsert
2026-08-02 00:11:55 [tomcat-handler-3] INFO  c.i.a.i.c.WhatsAppWebhookController - Payload - event: messages.upsert, instanceId: null, from: null, messageId: null, type: null, text: null
2026-08-02 00:11:55 [tomcat-handler-3] INFO  c.i.a.i.c.WhatsAppWebhookController - Payload - data present: SI, data keys: [key, pushName, status, message, messageType, messageTimestamp, instanceId, source]
2026-08-02 00:11:55 [tomcat-handler-3] INFO  c.i.o.a.WhatsAppWebhookAdapter - Processing Evolution webhook for instance=mi-whatsapp
2026-08-02 00:11:55 [tomcat-handler-3] DEBUG c.i.o.a.WhatsAppWebhookAdapter - Evolution webhook data={key={remoteJid=120363424364570024@g.us, fromMe=true, id=A5AE85AD75CE92550AC34F52F9FC5119, participant=181161838002355@lid, addressingMode=lid}, pushName=LuisDev, status=SERVER_ACK, message={conversation=Jjjjj, messageContextInfo={threadId=[], messageSecret={0=233, 1=127, 2=83, 3=156, 4=196, 5=184, 6=175, 7=190, 8=169, 9=168, 10=219, 11=54, 12=111, 13=10, 14=91, 15=107, 16=214, 17=165, 18=37, 19=102, 20=215, 21=113, 22=105, 23=160, 24=213, 25=12, 26=10, 27=185, 28=180, 29=195, 30=249, 31=77}}}, messageType=conversation, messageTimestamp=1785647514, instanceId=50ca41c7-d60d-4ffa-bfc6-4328c6a10ad8, source=android}
2026-08-02 00:11:55 [tomcat-handler-3] INFO  c.i.o.a.WhatsAppWebhookAdapter - New WhatsApp message from +181161838002355 | type=conversation | msgId=A5AE85AD75CE92550AC34F52F9FC5119
2026-08-02 00:11:55 [tomcat-handler-3] INFO  c.i.o.a.WhatsAppWebhookAdapter - WhatsApp direction: OUTBOUND
2026-08-02 00:11:56 [tomcat-handler-3] WARN  c.i.a.i.w.EvolutionApiProvider - Error obteniendo nombre del grupo 120363424364570024@g.us: 404 Not Found on POST request for "http://localhost:8080/group/findGroupInfos/mi-whatsapp": "{"status":404,"error":"Not Found","response":{"message":["Cannot POST /group/findGroupInfos/mi-whatsapp"]}}"
2026-08-02 00:11:56 [tomcat-handler-3] INFO  c.i.o.a.WhatsAppWebhookAdapter - Incoming WhatsApp message processed: from=+181161838002355 direction=OUTBOUND type=TEXT content=Jjjjj
2026-08-02 00:11:56 [tomcat-handler-3] INFO  c.i.o.a.ConversationOrchestrator - Orchestrator processing message from channel=WHATSAPP source=+181161838002355
2026-08-02 00:11:56 [tomcat-handler-3] INFO  c.i.o.a.ConversationOrchestrator - Orchestrator processing message from channel=WHATSAPP source=+181161838002355
2026-08-02 00:11:56 [tomcat-handler-3] INFO  c.i.o.a.pipeline.MessagePipeline - Starting message pipeline with 10 steps for channel: WHATSAPP
2026-08-02 00:11:56 [tomcat-handler-3] DEBUG c.i.o.a.pipeline.ValidationStep - Validation passed for message from channel=WHATSAPP source=+181161838002355
2026-08-02 00:11:56 [tomcat-handler-3] DEBUG c.i.o.a.pipeline.MessagePipeline - Pipeline step ValidationStep completed in 0ms
2026-08-02 00:11:56 [tomcat-handler-3] DEBUG c.i.o.a.p.TenantResolutionStep - Tenant resolved: id=d563b428-b1a9-4bf3-af62-a175e92e8e18 subdomain=midemo
2026-08-02 00:11:56 [tomcat-handler-3] DEBUG c.i.o.a.pipeline.MessagePipeline - Pipeline step TenantResolutionStep completed in 539ms
2026-08-02 00:11:56 [tomcat-handler-3] DEBUG c.i.o.a.p.ContactResolutionStep - Searching contact for tenant=d563b428-b1a9-4bf3-af62-a175e92e8e18 phone=+181161838002355
2026-08-02 00:11:56 [tomcat-handler-4] DEBUG c.i.s.s.JwtAuthenticationFilter - User authenticated: 935532dc-b311-4071-851e-71e87089679a for tenant: d563b428-b1a9-4bf3-af62-a175e92e8e18
2026-08-02 00:11:57 [tomcat-handler-3] DEBUG c.i.o.a.p.ContactResolutionStep - Contact resolved: id=c0493771-3b81-450e-9585-d51a455f3f8f name=+181161838002355 phone=+181161838002355
2026-08-02 00:11:57 [tomcat-handler-3] DEBUG c.i.o.a.pipeline.MessagePipeline - Pipeline step ContactResolutionStep$$SpringCGLIB$$0 completed in 388ms
2026-08-02 00:11:57 [tomcat-handler-3] DEBUG c.i.o.i.event.SpringEventPublisher - Publishing event: type=CONVERSATION_CREATED tenantId=d563b428-b1a9-4bf3-af62-a175e92e8e18 conversationId=3cbe209d-8c70-4564-9299-8e7dc5e2cb4b
2026-08-02 00:11:57 [orchestrator-event-1] INFO  c.i.o.i.event.AnalyticsEventListener - Analytics: Conversation created - tenantId=d563b428-b1a9-4bf3-af62-a175e92e8e18 conversationId=3cbe209d-8c70-4564-9299-8e7dc5e2cb4b channel=WHATSAPP
2026-08-02 00:11:57 [orchestrator-event-2] INFO  c.i.o.i.event.AuditEventListener - Audit: Conversation created - conversationId=3cbe209d-8c70-4564-9299-8e7dc5e2cb4b channel=WHATSAPP tenantId=d563b428-b1a9-4bf3-af62-a175e92e8e18
2026-08-02 00:11:57 [tomcat-handler-3] INFO  c.i.o.a.p.ConversationResolutionStep - New conversation created: id=3cbe209d-8c70-4564-9299-8e7dc5e2cb4b key=WHATSAPP:120363424364570024@g.us group=true subject=Grupo 120363424364570024
2026-08-02 00:11:57 [tomcat-handler-3] DEBUG c.i.o.a.p.ConversationResolutionStep - Conversation resolved: id=3cbe209d-8c70-4564-9299-8e7dc5e2cb4b status=OPEN channel=WHATSAPP conversationKey=WHATSAPP:120363424364570024@g.us
2026-08-02 00:11:58 [tomcat-handler-3] DEBUG c.i.o.a.pipeline.MessagePipeline - Pipeline step ConversationResolutionStep$$SpringCGLIB$$0 completed in 1096ms
2026-08-02 00:11:58 [tomcat-handler-3] DEBUG c.i.o.a.p.BotConfigurationResolutionStep - Bot configuration resolved: enabled=true aiProvider=GROQ
2026-08-02 00:11:58 [tomcat-handler-3] DEBUG c.i.o.a.pipeline.MessagePipeline - Pipeline step BotConfigurationResolutionStep completed in 375ms
2026-08-02 00:11:58 [tomcat-handler-5] DEBUG c.i.s.w.NotificationWebSocketHandler - User 935532dc-b311-4071-851e-71e87089679a left conversation 3cbe209d-8c70-4564-9299-8e7dc5e2cb4b
2026-08-02 00:11:58 [tomcat-handler-5] DEBUG c.i.s.w.NotificationWebSocketHandler - User 935532dc-b311-4071-851e-71e87089679a joined conversation 3cbe209d-8c70-4564-9299-8e7dc5e2cb4b (1 subscribers)
2026-08-02 00:11:58 [tomcat-handler-6] DEBUG c.i.s.s.JwtAuthenticationFilter - User authenticated: 935532dc-b311-4071-851e-71e87089679a for tenant: d563b428-b1a9-4bf3-af62-a175e92e8e18
2026-08-02 00:11:58 [tomcat-handler-7] DEBUG c.i.s.s.JwtAuthenticationFilter - User authenticated: 935532dc-b311-4071-851e-71e87089679a for tenant: d563b428-b1a9-4bf3-af62-a175e92e8e18
2026-08-02 00:11:58 [tomcat-handler-3] DEBUG c.i.o.a.p.WorkingHoursResolutionStep - Working hours resolved: enabled=true isOpen=false
2026-08-02 00:11:58 [tomcat-handler-3] DEBUG c.i.o.a.pipeline.MessagePipeline - Pipeline step WorkingHoursResolutionStep completed in 264ms
2026-08-02 00:11:59 [tomcat-handler-3] DEBUG c.i.o.a.p.ConversationContextResolutionStep - Conversation context resolved: totalMessages=0 consecutiveBotResponses=0 firstMessage=true
2026-08-02 00:11:59 [tomcat-handler-3] DEBUG c.i.o.a.pipeline.MessagePipeline - Pipeline step ConversationContextResolutionStep completed in 159ms
2026-08-02 00:11:59 [tomcat-handler-3] DEBUG c.i.o.a.p.MessagePersistenceStep - Message persisted: id=aed12933-bf7d-4b27-882e-8210165e8f61 conversation=3cbe209d-8c70-4564-9299-8e7dc5e2cb4b type=TEXT
2026-08-02 00:11:59 [tomcat-handler-3] DEBUG c.i.o.a.pipeline.MessagePipeline - Pipeline step MessagePersistenceStep$$SpringCGLIB$$0 completed in 574ms
2026-08-02 00:11:59 [tomcat-handler-8] DEBUG c.i.s.s.JwtAuthenticationFilter - User authenticated: 935532dc-b311-4071-851e-71e87089679a for tenant: d563b428-b1a9-4bf3-af62-a175e92e8e18
2026-08-02 00:11:59 [tomcat-handler-3] DEBUG c.i.o.a.pipeline.MetricsUpdateStep - Metrics updated: contact=c0493771-3b81-450e-9585-d51a455f3f8f conversation=3cbe209d-8c70-4564-9299-8e7dc5e2cb4b
2026-08-02 00:11:59 [tomcat-handler-3] DEBUG c.i.o.a.pipeline.MessagePipeline - Pipeline step MetricsUpdateStep$$SpringCGLIB$$0 completed in 283ms
2026-08-02 00:11:59 [tomcat-handler-3] INFO  c.i.o.application.pipeline.AuditStep - AUDIT|tenantId=d563b428-b1a9-4bf3-af62-a175e92e8e18|conversationId=3cbe209d-8c70-4564-9299-8e7dc5e2cb4b|contactId=c0493771-3b81-450e-9585-d51a455f3f8f|messageId=A5AE85AD75CE92550AC34F52F9FC5119|channel=WHATSAPP|type=TEXT
2026-08-02 00:11:59 [tomcat-handler-3] DEBUG c.i.o.a.pipeline.MessagePipeline - Pipeline step AuditStep completed in 0ms
2026-08-02 00:11:59 [tomcat-handler-3] INFO  c.i.o.a.pipeline.MessagePipeline - Message pipeline completed in 3685ms
2026-08-02 00:11:59 [tomcat-handler-3] DEBUG c.i.o.i.event.SpringEventPublisher - Publishing event: type=MESSAGE_RECEIVED tenantId=d563b428-b1a9-4bf3-af62-a175e92e8e18 conversationId=3cbe209d-8c70-4564-9299-8e7dc5e2cb4b
2026-08-02 00:11:59 [orchestrator-event-4] INFO  c.i.o.i.event.AnalyticsEventListener - Analytics: Message received - tenantId=d563b428-b1a9-4bf3-af62-a175e92e8e18 conversationId=3cbe209d-8c70-4564-9299-8e7dc5e2cb4b channel=WHATSAPP
2026-08-02 00:11:59 [tomcat-handler-3] DEBUG c.i.o.a.decision.DecisionEngineImpl - Running decision engine with 3 strategies
2026-08-02 00:11:59 [orchestrator-event-5] DEBUG c.i.o.i.event.AuditEventListener - Persisting audit log for message received: messageId=A5AE85AD75CE92550AC34F52F9FC5119
2026-08-02 00:11:59 [tomcat-handler-3] DEBUG c.i.o.a.d.AgentAssignmentStrategy - No agent assigned and conversation is OPEN, assigning agent
2026-08-02 00:11:59 [tomcat-handler-3] DEBUG c.i.o.a.decision.DecisionEngineImpl - Strategy AgentAssignmentStrategy decided: action=ASSIGN_AGENT reason=Conversation requires human agent
2026-08-02 00:11:59 [tomcat-handler-3] DEBUG c.i.o.a.action.ActionDispatcher - Dispatching action: ASSIGN_AGENT to executor: AssignAgentExecutor$$SpringCGLIB$$0
2026-08-02 00:12:00 [tomcat-handler-8] INFO  c.i.c.a.ConversationService - Marked 0 messages as read in conversation 3cbe209d-8c70-4564-9299-8e7dc5e2cb4b for tenant d563b428-b1a9-4bf3-af62-a175e92e8e18 (conversation rows updated=1)
2026-08-02 00:12:01 [tomcat-handler-3] DEBUG c.i.o.i.event.SpringEventPublisher - Publishing event: type=AGENT_ASSIGNED tenantId=d563b428-b1a9-4bf3-af62-a175e92e8e18 conversationId=3cbe209d-8c70-4564-9299-8e7dc5e2cb4b
2026-08-02 00:12:01 [orchestrator-event-2] INFO  c.i.o.i.event.AnalyticsEventListener - Analytics: Agent assigned - tenantId=d563b428-b1a9-4bf3-af62-a175e92e8e18 conversationId=3cbe209d-8c70-4564-9299-8e7dc5e2cb4b agentId=935532dc-b311-4071-851e-71e87089679a
2026-08-02 00:12:01 [orchestrator-event-3] INFO  c.i.o.i.event.AuditEventListener - Audit: Agent assigned - conversationId=3cbe209d-8c70-4564-9299-8e7dc5e2cb4b agentId=935532dc-b311-4071-851e-71e87089679a tenantId=d563b428-b1a9-4bf3-af62-a175e92e8e18
2026-08-02 00:12:02 [tomcat-handler-3] INFO  c.i.o.a.action.AssignAgentExecutor - Conversation 3cbe209d-8c70-4564-9299-8e7dc5e2cb4b assigned to agent 935532dc-b311-4071-851e-71e87089679a (least busy, 1 active conversations)
2026-08-02 00:12:02 [tomcat-handler-3] DEBUG c.i.o.i.event.SpringEventPublisher - Publishing event: type=ACTION_EXECUTED tenantId=d563b428-b1a9-4bf3-af62-a175e92e8e18 conversationId=3cbe209d-8c70-4564-9299-8e7dc5e2cb4b
2026-08-02 00:12:02 [orchestrator-event-5] DEBUG c.i.o.i.event.AnalyticsEventListener - Analytics: Action executed - tenantId=d563b428-b1a9-4bf3-af62-a175e92e8e18 conversationId=3cbe209d-8c70-4564-9299-8e7dc5e2cb4b action=ASSIGN_AGENT time=6063ms
2026-08-02 00:12:02 [orchestrator-event-1] DEBUG c.i.o.i.event.AuditEventListener - Audit: Action executed - action=ASSIGN_AGENT processingTime=6063ms tenantId=d563b428-b1a9-4bf3-af62-a175e92e8e18
2026-08-02 00:12:02 [tomcat-handler-3] INFO  c.i.o.a.ConversationOrchestrator - Message processed successfully in 6063ms. decision=ASSIGN_AGENT
2026-08-02 00:12:02 [orchestrator-event-3] DEBUG c.i.o.i.e.NotificationEventListener - Action executed event processed: action=ASSIGN_AGENT
2026-08-02 00:12:02 [orchestrator-event-5] DEBUG c.i.o.i.m.OrchestratorMetricsService - Metrics recorded: channel=WHATSAPP action=ASSIGN_AGENT time=6063ms
2026-08-02 00:12:02 [tomcat-handler-3] INFO  c.i.a.i.c.WhatsAppWebhookController - === WEBHOOK PROCESADO EXITOSAMENTE ===
2026-08-02 00:12:02 [orchestrator-event-4] INFO  c.i.n.a.NotificationService - Notification created: fe3b6fe1-4be1-436b-948b-d2fc6dd719e8 for user: 935532dc-b311-4071-851e-71e87089679a
2026-08-02 00:16:36 [File Watcher] INFO  o.s.b.d.a.LocalDevToolsAutoConfiguration$RestartingClassPathChangeChangedEventListener - Restarting due to 1 class path change (0 additions, 0 deletions, 1 modification)
2026-08-02 00:16:36 [Thread-5] INFO  o.s.b.w.e.tomcat.GracefulShutdown - Commencing graceful shutdown. Waiting for active requests to complete
2026-08-02 00:16:36 [tomcat-shutdown] INFO  o.s.b.w.e.tomcat.GracefulShutdown - Graceful shutdown complete
2026-08-02 00:16:36 [Thread-5] INFO  o.s.o.j.LocalContainerEntityManagerFactoryBean - Closing JPA EntityManagerFactory for persistence unit 'default'
2026-08-02 00:16:36 [Thread-5] INFO  com.zaxxer.hikari.HikariDataSource - HikariPool-1 - Shutdown initiated...
2026-08-02 00:16:37 [Thread-5] INFO  com.zaxxer.hikari.HikariDataSource - HikariPool-1 - Shutdown completed.
2026-08-02 00:16:37 [Thread-5] DEBUG c.i.s.w.NotificationWebSocketHandler - WebSocket transport error: user=935532dc-b311-4071-851e-71e87089679a error=java.nio.channels.ClosedChannelException
2026-08-02 00:16:37 [Thread-5] DEBUG c.i.s.w.NotificationWebSocketHandler - WebSocket disconnected: user=935532dc-b311-4071-851e-71e87089679a status=CloseStatus[code=1001, reason=The web application is stopping]
2026-08-02 00:16:37 [restartedMain] INFO  com.iquenobot.IquenobotApplication - Starting IquenobotApplication using Java 21.0.11 with PID 29500 (C:\Users\luisv\OneDrive\Escritorio\cloniquenobot\iquenobot\target\classes started by luisv in C:\Users\luisv\OneDrive\Escritorio\cloniquenobot\iquenobot)
2026-08-02 00:16:37 [restartedMain] DEBUG com.iquenobot.IquenobotApplication - Running with Spring Boot v3.4.4, Spring v6.2.5
2026-08-02 00:16:37 [restartedMain] INFO  com.iquenobot.IquenobotApplication - The following 1 profile is active: "dev"
2026-08-02 00:16:38 [restartedMain] INFO  o.s.d.r.c.RepositoryConfigurationDelegate - Bootstrapping Spring Data JPA repositories in DEFAULT mode.
2026-08-02 00:16:38 [restartedMain] INFO  o.s.d.r.c.RepositoryConfigurationDelegate - Finished Spring Data repository scanning in 265 ms. Found 22 JPA repository interfaces.
2026-08-02 00:16:39 [restartedMain] INFO  o.s.b.w.e.tomcat.TomcatWebServer - Tomcat initialized with port 8085 (http)
2026-08-02 00:16:39 [restartedMain] INFO  o.a.catalina.core.StandardService - Starting service [Tomcat]
2026-08-02 00:16:39 [restartedMain] INFO  o.a.catalina.core.StandardEngine - Starting Servlet engine: [Apache Tomcat/10.1.39]
2026-08-02 00:16:39 [restartedMain] INFO  o.a.c.c.C.[Tomcat].[localhost].[/] - Initializing Spring embedded WebApplicationContext
2026-08-02 00:16:39 [restartedMain] INFO  o.s.b.w.s.c.ServletWebServerApplicationContext - Root WebApplicationContext: initialization completed in 1795 ms
2026-08-02 00:16:39 [restartedMain] INFO  com.zaxxer.hikari.HikariDataSource - HikariPool-2 - Starting...
2026-08-02 00:16:41 [restartedMain] INFO  com.zaxxer.hikari.pool.HikariPool - HikariPool-2 - Added connection org.postgresql.jdbc.PgConnection@704c30d6
2026-08-02 00:16:41 [restartedMain] INFO  com.zaxxer.hikari.HikariDataSource - HikariPool-2 - Start completed.
2026-08-02 00:16:41 [restartedMain] INFO  org.flywaydb.core.FlywayExecutor - Database: jdbc:postgresql://ep-delicate-bird-axk10rcp-pooler.c-4.us-east-2.aws.neon.tech:5432/neondb?sslmode=require (PostgreSQL 18.4)
2026-08-02 00:16:42 [restartedMain] WARN  o.f.c.i.database.base.Database - Flyway upgrade recommended: PostgreSQL 18.4 is newer than this version of Flyway and support has not been tested. The latest supported version of PostgreSQL is 17.
2026-08-02 00:16:43 [restartedMain] INFO  o.f.core.internal.command.DbValidate - Successfully validated 34 migrations (execution time 00:00.638s)
2026-08-02 00:16:44 [restartedMain] INFO  o.f.core.internal.command.DbMigrate - Current version of schema "public": 034
2026-08-02 00:16:45 [restartedMain] INFO  o.f.core.internal.command.DbMigrate - Schema "public" is up to date. No migration necessary.
2026-08-02 00:16:46 [restartedMain] INFO  o.h.jpa.internal.util.LogHelper - HHH000204: Processing PersistenceUnitInfo [name: default]
2026-08-02 00:16:46 [restartedMain] INFO  o.h.c.i.RegionFactoryInitiator - HHH000026: Second-level cache disabled
2026-08-02 00:16:46 [restartedMain] INFO  o.s.o.j.p.SpringPersistenceUnitInfo - No LoadTimeWeaver setup: ignoring JPA class transformer
2026-08-02 00:16:46 [restartedMain] WARN  org.hibernate.orm.deprecation - HHH90000025: PostgreSQLDialect does not need to be specified explicitly using 'hibernate.dialect' (remove the property setting and it will be selected by default)
2026-08-02 00:16:46 [restartedMain] INFO  o.hibernate.orm.connections.pooling - HHH10001005: Database info:
	Database JDBC URL [Connecting through datasource 'HikariDataSource (HikariPool-2)']
	Database driver: undefined/unknown
	Database version: 18.4
	Autocommit mode: undefined/unknown
	Isolation level: undefined/unknown
	Minimum pool size: undefined/unknown
	Maximum pool size: undefined/unknown
2026-08-02 00:16:48 [restartedMain] INFO  o.h.e.t.j.p.i.JtaPlatformInitiator - HHH000489: No JTA platform available (set 'hibernate.transaction.jta.platform' to enable JTA platform integration)
2026-08-02 00:16:49 [restartedMain] INFO  o.s.o.j.LocalContainerEntityManagerFactoryBean - Initialized JPA EntityManagerFactory for persistence unit 'default'
2026-08-02 00:16:49 [restartedMain] DEBUG c.i.s.s.JwtAuthenticationFilter - Filter 'jwtAuthenticationFilter' configured for use
2026-08-02 00:16:50 [restartedMain] INFO  c.i.o.a.decision.DecisionEngineImpl - DecisionEngine initialized with 3 strategies
2026-08-02 00:16:50 [restartedMain] INFO  c.i.s.i.storage.LocalStorageService - LocalStorageService initialized at: C:\Users\luisv\OneDrive\Escritorio\cloniquenobot\iquenobot\uploads
2026-08-02 00:16:50 [restartedMain] INFO  c.i.o.a.action.ActionDispatcher - ActionDispatcher initialized with 15 executors
2026-08-02 00:16:50 [restartedMain] INFO  c.i.s.application.FileUploadService - File upload directory created at: C:\Users\luisv\OneDrive\Escritorio\cloniquenobot\iquenobot\uploads
2026-08-02 00:16:52 [restartedMain] INFO  c.i.o.i.config.AsyncConfig - Orchestrator event executor initialized: core=5 max=20 queue=500
2026-08-02 00:16:52 [restartedMain] WARN  o.s.b.a.s.s.UserDetailsServiceAutoConfiguration - 

Using generated security password: 49001fb6-13d3-4e53-9551-3a2aafc5f8c7

This generated password is for development use only. Your security configuration must be updated before running your application in production.

2026-08-02 00:16:52 [restartedMain] INFO  o.s.b.a.e.web.EndpointLinksResolver - Exposing 3 endpoints beneath base path '/actuator'
2026-08-02 00:16:53 [restartedMain] INFO  o.s.b.d.a.OptionalLiveReloadServer - LiveReload server is running on port 35729
2026-08-02 00:16:53 [restartedMain] INFO  o.s.b.w.e.tomcat.TomcatWebServer - Tomcat started on port 8085 (http) with context path '/'
2026-08-02 00:16:53 [restartedMain] INFO  com.iquenobot.IquenobotApplication - Started IquenobotApplication in 16.06 seconds (process running for 349.737)
2026-08-02 00:16:53 [tomcat-handler-0] INFO  o.a.c.c.C.[Tomcat].[localhost].[/] - Initializing Spring DispatcherServlet 'dispatcherServlet'
2026-08-02 00:16:53 [tomcat-handler-0] INFO  o.s.web.servlet.DispatcherServlet - Initializing Servlet 'dispatcherServlet'
2026-08-02 00:16:53 [tomcat-handler-0] INFO  o.s.web.servlet.DispatcherServlet - Completed initialization in 4 ms
2026-08-02 00:16:53 [tomcat-handler-0] DEBUG c.i.s.w.NotificationWebSocketHandler - WebSocket connected: user=935532dc-b311-4071-851e-71e87089679a tenant=d563b428-b1a9-4bf3-af62-a175e92e8e18 sessions=1
2026-08-02 00:16:53 [tomcat-handler-1] DEBUG c.i.s.w.NotificationWebSocketHandler - User 935532dc-b311-4071-851e-71e87089679a joined conversation 3cbe209d-8c70-4564-9299-8e7dc5e2cb4b (1 subscribers)
2026-08-02 00:16:54 [restartedMain] INFO  c.i.shared.config.DataInitializer - Plans already seeded, skipping
2026-08-02 00:16:54 [restartedMain] INFO  c.i.shared.config.DataInitializer - SUPER_ADMIN already exists, skipping initialization
2026-08-02 00:16:54 [restartedMain] INFO  o.s.b.d.a.ConditionEvaluationDeltaLoggingListener - Condition evaluation unchanged
2026-08-02 00:16:55 [File Watcher] INFO  o.s.b.d.a.LocalDevToolsAutoConfiguration$RestartingClassPathChangeChangedEventListener - Restarting due to 1 class path change (0 additions, 0 deletions, 1 modification)
2026-08-02 00:16:55 [Thread-16] INFO  o.s.b.w.e.tomcat.GracefulShutdown - Commencing graceful shutdown. Waiting for active requests to complete
2026-08-02 00:16:55 [tomcat-shutdown] INFO  o.s.b.w.e.tomcat.GracefulShutdown - Graceful shutdown complete
2026-08-02 00:16:55 [Thread-16] INFO  o.s.o.j.LocalContainerEntityManagerFactoryBean - Closing JPA EntityManagerFactory for persistence unit 'default'
2026-08-02 00:16:55 [Thread-16] INFO  com.zaxxer.hikari.HikariDataSource - HikariPool-2 - Shutdown initiated...
2026-08-02 00:16:55 [scheduling-1] WARN  c.zaxxer.hikari.pool.ProxyConnection - HikariPool-2 - Connection org.postgresql.jdbc.PgConnection@704c30d6 marked as broken because of SQLSTATE(08006), ErrorCode(0)
org.postgresql.util.PSQLException: An I/O error occurred while sending to the backend.
	at org.postgresql.core.v3.QueryExecutorImpl.execute(QueryExecutorImpl.java:399) ~[postgresql-42.7.5.jar:42.7.5]
	at org.postgresql.jdbc.PgStatement.executeInternal(PgStatement.java:517) ~[postgresql-42.7.5.jar:42.7.5]
	at org.postgresql.jdbc.PgStatement.execute(PgStatement.java:434) ~[postgresql-42.7.5.jar:42.7.5]
	at org.postgresql.jdbc.PgPreparedStatement.executeWithFlags(PgPreparedStatement.java:194) ~[postgresql-42.7.5.jar:42.7.5]
	at org.postgresql.jdbc.PgPreparedStatement.executeQuery(PgPreparedStatement.java:137) ~[postgresql-42.7.5.jar:42.7.5]
	at com.zaxxer.hikari.pool.ProxyPreparedStatement.executeQuery(ProxyPreparedStatement.java:52) ~[HikariCP-5.1.0.jar:na]
	at com.zaxxer.hikari.pool.HikariProxyPreparedStatement.executeQuery(HikariProxyPreparedStatement.java) ~[HikariCP-5.1.0.jar:na]
	at org.hibernate.sql.results.jdbc.internal.DeferredResultSetAccess.executeQuery(DeferredResultSetAccess.java:250) ~[hibernate-core-6.6.11.Final.jar:6.6.11.Final]
	at org.hibernate.sql.results.jdbc.internal.DeferredResultSetAccess.getResultSet(DeferredResultSetAccess.java:171) ~[hibernate-core-6.6.11.Final.jar:6.6.11.Final]
	at org.hibernate.sql.results.jdbc.internal.JdbcValuesResultSetImpl.<init>(JdbcValuesResultSetImpl.java:74) ~[hibernate-core-6.6.11.Final.jar:6.6.11.Final]
	at org.hibernate.sql.exec.internal.JdbcSelectExecutorStandardImpl.resolveJdbcValuesSource(JdbcSelectExecutorStandardImpl.java:355) ~[hibernate-core-6.6.11.Final.jar:6.6.11.Final]
	at org.hibernate.sql.exec.internal.JdbcSelectExecutorStandardImpl.doExecuteQuery(JdbcSelectExecutorStandardImpl.java:137) ~[hibernate-core-6.6.11.Final.jar:6.6.11.Final]
	at org.hibernate.sql.exec.internal.JdbcSelectExecutorStandardImpl.executeQuery(JdbcSelectExecutorStandardImpl.java:102) ~[hibernate-core-6.6.11.Final.jar:6.6.11.Final]
	at org.hibernate.sql.exec.spi.JdbcSelectExecutor.executeQuery(JdbcSelectExecutor.java:91) ~[hibernate-core-6.6.11.Final.jar:6.6.11.Final]
	at org.hibernate.sql.exec.spi.JdbcSelectExecutor.list(JdbcSelectExecutor.java:165) ~[hibernate-core-6.6.11.Final.jar:6.6.11.Final]
	at org.hibernate.query.sqm.internal.ConcreteSqmSelectQueryPlan.lambda$new$1(ConcreteSqmSelectQueryPlan.java:152) ~[hibernate-core-6.6.11.Final.jar:6.6.11.Final]
	at org.hibernate.query.sqm.internal.ConcreteSqmSelectQueryPlan.withCacheableSqmInterpretation(ConcreteSqmSelectQueryPlan.java:442) ~[hibernate-core-6.6.11.Final.jar:6.6.11.Final]
	at org.hibernate.query.sqm.internal.ConcreteSqmSelectQueryPlan.performList(ConcreteSqmSelectQueryPlan.java:362) ~[hibernate-core-6.6.11.Final.jar:6.6.11.Final]
	at org.hibernate.query.sqm.internal.QuerySqmImpl.doList(QuerySqmImpl.java:380) ~[hibernate-core-6.6.11.Final.jar:6.6.11.Final]
	at org.hibernate.query.spi.AbstractSelectionQuery.list(AbstractSelectionQuery.java:143) ~[hibernate-core-6.6.11.Final.jar:6.6.11.Final]
	at org.hibernate.query.Query.getResultList(Query.java:120) ~[hibernate-core-6.6.11.Final.jar:6.6.11.Final]
	at java.base/jdk.internal.reflect.DirectMethodHandleAccessor.invoke(DirectMethodHandleAccessor.java:103) ~[na:na]
	at java.base/java.lang.reflect.Method.invoke(Method.java:580) ~[na:na]
	at org.springframework.orm.jpa.SharedEntityManagerCreator$DeferredQueryInvocationHandler.invoke(SharedEntityManagerCreator.java:419) ~[spring-orm-6.2.5.jar:6.2.5]
	at jdk.proxy5/jdk.proxy5.$Proxy271.getResultList(Unknown Source) ~[na:na]
	at org.springframework.data.jpa.repository.query.JpaQueryExecution$CollectionExecution.doExecute(JpaQueryExecution.java:130) ~[spring-data-jpa-3.4.4.jar:3.4.4]
	at org.springframework.data.jpa.repository.query.JpaQueryExecution.execute(JpaQueryExecution.java:93) ~[spring-data-jpa-3.4.4.jar:3.4.4]
	at org.springframework.data.jpa.repository.query.AbstractJpaQuery.doExecute(AbstractJpaQuery.java:152) ~[spring-data-jpa-3.4.4.jar:3.4.4]
	at org.springframework.data.jpa.repository.query.AbstractJpaQuery.execute(AbstractJpaQuery.java:140) ~[spring-data-jpa-3.4.4.jar:3.4.4]
	at org.springframework.data.repository.core.support.RepositoryMethodInvoker.doInvoke(RepositoryMethodInvoker.java:170) ~[spring-data-commons-3.4.4.jar:3.4.4]
	at org.springframework.data.repository.core.support.RepositoryMethodInvoker.invoke(RepositoryMethodInvoker.java:158) ~[spring-data-commons-3.4.4.jar:3.4.4]
	at org.springframework.data.repository.core.support.QueryExecutorMethodInterceptor.doInvoke(QueryExecutorMethodInterceptor.java:170) ~[spring-data-commons-3.4.4.jar:3.4.4]
	at org.springframework.data.repository.core.support.QueryExecutorMethodInterceptor.invoke(QueryExecutorMethodInterceptor.java:149) ~[spring-data-commons-3.4.4.jar:3.4.4]
	at org.springframework.aop.framework.ReflectiveMethodInvocation.proceed(ReflectiveMethodInvocation.java:184) ~[spring-aop-6.2.5.jar:6.2.5]
	at org.springframework.data.projection.DefaultMethodInvokingMethodInterceptor.invoke(DefaultMethodInvokingMethodInterceptor.java:69) ~[spring-data-commons-3.4.4.jar:3.4.4]
	at org.springframework.aop.framework.ReflectiveMethodInvocation.proceed(ReflectiveMethodInvocation.java:184) ~[spring-aop-6.2.5.jar:6.2.5]
	at org.springframework.transaction.interceptor.TransactionAspectSupport.invokeWithinTransaction(TransactionAspectSupport.java:380) ~[spring-tx-6.2.5.jar:6.2.5]
	at org.springframework.transaction.interceptor.TransactionInterceptor.invoke(TransactionInterceptor.java:119) ~[spring-tx-6.2.5.jar:6.2.5]
	at org.springframework.aop.framework.ReflectiveMethodInvocation.proceed(ReflectiveMethodInvocation.java:184) ~[spring-aop-6.2.5.jar:6.2.5]
	at org.springframework.dao.support.PersistenceExceptionTranslationInterceptor.invoke(PersistenceExceptionTranslationInterceptor.java:138) ~[spring-tx-6.2.5.jar:6.2.5]
	at org.springframework.aop.framework.ReflectiveMethodInvocation.proceed(ReflectiveMethodInvocation.java:184) ~[spring-aop-6.2.5.jar:6.2.5]
	at org.springframework.data.jpa.repository.support.CrudMethodMetadataPostProcessor$CrudMethodMetadataPopulatingMethodInterceptor.invoke(CrudMethodMetadataPostProcessor.java:136) ~[spring-data-jpa-3.4.4.jar:3.4.4]
	at org.springframework.aop.framework.ReflectiveMethodInvocation.proceed(ReflectiveMethodInvocation.java:184) ~[spring-aop-6.2.5.jar:6.2.5]
	at org.springframework.aop.framework.JdkDynamicAopProxy.invoke(JdkDynamicAopProxy.java:223) ~[spring-aop-6.2.5.jar:6.2.5]
	at jdk.proxy5/jdk.proxy5.$Proxy258.findPendingAiConversations(Unknown Source) ~[na:na]
	at com.iquenobot.orchestrator.application.aggregation.PendingAiResponseScheduler.processPendingConversations(PendingAiResponseScheduler.java:42) ~[classes/:na]
	at java.base/jdk.internal.reflect.DirectMethodHandleAccessor.invoke(DirectMethodHandleAccessor.java:103) ~[na:na]
	at java.base/java.lang.reflect.Method.invoke(Method.java:580) ~[na:na]
	at org.springframework.scheduling.support.ScheduledMethodRunnable.runInternal(ScheduledMethodRunnable.java:130) ~[spring-context-6.2.5.jar:6.2.5]
	at org.springframework.scheduling.support.ScheduledMethodRunnable.lambda$run$2(ScheduledMethodRunnable.java:124) ~[spring-context-6.2.5.jar:6.2.5]
	at io.micrometer.observation.Observation.observe(Observation.java:498) ~[micrometer-observation-1.14.5.jar:1.14.5]
	at org.springframework.scheduling.support.ScheduledMethodRunnable.run(ScheduledMethodRunnable.java:124) ~[spring-context-6.2.5.jar:6.2.5]
	at org.springframework.scheduling.config.Task$OutcomeTrackingRunnable.run(Task.java:85) ~[spring-context-6.2.5.jar:6.2.5]
	at org.springframework.scheduling.support.DelegatingErrorHandlingRunnable.run(DelegatingErrorHandlingRunnable.java:54) ~[spring-context-6.2.5.jar:6.2.5]
	at java.base/java.util.concurrent.Executors$RunnableAdapter.call(Executors.java:572) ~[na:na]
	at java.base/java.util.concurrent.FutureTask.runAndReset(FutureTask.java:358) ~[na:na]
	at java.base/java.util.concurrent.ScheduledThreadPoolExecutor$ScheduledFutureTask.run(ScheduledThreadPoolExecutor.java:305) ~[na:na]
	at java.base/java.util.concurrent.ThreadPoolExecutor.runWorker(ThreadPoolExecutor.java:1144) ~[na:na]
	at java.base/java.util.concurrent.ThreadPoolExecutor$Worker.run(ThreadPoolExecutor.java:642) ~[na:na]
	at java.base/java.lang.VirtualThread.run(VirtualThread.java:329) ~[na:na]
Caused by: java.net.SocketException: Closed by interrupt
	at java.base/java.net.Socket$SocketInputStream.read(Socket.java:1106) ~[na:na]
	at java.base/sun.security.ssl.SSLSocketInputRecord.read(SSLSocketInputRecord.java:489) ~[na:na]
	at java.base/sun.security.ssl.SSLSocketInputRecord.readHeader(SSLSocketInputRecord.java:483) ~[na:na]
	at java.base/sun.security.ssl.SSLSocketInputRecord.bytesInCompletePacket(SSLSocketInputRecord.java:70) ~[na:na]
	at java.base/sun.security.ssl.SSLSocketImpl.readApplicationRecord(SSLSocketImpl.java:1460) ~[na:na]
	at java.base/sun.security.ssl.SSLSocketImpl$AppInputStream.read(SSLSocketImpl.java:1066) ~[na:na]
	at org.postgresql.core.VisibleBufferedInputStream.readMore(VisibleBufferedInputStream.java:192) ~[postgresql-42.7.5.jar:42.7.5]
	at org.postgresql.core.VisibleBufferedInputStream.ensureBytes(VisibleBufferedInputStream.java:159) ~[postgresql-42.7.5.jar:42.7.5]
	at org.postgresql.core.VisibleBufferedInputStream.ensureBytes(VisibleBufferedInputStream.java:144) ~[postgresql-42.7.5.jar:42.7.5]
	at org.postgresql.core.VisibleBufferedInputStream.read(VisibleBufferedInputStream.java:76) ~[postgresql-42.7.5.jar:42.7.5]
	at org.postgresql.core.PGStream.receiveChar(PGStream.java:476) ~[postgresql-42.7.5.jar:42.7.5]
	at org.postgresql.core.v3.QueryExecutorImpl.processResults(QueryExecutorImpl.java:2174) ~[postgresql-42.7.5.jar:42.7.5]
	at org.postgresql.core.v3.QueryExecutorImpl.execute(QueryExecutorImpl.java:372) ~[postgresql-42.7.5.jar:42.7.5]
	... 59 common frames omitted
2026-08-02 00:16:55 [scheduling-1] WARN  o.h.e.jdbc.spi.SqlExceptionHelper - SQL Error: 0, SQLState: 08006
2026-08-02 00:16:55 [scheduling-1] ERROR o.h.e.jdbc.spi.SqlExceptionHelper - An I/O error occurred while sending to the backend.
2026-08-02 00:16:55 [scheduling-1] ERROR o.s.s.s.TaskUtils$LoggingErrorHandler - Unexpected error occurred in scheduled task
org.springframework.dao.DataAccessResourceFailureException: JDBC exception executing SQL [select c1_0.id,c1_0.assigned_user_id,c1_0.is_bot_conversation,c1_0.bot_fallback_count,c1_0.bot_handoff_at,c1_0.bot_resume_after,c1_0.channel,c1_0.channel_conversation_id,c1_0.closed_at,c1_0.contact_id,c1_0.created_at,c1_0.created_by,c1_0.is_deleted,c1_0.deleted_at,c1_0.deleted_by,c1_0.first_response_at,c1_0.human_handoff,c1_0.human_taken_over_at,c1_0.instance_name,c1_0.is_group,c1_0.last_agent_reply_at,c1_0.last_bot_response_at,c1_0.last_message_at,c1_0.last_processed_message_hash,c1_0.message_count,c1_0.metadata,c1_0.pending_ai_response,c1_0.priority,c1_0.resolution_time_seconds,c1_0.resolved_at,c1_0.response_time_seconds,c1_0.satisfaction_feedback,c1_0.satisfaction_rating,c1_0.status,c1_0.subject,c1_0.tags,c1_0.tenant_id,c1_0.unread_count,c1_0.updated_at,c1_0.updated_by,c1_0.version from conversations c1_0 where c1_0.pending_ai_response=true and c1_0.last_message_at<? and c1_0.status in ('OPEN','IN_PROGRESS','PENDING') and c1_0.is_deleted=false order by c1_0.last_message_at] [An I/O error occurred while sending to the backend.] [n/a]
	at org.springframework.orm.jpa.vendor.HibernateJpaDialect.convertHibernateAccessException(HibernateJpaDialect.java:274) ~[spring-orm-6.2.5.jar:6.2.5]
	at org.springframework.orm.jpa.vendor.HibernateJpaDialect.translateExceptionIfPossible(HibernateJpaDialect.java:241) ~[spring-orm-6.2.5.jar:6.2.5]
	at org.springframework.orm.jpa.AbstractEntityManagerFactoryBean.translateExceptionIfPossible(AbstractEntityManagerFactoryBean.java:560) ~[spring-orm-6.2.5.jar:6.2.5]
	at org.springframework.dao.support.ChainedPersistenceExceptionTranslator.translateExceptionIfPossible(ChainedPersistenceExceptionTranslator.java:61) ~[spring-tx-6.2.5.jar:6.2.5]
	at org.springframework.dao.support.DataAccessUtils.translateIfNecessary(DataAccessUtils.java:343) ~[spring-tx-6.2.5.jar:6.2.5]
	at org.springframework.dao.support.PersistenceExceptionTranslationInterceptor.invoke(PersistenceExceptionTranslationInterceptor.java:160) ~[spring-tx-6.2.5.jar:6.2.5]
	at org.springframework.aop.framework.ReflectiveMethodInvocation.proceed(ReflectiveMethodInvocation.java:184) ~[spring-aop-6.2.5.jar:6.2.5]
	at org.springframework.data.jpa.repository.support.CrudMethodMetadataPostProcessor$CrudMethodMetadataPopulatingMethodInterceptor.invoke(CrudMethodMetadataPostProcessor.java:136) ~[spring-data-jpa-3.4.4.jar:3.4.4]
	at org.springframework.aop.framework.ReflectiveMethodInvocation.proceed(ReflectiveMethodInvocation.java:184) ~[spring-aop-6.2.5.jar:6.2.5]
	at org.springframework.aop.framework.JdkDynamicAopProxy.invoke(JdkDynamicAopProxy.java:223) ~[spring-aop-6.2.5.jar:6.2.5]
	at jdk.proxy5/jdk.proxy5.$Proxy258.findPendingAiConversations(Unknown Source) ~[na:na]
	at com.iquenobot.orchestrator.application.aggregation.PendingAiResponseScheduler.processPendingConversations(PendingAiResponseScheduler.java:42) ~[classes/:na]
	at java.base/jdk.internal.reflect.DirectMethodHandleAccessor.invoke(DirectMethodHandleAccessor.java:103) ~[na:na]
	at java.base/java.lang.reflect.Method.invoke(Method.java:580) ~[na:na]
	at org.springframework.scheduling.support.ScheduledMethodRunnable.runInternal(ScheduledMethodRunnable.java:130) ~[spring-context-6.2.5.jar:6.2.5]
	at org.springframework.scheduling.support.ScheduledMethodRunnable.lambda$run$2(ScheduledMethodRunnable.java:124) ~[spring-context-6.2.5.jar:6.2.5]
	at io.micrometer.observation.Observation.observe(Observation.java:498) ~[micrometer-observation-1.14.5.jar:1.14.5]
	at org.springframework.scheduling.support.ScheduledMethodRunnable.run(ScheduledMethodRunnable.java:124) ~[spring-context-6.2.5.jar:6.2.5]
	at org.springframework.scheduling.config.Task$OutcomeTrackingRunnable.run(Task.java:85) ~[spring-context-6.2.5.jar:6.2.5]
	at org.springframework.scheduling.support.DelegatingErrorHandlingRunnable.run(DelegatingErrorHandlingRunnable.java:54) ~[spring-context-6.2.5.jar:6.2.5]
	at java.base/java.util.concurrent.Executors$RunnableAdapter.call(Executors.java:572) ~[na:na]
	at java.base/java.util.concurrent.FutureTask.runAndReset(FutureTask.java:358) ~[na:na]
	at java.base/java.util.concurrent.ScheduledThreadPoolExecutor$ScheduledFutureTask.run(ScheduledThreadPoolExecutor.java:305) ~[na:na]
	at java.base/java.util.concurrent.ThreadPoolExecutor.runWorker(ThreadPoolExecutor.java:1144) ~[na:na]
	at java.base/java.util.concurrent.ThreadPoolExecutor$Worker.run(ThreadPoolExecutor.java:642) ~[na:na]
	at java.base/java.lang.VirtualThread.run(VirtualThread.java:329) ~[na:na]
Caused by: org.hibernate.exception.JDBCConnectionException: JDBC exception executing SQL [select c1_0.id,c1_0.assigned_user_id,c1_0.is_bot_conversation,c1_0.bot_fallback_count,c1_0.bot_handoff_at,c1_0.bot_resume_after,c1_0.channel,c1_0.channel_conversation_id,c1_0.closed_at,c1_0.contact_id,c1_0.created_at,c1_0.created_by,c1_0.is_deleted,c1_0.deleted_at,c1_0.deleted_by,c1_0.first_response_at,c1_0.human_handoff,c1_0.human_taken_over_at,c1_0.instance_name,c1_0.is_group,c1_0.last_agent_reply_at,c1_0.last_bot_response_at,c1_0.last_message_at,c1_0.last_processed_message_hash,c1_0.message_count,c1_0.metadata,c1_0.pending_ai_response,c1_0.priority,c1_0.resolution_time_seconds,c1_0.resolved_at,c1_0.response_time_seconds,c1_0.satisfaction_feedback,c1_0.satisfaction_rating,c1_0.status,c1_0.subject,c1_0.tags,c1_0.tenant_id,c1_0.unread_count,c1_0.updated_at,c1_0.updated_by,c1_0.version from conversations c1_0 where c1_0.pending_ai_response=true and c1_0.last_message_at<? and c1_0.status in ('OPEN','IN_PROGRESS','PENDING') and c1_0.is_deleted=false order by c1_0.last_message_at] [An I/O error occurred while sending to the backend.] [n/a]
	at org.hibernate.exception.internal.SQLStateConversionDelegate.convert(SQLStateConversionDelegate.java:100) ~[hibernate-core-6.6.11.Final.jar:6.6.11.Final]
	at org.hibernate.exception.internal.StandardSQLExceptionConverter.convert(StandardSQLExceptionConverter.java:58) ~[hibernate-core-6.6.11.Final.jar:6.6.11.Final]
	at org.hibernate.engine.jdbc.spi.SqlExceptionHelper.convert(SqlExceptionHelper.java:108) ~[hibernate-core-6.6.11.Final.jar:6.6.11.Final]
	at org.hibernate.engine.jdbc.spi.SqlExceptionHelper.convert(SqlExceptionHelper.java:94) ~[hibernate-core-6.6.11.Final.jar:6.6.11.Final]
	at org.hibernate.sql.results.jdbc.internal.DeferredResultSetAccess.executeQuery(DeferredResultSetAccess.java:268) ~[hibernate-core-6.6.11.Final.jar:6.6.11.Final]
	at org.hibernate.sql.results.jdbc.internal.DeferredResultSetAccess.getResultSet(DeferredResultSetAccess.java:171) ~[hibernate-core-6.6.11.Final.jar:6.6.11.Final]
	at org.hibernate.sql.results.jdbc.internal.JdbcValuesResultSetImpl.<init>(JdbcValuesResultSetImpl.java:74) ~[hibernate-core-6.6.11.Final.jar:6.6.11.Final]
	at org.hibernate.sql.exec.internal.JdbcSelectExecutorStandardImpl.resolveJdbcValuesSource(JdbcSelectExecutorStandardImpl.java:355) ~[hibernate-core-6.6.11.Final.jar:6.6.11.Final]
	at org.hibernate.sql.exec.internal.JdbcSelectExecutorStandardImpl.doExecuteQuery(JdbcSelectExecutorStandardImpl.java:137) ~[hibernate-core-6.6.11.Final.jar:6.6.11.Final]
	at org.hibernate.sql.exec.internal.JdbcSelectExecutorStandardImpl.executeQuery(JdbcSelectExecutorStandardImpl.java:102) ~[hibernate-core-6.6.11.Final.jar:6.6.11.Final]
	at org.hibernate.sql.exec.spi.JdbcSelectExecutor.executeQuery(JdbcSelectExecutor.java:91) ~[hibernate-core-6.6.11.Final.jar:6.6.11.Final]
	at org.hibernate.sql.exec.spi.JdbcSelectExecutor.list(JdbcSelectExecutor.java:165) ~[hibernate-core-6.6.11.Final.jar:6.6.11.Final]
	at org.hibernate.query.sqm.internal.ConcreteSqmSelectQueryPlan.lambda$new$1(ConcreteSqmSelectQueryPlan.java:152) ~[hibernate-core-6.6.11.Final.jar:6.6.11.Final]
	at org.hibernate.query.sqm.internal.ConcreteSqmSelectQueryPlan.withCacheableSqmInterpretation(ConcreteSqmSelectQueryPlan.java:442) ~[hibernate-core-6.6.11.Final.jar:6.6.11.Final]
	at org.hibernate.query.sqm.internal.ConcreteSqmSelectQueryPlan.performList(ConcreteSqmSelectQueryPlan.java:362) ~[hibernate-core-6.6.11.Final.jar:6.6.11.Final]
	at org.hibernate.query.sqm.internal.QuerySqmImpl.doList(QuerySqmImpl.java:380) ~[hibernate-core-6.6.11.Final.jar:6.6.11.Final]
	at org.hibernate.query.spi.AbstractSelectionQuery.list(AbstractSelectionQuery.java:143) ~[hibernate-core-6.6.11.Final.jar:6.6.11.Final]
	at org.hibernate.query.Query.getResultList(Query.java:120) ~[hibernate-core-6.6.11.Final.jar:6.6.11.Final]
	at java.base/jdk.internal.reflect.DirectMethodHandleAccessor.invoke(DirectMethodHandleAccessor.java:103) ~[na:na]
	at java.base/java.lang.reflect.Method.invoke(Method.java:580) ~[na:na]
	at org.springframework.orm.jpa.SharedEntityManagerCreator$DeferredQueryInvocationHandler.invoke(SharedEntityManagerCreator.java:419) ~[spring-orm-6.2.5.jar:6.2.5]
	at jdk.proxy5/jdk.proxy5.$Proxy271.getResultList(Unknown Source) ~[na:na]
	at org.springframework.data.jpa.repository.query.JpaQueryExecution$CollectionExecution.doExecute(JpaQueryExecution.java:130) ~[spring-data-jpa-3.4.4.jar:3.4.4]
	at org.springframework.data.jpa.repository.query.JpaQueryExecution.execute(JpaQueryExecution.java:93) ~[spring-data-jpa-3.4.4.jar:3.4.4]
	at org.springframework.data.jpa.repository.query.AbstractJpaQuery.doExecute(AbstractJpaQuery.java:152) ~[spring-data-jpa-3.4.4.jar:3.4.4]
	at org.springframework.data.jpa.repository.query.AbstractJpaQuery.execute(AbstractJpaQuery.java:140) ~[spring-data-jpa-3.4.4.jar:3.4.4]
	at org.springframework.data.repository.core.support.RepositoryMethodInvoker.doInvoke(RepositoryMethodInvoker.java:170) ~[spring-data-commons-3.4.4.jar:3.4.4]
	at org.springframework.data.repository.core.support.RepositoryMethodInvoker.invoke(RepositoryMethodInvoker.java:158) ~[spring-data-commons-3.4.4.jar:3.4.4]
	at org.springframework.data.repository.core.support.QueryExecutorMethodInterceptor.doInvoke(QueryExecutorMethodInterceptor.java:170) ~[spring-data-commons-3.4.4.jar:3.4.4]
	at org.springframework.data.repository.core.support.QueryExecutorMethodInterceptor.invoke(QueryExecutorMethodInterceptor.java:149) ~[spring-data-commons-3.4.4.jar:3.4.4]
	at org.springframework.aop.framework.ReflectiveMethodInvocation.proceed(ReflectiveMethodInvocation.java:184) ~[spring-aop-6.2.5.jar:6.2.5]
	at org.springframework.data.projection.DefaultMethodInvokingMethodInterceptor.invoke(DefaultMethodInvokingMethodInterceptor.java:69) ~[spring-data-commons-3.4.4.jar:3.4.4]
	at org.springframework.aop.framework.ReflectiveMethodInvocation.proceed(ReflectiveMethodInvocation.java:184) ~[spring-aop-6.2.5.jar:6.2.5]
	at org.springframework.transaction.interceptor.TransactionAspectSupport.invokeWithinTransaction(TransactionAspectSupport.java:380) ~[spring-tx-6.2.5.jar:6.2.5]
	at org.springframework.transaction.interceptor.TransactionInterceptor.invoke(TransactionInterceptor.java:119) ~[spring-tx-6.2.5.jar:6.2.5]
	at org.springframework.aop.framework.ReflectiveMethodInvocation.proceed(ReflectiveMethodInvocation.java:184) ~[spring-aop-6.2.5.jar:6.2.5]
	at org.springframework.dao.support.PersistenceExceptionTranslationInterceptor.invoke(PersistenceExceptionTranslationInterceptor.java:138) ~[spring-tx-6.2.5.jar:6.2.5]
	... 20 common frames omitted
Caused by: org.postgresql.util.PSQLException: An I/O error occurred while sending to the backend.
	at org.postgresql.core.v3.QueryExecutorImpl.execute(QueryExecutorImpl.java:399) ~[postgresql-42.7.5.jar:42.7.5]
	at org.postgresql.jdbc.PgStatement.executeInternal(PgStatement.java:517) ~[postgresql-42.7.5.jar:42.7.5]
	at org.postgresql.jdbc.PgStatement.execute(PgStatement.java:434) ~[postgresql-42.7.5.jar:42.7.5]
	at org.postgresql.jdbc.PgPreparedStatement.executeWithFlags(PgPreparedStatement.java:194) ~[postgresql-42.7.5.jar:42.7.5]
	at org.postgresql.jdbc.PgPreparedStatement.executeQuery(PgPreparedStatement.java:137) ~[postgresql-42.7.5.jar:42.7.5]
	at com.zaxxer.hikari.pool.ProxyPreparedStatement.executeQuery(ProxyPreparedStatement.java:52) ~[HikariCP-5.1.0.jar:na]
	at com.zaxxer.hikari.pool.HikariProxyPreparedStatement.executeQuery(HikariProxyPreparedStatement.java) ~[HikariCP-5.1.0.jar:na]
	at org.hibernate.sql.results.jdbc.internal.DeferredResultSetAccess.executeQuery(DeferredResultSetAccess.java:250) ~[hibernate-core-6.6.11.Final.jar:6.6.11.Final]
	... 52 common frames omitted
Caused by: java.net.SocketException: Closed by interrupt
	at java.base/java.net.Socket$SocketInputStream.read(Socket.java:1106) ~[na:na]
	at java.base/sun.security.ssl.SSLSocketInputRecord.read(SSLSocketInputRecord.java:489) ~[na:na]
	at java.base/sun.security.ssl.SSLSocketInputRecord.readHeader(SSLSocketInputRecord.java:483) ~[na:na]
	at java.base/sun.security.ssl.SSLSocketInputRecord.bytesInCompletePacket(SSLSocketInputRecord.java:70) ~[na:na]
	at java.base/sun.security.ssl.SSLSocketImpl.readApplicationRecord(SSLSocketImpl.java:1460) ~[na:na]
	at java.base/sun.security.ssl.SSLSocketImpl$AppInputStream.read(SSLSocketImpl.java:1066) ~[na:na]
	at org.postgresql.core.VisibleBufferedInputStream.readMore(VisibleBufferedInputStream.java:192) ~[postgresql-42.7.5.jar:42.7.5]
	at org.postgresql.core.VisibleBufferedInputStream.ensureBytes(VisibleBufferedInputStream.java:159) ~[postgresql-42.7.5.jar:42.7.5]
	at org.postgresql.core.VisibleBufferedInputStream.ensureBytes(VisibleBufferedInputStream.java:144) ~[postgresql-42.7.5.jar:42.7.5]
	at org.postgresql.core.VisibleBufferedInputStream.read(VisibleBufferedInputStream.java:76) ~[postgresql-42.7.5.jar:42.7.5]
	at org.postgresql.core.PGStream.receiveChar(PGStream.java:476) ~[postgresql-42.7.5.jar:42.7.5]
	at org.postgresql.core.v3.QueryExecutorImpl.processResults(QueryExecutorImpl.java:2174) ~[postgresql-42.7.5.jar:42.7.5]
	at org.postgresql.core.v3.QueryExecutorImpl.execute(QueryExecutorImpl.java:372) ~[postgresql-42.7.5.jar:42.7.5]
	... 59 common frames omitted
2026-08-02 00:16:55 [Thread-16] INFO  com.zaxxer.hikari.HikariDataSource - HikariPool-2 - Shutdown completed.
2026-08-02 00:16:55 [Thread-16] DEBUG c.i.s.w.NotificationWebSocketHandler - WebSocket transport error: user=935532dc-b311-4071-851e-71e87089679a error=java.nio.channels.ClosedChannelException
2026-08-02 00:16:55 [Thread-16] DEBUG c.i.s.w.NotificationWebSocketHandler - WebSocket disconnected: user=935532dc-b311-4071-851e-71e87089679a status=CloseStatus[code=1001, reason=The web application is stopping]
2026-08-02 00:16:56 [restartedMain] INFO  com.iquenobot.IquenobotApplication - Starting IquenobotApplication using Java 21.0.11 with PID 29500 (C:\Users\luisv\OneDrive\Escritorio\cloniquenobot\iquenobot\target\classes started by luisv in C:\Users\luisv\OneDrive\Escritorio\cloniquenobot\iquenobot)
2026-08-02 00:16:56 [restartedMain] DEBUG com.iquenobot.IquenobotApplication - Running with Spring Boot v3.4.4, Spring v6.2.5
2026-08-02 00:16:56 [restartedMain] INFO  com.iquenobot.IquenobotApplication - The following 1 profile is active: "dev"
2026-08-02 00:16:57 [restartedMain] INFO  o.s.d.r.c.RepositoryConfigurationDelegate - Bootstrapping Spring Data JPA repositories in DEFAULT mode.
2026-08-02 00:16:57 [restartedMain] INFO  o.s.d.r.c.RepositoryConfigurationDelegate - Finished Spring Data repository scanning in 233 ms. Found 22 JPA repository interfaces.
2026-08-02 00:16:57 [restartedMain] INFO  o.s.b.w.e.tomcat.TomcatWebServer - Tomcat initialized with port 8085 (http)
2026-08-02 00:16:57 [restartedMain] INFO  o.a.catalina.core.StandardService - Starting service [Tomcat]
2026-08-02 00:16:57 [restartedMain] INFO  o.a.catalina.core.StandardEngine - Starting Servlet engine: [Apache Tomcat/10.1.39]
2026-08-02 00:16:58 [restartedMain] INFO  o.a.c.c.C.[Tomcat].[localhost].[/] - Initializing Spring embedded WebApplicationContext
2026-08-02 00:16:58 [restartedMain] INFO  o.s.b.w.s.c.ServletWebServerApplicationContext - Root WebApplicationContext: initialization completed in 1945 ms
2026-08-02 00:16:58 [restartedMain] INFO  com.zaxxer.hikari.HikariDataSource - HikariPool-3 - Starting...
2026-08-02 00:16:59 [restartedMain] INFO  com.zaxxer.hikari.pool.HikariPool - HikariPool-3 - Added connection org.postgresql.jdbc.PgConnection@3dcd4679
2026-08-02 00:16:59 [restartedMain] INFO  com.zaxxer.hikari.HikariDataSource - HikariPool-3 - Start completed.
2026-08-02 00:16:59 [restartedMain] INFO  org.flywaydb.core.FlywayExecutor - Database: jdbc:postgresql://ep-delicate-bird-axk10rcp-pooler.c-4.us-east-2.aws.neon.tech:5432/neondb?sslmode=require (PostgreSQL 18.4)
2026-08-02 00:17:00 [restartedMain] WARN  o.f.c.i.database.base.Database - Flyway upgrade recommended: PostgreSQL 18.4 is newer than this version of Flyway and support has not been tested. The latest supported version of PostgreSQL is 17.
2026-08-02 00:17:01 [restartedMain] INFO  o.f.core.internal.command.DbValidate - Successfully validated 34 migrations (execution time 00:00.599s)
2026-08-02 00:17:03 [restartedMain] INFO  o.f.core.internal.command.DbMigrate - Current version of schema "public": 034
2026-08-02 00:17:03 [restartedMain] INFO  o.f.core.internal.command.DbMigrate - Schema "public" is up to date. No migration necessary.
2026-08-02 00:17:04 [restartedMain] INFO  o.h.jpa.internal.util.LogHelper - HHH000204: Processing PersistenceUnitInfo [name: default]
2026-08-02 00:17:04 [restartedMain] INFO  o.h.c.i.RegionFactoryInitiator - HHH000026: Second-level cache disabled
2026-08-02 00:17:04 [restartedMain] INFO  o.s.o.j.p.SpringPersistenceUnitInfo - No LoadTimeWeaver setup: ignoring JPA class transformer
2026-08-02 00:17:04 [restartedMain] WARN  org.hibernate.orm.deprecation - HHH90000025: PostgreSQLDialect does not need to be specified explicitly using 'hibernate.dialect' (remove the property setting and it will be selected by default)
2026-08-02 00:17:05 [restartedMain] INFO  o.hibernate.orm.connections.pooling - HHH10001005: Database info:
	Database JDBC URL [Connecting through datasource 'HikariDataSource (HikariPool-3)']
	Database driver: undefined/unknown
	Database version: 18.4
	Autocommit mode: undefined/unknown
	Isolation level: undefined/unknown
	Minimum pool size: undefined/unknown
	Maximum pool size: undefined/unknown
2026-08-02 00:17:06 [restartedMain] INFO  o.h.e.t.j.p.i.JtaPlatformInitiator - HHH000489: No JTA platform available (set 'hibernate.transaction.jta.platform' to enable JTA platform integration)
2026-08-02 00:17:07 [restartedMain] INFO  o.s.o.j.LocalContainerEntityManagerFactoryBean - Initialized JPA EntityManagerFactory for persistence unit 'default'
2026-08-02 00:17:07 [restartedMain] DEBUG c.i.s.s.JwtAuthenticationFilter - Filter 'jwtAuthenticationFilter' configured for use
2026-08-02 00:17:09 [restartedMain] INFO  c.i.o.a.decision.DecisionEngineImpl - DecisionEngine initialized with 3 strategies
2026-08-02 00:17:09 [restartedMain] INFO  c.i.s.i.storage.LocalStorageService - LocalStorageService initialized at: C:\Users\luisv\OneDrive\Escritorio\cloniquenobot\iquenobot\uploads
2026-08-02 00:17:09 [restartedMain] INFO  c.i.o.a.action.ActionDispatcher - ActionDispatcher initialized with 15 executors
2026-08-02 00:17:09 [restartedMain] INFO  c.i.s.application.FileUploadService - File upload directory created at: C:\Users\luisv\OneDrive\Escritorio\cloniquenobot\iquenobot\uploads
2026-08-02 00:17:11 [restartedMain] INFO  c.i.o.i.config.AsyncConfig - Orchestrator event executor initialized: core=5 max=20 queue=500
2026-08-02 00:17:11 [restartedMain] WARN  o.s.b.a.s.s.UserDetailsServiceAutoConfiguration - 

Using generated security password: fac92565-8771-42e5-a8fe-c85ca5ef1f4c

This generated password is for development use only. Your security configuration must be updated before running your application in production.

2026-08-02 00:17:11 [restartedMain] INFO  o.s.b.a.e.web.EndpointLinksResolver - Exposing 3 endpoints beneath base path '/actuator'
2026-08-02 00:17:12 [restartedMain] INFO  o.s.b.d.a.OptionalLiveReloadServer - LiveReload server is running on port 35729
2026-08-02 00:17:12 [restartedMain] INFO  o.s.b.w.e.tomcat.TomcatWebServer - Tomcat started on port 8085 (http) with context path '/'
2026-08-02 00:17:12 [restartedMain] INFO  com.iquenobot.IquenobotApplication - Started IquenobotApplication in 16.514 seconds (process running for 368.642)
2026-08-02 00:17:12 [tomcat-handler-0] INFO  o.a.c.c.C.[Tomcat].[localhost].[/] - Initializing Spring DispatcherServlet 'dispatcherServlet'
2026-08-02 00:17:12 [tomcat-handler-0] INFO  o.s.web.servlet.DispatcherServlet - Initializing Servlet 'dispatcherServlet'
2026-08-02 00:17:12 [tomcat-handler-0] INFO  o.s.web.servlet.DispatcherServlet - Completed initialization in 4 ms
2026-08-02 00:17:12 [tomcat-handler-0] DEBUG c.i.s.w.NotificationWebSocketHandler - WebSocket connected: user=935532dc-b311-4071-851e-71e87089679a tenant=d563b428-b1a9-4bf3-af62-a175e92e8e18 sessions=1
2026-08-02 00:17:12 [tomcat-handler-1] DEBUG c.i.s.w.NotificationWebSocketHandler - User 935532dc-b311-4071-851e-71e87089679a joined conversation 3cbe209d-8c70-4564-9299-8e7dc5e2cb4b (1 subscribers)
2026-08-02 00:17:12 [restartedMain] INFO  c.i.shared.config.DataInitializer - Plans already seeded, skipping
2026-08-02 00:17:13 [restartedMain] INFO  c.i.shared.config.DataInitializer - SUPER_ADMIN already exists, skipping initialization
2026-08-02 00:17:13 [restartedMain] INFO  o.s.b.d.a.ConditionEvaluationDeltaLoggingListener - Condition evaluation unchanged
2026-08-02 00:18:19 [tomcat-handler-2] DEBUG c.i.s.w.NotificationWebSocketHandler - WebSocket disconnected: user=935532dc-b311-4071-851e-71e87089679a status=CloseStatus[code=1001, reason=null]
2026-08-02 00:18:20 [tomcat-handler-3] DEBUG c.i.auth.application.AuthService - Refreshing token
2026-08-02 00:18:20 [tomcat-handler-4] DEBUG c.i.auth.application.AuthService - Refreshing token
2026-08-02 00:18:21 [tomcat-handler-3] DEBUG c.i.auth.application.AuthService - Token refreshed successfully for user: supervisor@miempresa.com
2026-08-02 00:18:21 [tomcat-handler-4] DEBUG c.i.auth.application.AuthService - Token refreshed successfully for user: supervisor@miempresa.com
2026-08-02 00:18:21 [tomcat-handler-5] DEBUG c.i.s.w.NotificationWebSocketHandler - WebSocket connected: user=935532dc-b311-4071-851e-71e87089679a tenant=d563b428-b1a9-4bf3-af62-a175e92e8e18 sessions=1
2026-08-02 00:18:21 [tomcat-handler-6] INFO  c.i.auth.application.AuthService - Attempting login for email: supervisor@miempresa.com
2026-08-02 00:18:23 [tomcat-handler-6] INFO  c.i.auth.application.AuthService - Login successful for user: supervisor@miempresa.com in tenant: midemo
2026-08-02 00:18:24 [tomcat-handler-7] DEBUG c.i.s.s.JwtAuthenticationFilter - User authenticated: 935532dc-b311-4071-851e-71e87089679a for tenant: d563b428-b1a9-4bf3-af62-a175e92e8e18
2026-08-02 00:18:25 [tomcat-handler-8] DEBUG c.i.s.s.JwtAuthenticationFilter - User authenticated: 935532dc-b311-4071-851e-71e87089679a for tenant: d563b428-b1a9-4bf3-af62-a175e92e8e18
2026-08-02 00:18:33 [tomcat-handler-9] INFO  c.i.a.i.c.WhatsAppWebhookController - === WEBHOOK WHATSAPP RECIBIDO ===
2026-08-02 00:18:33 [tomcat-handler-9] INFO  c.i.a.i.c.WhatsAppWebhookController - Instance: mi-whatsapp Event: messages.upsert
2026-08-02 00:18:33 [tomcat-handler-9] INFO  c.i.a.i.c.WhatsAppWebhookController - Payload - event: messages.upsert, instanceId: null, from: null, messageId: null, type: null, text: null
2026-08-02 00:18:33 [tomcat-handler-9] INFO  c.i.a.i.c.WhatsAppWebhookController - Payload - data present: SI, data keys: [key, pushName, status, message, messageType, messageTimestamp, instanceId, source]
2026-08-02 00:18:33 [tomcat-handler-9] INFO  c.i.o.a.WhatsAppWebhookAdapter - Processing Evolution webhook for instance=mi-whatsapp
2026-08-02 00:18:33 [tomcat-handler-9] DEBUG c.i.o.a.WhatsAppWebhookAdapter - Evolution webhook data={key={remoteJid=120363424364570024@g.us, fromMe=true, id=A5829615A9DA60E07066DF3D8B4997E5, participant=181161838002355@lid, addressingMode=lid}, pushName=LuisDev, status=SERVER_ACK, message={conversation=Jsjsjsj, messageContextInfo={threadId=[], messageSecret={0=93, 1=39, 2=47, 3=112, 4=158, 5=72, 6=234, 7=4, 8=108, 9=131, 10=207, 11=211, 12=162, 13=216, 14=43, 15=127, 16=177, 17=158, 18=251, 19=86, 20=163, 21=57, 22=43, 23=61, 24=68, 25=239, 26=145, 27=98, 28=187, 29=53, 30=130, 31=32}}}, messageType=conversation, messageTimestamp=1785647912, instanceId=50ca41c7-d60d-4ffa-bfc6-4328c6a10ad8, source=android}
2026-08-02 00:18:33 [tomcat-handler-9] INFO  c.i.o.a.WhatsAppWebhookAdapter - New WhatsApp message from +181161838002355 | type=conversation | msgId=A5829615A9DA60E07066DF3D8B4997E5
2026-08-02 00:18:33 [tomcat-handler-9] INFO  c.i.o.a.WhatsAppWebhookAdapter - WhatsApp direction: OUTBOUND
2026-08-02 00:18:33 [tomcat-handler-9] WARN  c.i.a.i.w.EvolutionApiProvider - Error obteniendo nombre del grupo 120363424364570024@g.us (v2): 404 Not Found on POST request for "http://localhost:8080/group/findGroupInfos/mi-whatsapp": "{"status":404,"error":"Not Found","response":{"message":["Cannot POST /group/findGroupInfos/mi-whatsapp"]}}"
2026-08-02 00:18:33 [tomcat-handler-9] WARN  c.i.a.i.w.EvolutionApiProvider - Error obteniendo nombre del grupo 120363424364570024@g.us (v1): 404 Not Found on POST request for "http://localhost:8080/group/findGroupInfos": "{"status":404,"error":"Not Found","response":{"message":["Cannot POST /group/findGroupInfos"]}}"
2026-08-02 00:18:33 [tomcat-handler-9] INFO  c.i.o.a.WhatsAppWebhookAdapter - Incoming WhatsApp message processed: from=+181161838002355 direction=OUTBOUND type=TEXT content=Jsjsjsj
2026-08-02 00:18:33 [tomcat-handler-9] INFO  c.i.o.a.ConversationOrchestrator - Orchestrator processing message from channel=WHATSAPP source=+181161838002355
2026-08-02 00:18:33 [tomcat-handler-9] INFO  c.i.o.a.ConversationOrchestrator - Orchestrator processing message from channel=WHATSAPP source=+181161838002355
2026-08-02 00:18:33 [tomcat-handler-9] INFO  c.i.o.a.pipeline.MessagePipeline - Starting message pipeline with 10 steps for channel: WHATSAPP
2026-08-02 00:18:33 [tomcat-handler-9] DEBUG c.i.o.a.pipeline.ValidationStep - Validation passed for message from channel=WHATSAPP source=+181161838002355
2026-08-02 00:18:33 [tomcat-handler-9] DEBUG c.i.o.a.pipeline.MessagePipeline - Pipeline step ValidationStep completed in 0ms
2026-08-02 00:18:33 [tomcat-handler-9] DEBUG c.i.o.a.p.TenantResolutionStep - Tenant resolved: id=d563b428-b1a9-4bf3-af62-a175e92e8e18 subdomain=midemo
2026-08-02 00:18:33 [tomcat-handler-9] DEBUG c.i.o.a.pipeline.MessagePipeline - Pipeline step TenantResolutionStep completed in 320ms
2026-08-02 00:18:33 [tomcat-handler-9] DEBUG c.i.o.a.p.ContactResolutionStep - Searching contact for tenant=d563b428-b1a9-4bf3-af62-a175e92e8e18 phone=+181161838002355
2026-08-02 00:18:34 [tomcat-handler-9] DEBUG c.i.o.a.p.ContactResolutionStep - Contact resolved: id=c0493771-3b81-450e-9585-d51a455f3f8f name=+181161838002355 phone=+181161838002355
2026-08-02 00:18:34 [tomcat-handler-9] DEBUG c.i.o.a.pipeline.MessagePipeline - Pipeline step ContactResolutionStep$$SpringCGLIB$$0 completed in 376ms
2026-08-02 00:18:34 [tomcat-handler-9] DEBUG c.i.o.i.event.SpringEventPublisher - Publishing event: type=CONVERSATION_CREATED tenantId=d563b428-b1a9-4bf3-af62-a175e92e8e18 conversationId=b9a16878-dc2d-4a1c-af6f-0dbc199b99f5
2026-08-02 00:18:34 [orchestrator-event-1] INFO  c.i.o.i.event.AnalyticsEventListener - Analytics: Conversation created - tenantId=d563b428-b1a9-4bf3-af62-a175e92e8e18 conversationId=b9a16878-dc2d-4a1c-af6f-0dbc199b99f5 channel=WHATSAPP
2026-08-02 00:18:34 [orchestrator-event-2] INFO  c.i.o.i.event.AuditEventListener - Audit: Conversation created - conversationId=b9a16878-dc2d-4a1c-af6f-0dbc199b99f5 channel=WHATSAPP tenantId=d563b428-b1a9-4bf3-af62-a175e92e8e18
2026-08-02 00:18:34 [tomcat-handler-9] INFO  c.i.o.a.p.ConversationResolutionStep - New conversation created: id=b9a16878-dc2d-4a1c-af6f-0dbc199b99f5 key=WHATSAPP:120363424364570024@g.us group=true subject=Grupo 120363424364570024
2026-08-02 00:18:34 [tomcat-handler-9] DEBUG c.i.o.a.p.ConversationResolutionStep - Conversation resolved: id=b9a16878-dc2d-4a1c-af6f-0dbc199b99f5 status=OPEN channel=WHATSAPP conversationKey=WHATSAPP:120363424364570024@g.us
2026-08-02 00:18:35 [tomcat-handler-9] DEBUG c.i.o.a.pipeline.MessagePipeline - Pipeline step ConversationResolutionStep$$SpringCGLIB$$0 completed in 1136ms
2026-08-02 00:18:35 [tomcat-handler-9] DEBUG c.i.o.a.p.BotConfigurationResolutionStep - Bot configuration resolved: enabled=true aiProvider=GROQ
2026-08-02 00:18:35 [tomcat-handler-9] DEBUG c.i.o.a.pipeline.MessagePipeline - Pipeline step BotConfigurationResolutionStep completed in 357ms
2026-08-02 00:18:36 [tomcat-handler-9] DEBUG c.i.o.a.p.WorkingHoursResolutionStep - Working hours resolved: enabled=true isOpen=false
2026-08-02 00:18:36 [tomcat-handler-9] DEBUG c.i.o.a.pipeline.MessagePipeline - Pipeline step WorkingHoursResolutionStep completed in 379ms
2026-08-02 00:18:36 [tomcat-handler-9] DEBUG c.i.o.a.p.ConversationContextResolutionStep - Conversation context resolved: totalMessages=0 consecutiveBotResponses=0 firstMessage=true
2026-08-02 00:18:36 [tomcat-handler-9] DEBUG c.i.o.a.pipeline.MessagePipeline - Pipeline step ConversationContextResolutionStep completed in 232ms
2026-08-02 00:18:36 [tomcat-handler-9] DEBUG c.i.o.a.p.MessagePersistenceStep - Message persisted: id=7c246631-5f19-436d-a098-c59082cd2ee2 conversation=b9a16878-dc2d-4a1c-af6f-0dbc199b99f5 type=TEXT
2026-08-02 00:18:36 [tomcat-handler-10] DEBUG c.i.s.w.NotificationWebSocketHandler - User 935532dc-b311-4071-851e-71e87089679a left conversation b9a16878-dc2d-4a1c-af6f-0dbc199b99f5
2026-08-02 00:18:36 [tomcat-handler-11] DEBUG c.i.s.w.NotificationWebSocketHandler - User 935532dc-b311-4071-851e-71e87089679a joined conversation b9a16878-dc2d-4a1c-af6f-0dbc199b99f5 (1 subscribers)
2026-08-02 00:18:36 [tomcat-handler-13] DEBUG c.i.s.s.JwtAuthenticationFilter - User authenticated: 935532dc-b311-4071-851e-71e87089679a for tenant: d563b428-b1a9-4bf3-af62-a175e92e8e18
2026-08-02 00:18:36 [tomcat-handler-12] DEBUG c.i.s.s.JwtAuthenticationFilter - User authenticated: 935532dc-b311-4071-851e-71e87089679a for tenant: d563b428-b1a9-4bf3-af62-a175e92e8e18
2026-08-02 00:18:36 [tomcat-handler-9] DEBUG c.i.o.a.pipeline.MessagePipeline - Pipeline step MessagePersistenceStep$$SpringCGLIB$$0 completed in 522ms
2026-08-02 00:18:37 [tomcat-handler-9] DEBUG c.i.o.a.pipeline.MetricsUpdateStep - Metrics updated: contact=c0493771-3b81-450e-9585-d51a455f3f8f conversation=b9a16878-dc2d-4a1c-af6f-0dbc199b99f5
2026-08-02 00:18:37 [tomcat-handler-9] DEBUG c.i.o.a.pipeline.MessagePipeline - Pipeline step MetricsUpdateStep$$SpringCGLIB$$0 completed in 389ms
2026-08-02 00:18:37 [tomcat-handler-9] INFO  c.i.o.application.pipeline.AuditStep - AUDIT|tenantId=d563b428-b1a9-4bf3-af62-a175e92e8e18|conversationId=b9a16878-dc2d-4a1c-af6f-0dbc199b99f5|contactId=c0493771-3b81-450e-9585-d51a455f3f8f|messageId=A5829615A9DA60E07066DF3D8B4997E5|channel=WHATSAPP|type=TEXT
2026-08-02 00:18:37 [tomcat-handler-9] DEBUG c.i.o.a.pipeline.MessagePipeline - Pipeline step AuditStep completed in 0ms
2026-08-02 00:18:37 [tomcat-handler-9] INFO  c.i.o.a.pipeline.MessagePipeline - Message pipeline completed in 3715ms
2026-08-02 00:18:37 [tomcat-handler-9] DEBUG c.i.o.i.event.SpringEventPublisher - Publishing event: type=MESSAGE_RECEIVED tenantId=d563b428-b1a9-4bf3-af62-a175e92e8e18 conversationId=b9a16878-dc2d-4a1c-af6f-0dbc199b99f5
2026-08-02 00:18:37 [orchestrator-event-4] INFO  c.i.o.i.event.AnalyticsEventListener - Analytics: Message received - tenantId=d563b428-b1a9-4bf3-af62-a175e92e8e18 conversationId=b9a16878-dc2d-4a1c-af6f-0dbc199b99f5 channel=WHATSAPP
2026-08-02 00:18:37 [tomcat-handler-9] DEBUG c.i.o.a.decision.DecisionEngineImpl - Running decision engine with 3 strategies
2026-08-02 00:18:37 [tomcat-handler-9] DEBUG c.i.o.a.d.AgentAssignmentStrategy - No agent assigned and conversation is OPEN, assigning agent
2026-08-02 00:18:37 [orchestrator-event-5] DEBUG c.i.o.i.event.AuditEventListener - Persisting audit log for message received: messageId=A5829615A9DA60E07066DF3D8B4997E5
2026-08-02 00:18:37 [tomcat-handler-9] DEBUG c.i.o.a.decision.DecisionEngineImpl - Strategy AgentAssignmentStrategy decided: action=ASSIGN_AGENT reason=Conversation requires human agent
2026-08-02 00:18:37 [tomcat-handler-9] DEBUG c.i.o.a.action.ActionDispatcher - Dispatching action: ASSIGN_AGENT to executor: AssignAgentExecutor$$SpringCGLIB$$0
2026-08-02 00:18:37 [tomcat-handler-14] DEBUG c.i.s.s.JwtAuthenticationFilter - User authenticated: 935532dc-b311-4071-851e-71e87089679a for tenant: d563b428-b1a9-4bf3-af62-a175e92e8e18
2026-08-02 00:18:38 [tomcat-handler-14] INFO  c.i.c.a.ConversationService - Marked 0 messages as read in conversation b9a16878-dc2d-4a1c-af6f-0dbc199b99f5 for tenant d563b428-b1a9-4bf3-af62-a175e92e8e18 (conversation rows updated=1)
2026-08-02 00:18:38 [tomcat-handler-9] DEBUG c.i.o.i.event.SpringEventPublisher - Publishing event: type=AGENT_ASSIGNED tenantId=d563b428-b1a9-4bf3-af62-a175e92e8e18 conversationId=b9a16878-dc2d-4a1c-af6f-0dbc199b99f5
2026-08-02 00:18:38 [orchestrator-event-2] INFO  c.i.o.i.event.AnalyticsEventListener - Analytics: Agent assigned - tenantId=d563b428-b1a9-4bf3-af62-a175e92e8e18 conversationId=b9a16878-dc2d-4a1c-af6f-0dbc199b99f5 agentId=95e009fb-66e9-437c-9d35-be4df58d425f
2026-08-02 00:18:38 [orchestrator-event-3] INFO  c.i.o.i.event.AuditEventListener - Audit: Agent assigned - conversationId=b9a16878-dc2d-4a1c-af6f-0dbc199b99f5 agentId=95e009fb-66e9-437c-9d35-be4df58d425f tenantId=d563b428-b1a9-4bf3-af62-a175e92e8e18
2026-08-02 00:18:39 [tomcat-handler-9] INFO  c.i.o.a.action.AssignAgentExecutor - Conversation b9a16878-dc2d-4a1c-af6f-0dbc199b99f5 assigned to agent 95e009fb-66e9-437c-9d35-be4df58d425f (least busy, 1 active conversations)
2026-08-02 00:18:39 [orchestrator-event-4] INFO  c.i.n.a.NotificationService - Notification created: a9c3d209-1d37-4504-9cc0-7bcc3593d9af for user: 95e009fb-66e9-437c-9d35-be4df58d425f
2026-08-02 00:18:39 [tomcat-handler-9] DEBUG c.i.o.i.event.SpringEventPublisher - Publishing event: type=ACTION_EXECUTED tenantId=d563b428-b1a9-4bf3-af62-a175e92e8e18 conversationId=b9a16878-dc2d-4a1c-af6f-0dbc199b99f5
2026-08-02 00:18:39 [orchestrator-event-5] DEBUG c.i.o.i.event.AnalyticsEventListener - Analytics: Action executed - tenantId=d563b428-b1a9-4bf3-af62-a175e92e8e18 conversationId=b9a16878-dc2d-4a1c-af6f-0dbc199b99f5 action=ASSIGN_AGENT time=5991ms
2026-08-02 00:18:39 [orchestrator-event-1] DEBUG c.i.o.i.event.AuditEventListener - Audit: Action executed - action=ASSIGN_AGENT processingTime=5991ms tenantId=d563b428-b1a9-4bf3-af62-a175e92e8e18
2026-08-02 00:18:39 [tomcat-handler-9] INFO  c.i.o.a.ConversationOrchestrator - Message processed successfully in 5992ms. decision=ASSIGN_AGENT
2026-08-02 00:18:39 [orchestrator-event-2] DEBUG c.i.o.i.e.NotificationEventListener - Action executed event processed: action=ASSIGN_AGENT
2026-08-02 00:18:39 [orchestrator-event-5] DEBUG c.i.o.i.m.OrchestratorMetricsService - Metrics recorded: channel=WHATSAPP action=ASSIGN_AGENT time=5991ms
2026-08-02 00:18:39 [tomcat-handler-9] INFO  c.i.a.i.c.WhatsAppWebhookController - === WEBHOOK PROCESADO EXITOSAMENTE ===
2026-08-02 00:19:07 [tomcat-handler-16] INFO  c.i.a.i.c.WhatsAppWebhookController - === WEBHOOK WHATSAPP RECIBIDO ===
2026-08-02 00:19:07 [tomcat-handler-16] INFO  c.i.a.i.c.WhatsAppWebhookController - Instance: mi-whatsapp Event: messages.upsert
2026-08-02 00:19:07 [tomcat-handler-16] INFO  c.i.a.i.c.WhatsAppWebhookController - Payload - event: messages.upsert, instanceId: null, from: null, messageId: null, type: null, text: null
2026-08-02 00:19:07 [tomcat-handler-16] INFO  c.i.a.i.c.WhatsAppWebhookController - Payload - data present: SI, data keys: [key, pushName, status, message, messageType, messageTimestamp, instanceId, source]
2026-08-02 00:19:07 [tomcat-handler-16] INFO  c.i.o.a.WhatsAppWebhookAdapter - Processing Evolution webhook for instance=mi-whatsapp
2026-08-02 00:19:07 [tomcat-handler-16] DEBUG c.i.o.a.WhatsAppWebhookAdapter - Evolution webhook data={key={remoteJid=120363430297023467@g.us, fromMe=true, id=A58AC7EF4CE7A9847B28886E1E5FEC2E, participant=181161838002355@lid, addressingMode=lid}, pushName=LuisDev, status=SERVER_ACK, message={senderKeyDistributionMessage={groupId=120363430297023467@g.us, axolotlSenderKeyDistributionMessage={0=51, 1=8, 2=168, 3=176, 4=214, 5=225, 6=5, 7=16, 8=0, 9=26, 10=32, 11=117, 12=217, 13=54, 14=29, 15=138, 16=113, 17=248, 18=205, 19=139, 20=231, 21=246, 22=147, 23=83, 24=155, 25=99, 26=18, 27=185, 28=161, 29=121, 30=219, 31=193, 32=138, 33=5, 34=120, 35=193, 36=192, 37=8, 38=120, 39=153, 40=253, 41=1, 42=104, 43=34, 44=33, 45=5, 46=166, 47=107, 48=94, 49=75, 50=22, 51=244, 52=225, 53=77, 54=246, 55=36, 56=90, 57=253, 58=68, 59=224, 60=172, 61=24, 62=154, 63=177, 64=0, 65=169, 66=93, 67=187, 68=88, 69=184, 70=18, 71=82, 72=240, 73=187, 74=26, 75=161, 76=24, 77=47}}, messageContextInfo={threadId=[], messageSecret={0=252, 1=139, 2=98, 3=156, 4=89, 5=72, 6=104, 7=229, 8=53, 9=177, 10=14, 11=136, 12=39, 13=223, 14=188, 15=81, 16=250, 17=183, 18=246, 19=48, 20=181, 21=67, 22=185, 23=51, 24=160, 25=62, 26=131, 27=22, 28=246, 29=252, 30=114, 31=144}}, conversation=Oli}, messageType=conversation, messageTimestamp=1785647946, instanceId=50ca41c7-d60d-4ffa-bfc6-4328c6a10ad8, source=android}
2026-08-02 00:19:07 [tomcat-handler-16] INFO  c.i.o.a.WhatsAppWebhookAdapter - New WhatsApp message from +181161838002355 | type=conversation | msgId=A58AC7EF4CE7A9847B28886E1E5FEC2E
2026-08-02 00:19:07 [tomcat-handler-16] INFO  c.i.o.a.WhatsAppWebhookAdapter - WhatsApp direction: OUTBOUND
2026-08-02 00:19:07 [tomcat-handler-16] WARN  c.i.a.i.w.EvolutionApiProvider - Error obteniendo nombre del grupo 120363430297023467@g.us (v2): 404 Not Found on POST request for "http://localhost:8080/group/findGroupInfos/mi-whatsapp": "{"status":404,"error":"Not Found","response":{"message":["Cannot POST /group/findGroupInfos/mi-whatsapp"]}}"
2026-08-02 00:19:07 [tomcat-handler-16] WARN  c.i.a.i.w.EvolutionApiProvider - Error obteniendo nombre del grupo 120363430297023467@g.us (v1): 404 Not Found on POST request for "http://localhost:8080/group/findGroupInfos": "{"status":404,"error":"Not Found","response":{"message":["Cannot POST /group/findGroupInfos"]}}"
2026-08-02 00:19:07 [tomcat-handler-16] INFO  c.i.o.a.WhatsAppWebhookAdapter - Incoming WhatsApp message processed: from=+181161838002355 direction=OUTBOUND type=TEXT content=Oli
2026-08-02 00:19:07 [tomcat-handler-16] INFO  c.i.o.a.ConversationOrchestrator - Orchestrator processing message from channel=WHATSAPP source=+181161838002355
2026-08-02 00:19:07 [tomcat-handler-16] INFO  c.i.o.a.ConversationOrchestrator - Orchestrator processing message from channel=WHATSAPP source=+181161838002355
2026-08-02 00:19:07 [tomcat-handler-16] INFO  c.i.o.a.pipeline.MessagePipeline - Starting message pipeline with 10 steps for channel: WHATSAPP
2026-08-02 00:19:07 [tomcat-handler-16] DEBUG c.i.o.a.pipeline.ValidationStep - Validation passed for message from channel=WHATSAPP source=+181161838002355
2026-08-02 00:19:07 [tomcat-handler-16] DEBUG c.i.o.a.pipeline.MessagePipeline - Pipeline step ValidationStep completed in 0ms
2026-08-02 00:19:08 [tomcat-handler-16] DEBUG c.i.o.a.p.TenantResolutionStep - Tenant resolved: id=d563b428-b1a9-4bf3-af62-a175e92e8e18 subdomain=midemo
2026-08-02 00:19:08 [tomcat-handler-16] DEBUG c.i.o.a.pipeline.MessagePipeline - Pipeline step TenantResolutionStep completed in 363ms
2026-08-02 00:19:08 [tomcat-handler-16] DEBUG c.i.o.a.p.ContactResolutionStep - Searching contact for tenant=d563b428-b1a9-4bf3-af62-a175e92e8e18 phone=+181161838002355
2026-08-02 00:19:08 [tomcat-handler-16] DEBUG c.i.o.a.p.ContactResolutionStep - Contact resolved: id=c0493771-3b81-450e-9585-d51a455f3f8f name=+181161838002355 phone=+181161838002355
2026-08-02 00:19:08 [tomcat-handler-16] DEBUG c.i.o.a.pipeline.MessagePipeline - Pipeline step ContactResolutionStep$$SpringCGLIB$$0 completed in 362ms
2026-08-02 00:19:08 [tomcat-handler-16] DEBUG c.i.o.i.event.SpringEventPublisher - Publishing event: type=CONVERSATION_CREATED tenantId=d563b428-b1a9-4bf3-af62-a175e92e8e18 conversationId=ecc0f360-5c2f-41f7-8820-b6847af9e59c
2026-08-02 00:19:08 [orchestrator-event-3] INFO  c.i.o.i.event.AnalyticsEventListener - Analytics: Conversation created - tenantId=d563b428-b1a9-4bf3-af62-a175e92e8e18 conversationId=ecc0f360-5c2f-41f7-8820-b6847af9e59c channel=WHATSAPP
2026-08-02 00:19:08 [orchestrator-event-1] INFO  c.i.o.i.event.AuditEventListener - Audit: Conversation created - conversationId=ecc0f360-5c2f-41f7-8820-b6847af9e59c channel=WHATSAPP tenantId=d563b428-b1a9-4bf3-af62-a175e92e8e18
2026-08-02 00:19:08 [tomcat-handler-16] INFO  c.i.o.a.p.ConversationResolutionStep - New conversation created: id=ecc0f360-5c2f-41f7-8820-b6847af9e59c key=WHATSAPP:120363430297023467@g.us group=true subject=Grupo 120363430297023467
2026-08-02 00:19:08 [tomcat-handler-16] DEBUG c.i.o.a.p.ConversationResolutionStep - Conversation resolved: id=ecc0f360-5c2f-41f7-8820-b6847af9e59c status=OPEN channel=WHATSAPP conversationKey=WHATSAPP:120363430297023467@g.us
2026-08-02 00:19:09 [tomcat-handler-16] DEBUG c.i.o.a.pipeline.MessagePipeline - Pipeline step ConversationResolutionStep$$SpringCGLIB$$0 completed in 1141ms
2026-08-02 00:19:09 [tomcat-handler-16] DEBUG c.i.o.a.p.BotConfigurationResolutionStep - Bot configuration resolved: enabled=true aiProvider=GROQ
2026-08-02 00:19:09 [tomcat-handler-16] DEBUG c.i.o.a.pipeline.MessagePipeline - Pipeline step BotConfigurationResolutionStep completed in 393ms
2026-08-02 00:19:10 [tomcat-handler-16] DEBUG c.i.o.a.p.WorkingHoursResolutionStep - Working hours resolved: enabled=true isOpen=false
2026-08-02 00:19:10 [tomcat-handler-16] DEBUG c.i.o.a.pipeline.MessagePipeline - Pipeline step WorkingHoursResolutionStep completed in 379ms
2026-08-02 00:19:10 [tomcat-handler-16] DEBUG c.i.o.a.p.ConversationContextResolutionStep - Conversation context resolved: totalMessages=0 consecutiveBotResponses=0 firstMessage=true
2026-08-02 00:19:10 [tomcat-handler-16] DEBUG c.i.o.a.pipeline.MessagePipeline - Pipeline step ConversationContextResolutionStep completed in 227ms
2026-08-02 00:19:10 [tomcat-handler-16] DEBUG c.i.o.a.p.MessagePersistenceStep - Message persisted: id=440b16e2-2c3c-4b05-9181-3b318a8e41b0 conversation=ecc0f360-5c2f-41f7-8820-b6847af9e59c type=TEXT
2026-08-02 00:19:11 [tomcat-handler-16] DEBUG c.i.o.a.pipeline.MessagePipeline - Pipeline step MessagePersistenceStep$$SpringCGLIB$$0 completed in 519ms
2026-08-02 00:19:11 [tomcat-handler-16] DEBUG c.i.o.a.pipeline.MetricsUpdateStep - Metrics updated: contact=c0493771-3b81-450e-9585-d51a455f3f8f conversation=ecc0f360-5c2f-41f7-8820-b6847af9e59c
2026-08-02 00:19:11 [tomcat-handler-17] DEBUG c.i.s.w.NotificationWebSocketHandler - User 935532dc-b311-4071-851e-71e87089679a left conversation b9a16878-dc2d-4a1c-af6f-0dbc199b99f5
2026-08-02 00:19:11 [tomcat-handler-18] DEBUG c.i.s.w.NotificationWebSocketHandler - User 935532dc-b311-4071-851e-71e87089679a left conversation b9a16878-dc2d-4a1c-af6f-0dbc199b99f5
2026-08-02 00:19:11 [tomcat-handler-19] DEBUG c.i.s.w.NotificationWebSocketHandler - User 935532dc-b311-4071-851e-71e87089679a joined conversation ecc0f360-5c2f-41f7-8820-b6847af9e59c (1 subscribers)
2026-08-02 00:19:11 [tomcat-handler-21] DEBUG c.i.s.s.JwtAuthenticationFilter - User authenticated: 935532dc-b311-4071-851e-71e87089679a for tenant: d563b428-b1a9-4bf3-af62-a175e92e8e18
2026-08-02 00:19:11 [tomcat-handler-20] DEBUG c.i.s.s.JwtAuthenticationFilter - User authenticated: 935532dc-b311-4071-851e-71e87089679a for tenant: d563b428-b1a9-4bf3-af62-a175e92e8e18
2026-08-02 00:19:11 [tomcat-handler-16] DEBUG c.i.o.a.pipeline.MessagePipeline - Pipeline step MetricsUpdateStep$$SpringCGLIB$$0 completed in 387ms
2026-08-02 00:19:11 [tomcat-handler-16] INFO  c.i.o.application.pipeline.AuditStep - AUDIT|tenantId=d563b428-b1a9-4bf3-af62-a175e92e8e18|conversationId=ecc0f360-5c2f-41f7-8820-b6847af9e59c|contactId=c0493771-3b81-450e-9585-d51a455f3f8f|messageId=A58AC7EF4CE7A9847B28886E1E5FEC2E|channel=WHATSAPP|type=TEXT
2026-08-02 00:19:11 [tomcat-handler-16] DEBUG c.i.o.a.pipeline.MessagePipeline - Pipeline step AuditStep completed in 1ms
2026-08-02 00:19:11 [tomcat-handler-16] INFO  c.i.o.a.pipeline.MessagePipeline - Message pipeline completed in 3775ms
2026-08-02 00:19:11 [tomcat-handler-16] DEBUG c.i.o.i.event.SpringEventPublisher - Publishing event: type=MESSAGE_RECEIVED tenantId=d563b428-b1a9-4bf3-af62-a175e92e8e18 conversationId=ecc0f360-5c2f-41f7-8820-b6847af9e59c
2026-08-02 00:19:11 [tomcat-handler-16] DEBUG c.i.o.a.decision.DecisionEngineImpl - Running decision engine with 3 strategies
2026-08-02 00:19:11 [orchestrator-event-5] INFO  c.i.o.i.event.AnalyticsEventListener - Analytics: Message received - tenantId=d563b428-b1a9-4bf3-af62-a175e92e8e18 conversationId=ecc0f360-5c2f-41f7-8820-b6847af9e59c channel=WHATSAPP
2026-08-02 00:19:11 [orchestrator-event-4] DEBUG c.i.o.i.event.AuditEventListener - Persisting audit log for message received: messageId=A58AC7EF4CE7A9847B28886E1E5FEC2E
2026-08-02 00:19:11 [tomcat-handler-16] DEBUG c.i.o.a.d.AgentAssignmentStrategy - No agent assigned and conversation is OPEN, assigning agent
2026-08-02 00:19:11 [tomcat-handler-16] DEBUG c.i.o.a.decision.DecisionEngineImpl - Strategy AgentAssignmentStrategy decided: action=ASSIGN_AGENT reason=Conversation requires human agent
2026-08-02 00:19:11 [tomcat-handler-16] DEBUG c.i.o.a.action.ActionDispatcher - Dispatching action: ASSIGN_AGENT to executor: AssignAgentExecutor$$SpringCGLIB$$0
2026-08-02 00:19:12 [tomcat-handler-22] DEBUG c.i.s.s.JwtAuthenticationFilter - User authenticated: 935532dc-b311-4071-851e-71e87089679a for tenant: d563b428-b1a9-4bf3-af62-a175e92e8e18
2026-08-02 00:19:13 [tomcat-handler-22] INFO  c.i.c.a.ConversationService - Marked 0 messages as read in conversation ecc0f360-5c2f-41f7-8820-b6847af9e59c for tenant d563b428-b1a9-4bf3-af62-a175e92e8e18 (conversation rows updated=1)
2026-08-02 00:19:13 [tomcat-handler-16] DEBUG c.i.o.i.event.SpringEventPublisher - Publishing event: type=AGENT_ASSIGNED tenantId=d563b428-b1a9-4bf3-af62-a175e92e8e18 conversationId=ecc0f360-5c2f-41f7-8820-b6847af9e59c
2026-08-02 00:19:13 [orchestrator-event-2] INFO  c.i.o.i.event.AuditEventListener - Audit: Agent assigned - conversationId=ecc0f360-5c2f-41f7-8820-b6847af9e59c agentId=935532dc-b311-4071-851e-71e87089679a tenantId=d563b428-b1a9-4bf3-af62-a175e92e8e18
2026-08-02 00:19:13 [orchestrator-event-1] INFO  c.i.o.i.event.AnalyticsEventListener - Analytics: Agent assigned - tenantId=d563b428-b1a9-4bf3-af62-a175e92e8e18 conversationId=ecc0f360-5c2f-41f7-8820-b6847af9e59c agentId=935532dc-b311-4071-851e-71e87089679a
2026-08-02 00:19:13 [tomcat-handler-16] INFO  c.i.o.a.action.AssignAgentExecutor - Conversation ecc0f360-5c2f-41f7-8820-b6847af9e59c assigned to agent 935532dc-b311-4071-851e-71e87089679a (least busy, 1 active conversations)
2026-08-02 00:19:13 [orchestrator-event-5] INFO  c.i.n.a.NotificationService - Notification created: a271b18d-952f-446c-b0bd-a3cbf256494e for user: 935532dc-b311-4071-851e-71e87089679a
2026-08-02 00:19:13 [tomcat-handler-16] DEBUG c.i.o.i.event.SpringEventPublisher - Publishing event: type=ACTION_EXECUTED tenantId=d563b428-b1a9-4bf3-af62-a175e92e8e18 conversationId=ecc0f360-5c2f-41f7-8820-b6847af9e59c
2026-08-02 00:19:13 [orchestrator-event-4] DEBUG c.i.o.i.event.AnalyticsEventListener - Analytics: Action executed - tenantId=d563b428-b1a9-4bf3-af62-a175e92e8e18 conversationId=ecc0f360-5c2f-41f7-8820-b6847af9e59c action=ASSIGN_AGENT time=6052ms
2026-08-02 00:19:13 [tomcat-handler-16] INFO  c.i.o.a.ConversationOrchestrator - Message processed successfully in 6053ms. decision=ASSIGN_AGENT
2026-08-02 00:19:13 [orchestrator-event-4] DEBUG c.i.o.i.m.OrchestratorMetricsService - Metrics recorded: channel=WHATSAPP action=ASSIGN_AGENT time=6052ms
2026-08-02 00:19:13 [tomcat-handler-16] INFO  c.i.a.i.c.WhatsAppWebhookController - === WEBHOOK PROCESADO EXITOSAMENTE ===
2026-08-02 00:19:13 [orchestrator-event-2] DEBUG c.i.o.i.e.NotificationEventListener - Action executed event processed: action=ASSIGN_AGENT
2026-08-02 00:19:13 [orchestrator-event-3] DEBUG c.i.o.i.event.AuditEventListener - Audit: Action executed - action=ASSIGN_AGENT processingTime=6052ms tenantId=d563b428-b1a9-4bf3-af62-a175e92e8e18
2026-08-02 00:19:21 [tomcat-handler-24] DEBUG c.i.s.w.NotificationWebSocketHandler - User 935532dc-b311-4071-851e-71e87089679a left conversation ecc0f360-5c2f-41f7-8820-b6847af9e59c
2026-08-02 00:19:21 [tomcat-handler-26] DEBUG c.i.s.s.JwtAuthenticationFilter - User authenticated: 935532dc-b311-4071-851e-71e87089679a for tenant: d563b428-b1a9-4bf3-af62-a175e92e8e18
2026-08-02 00:19:21 [tomcat-handler-25] DEBUG c.i.s.s.JwtAuthenticationFilter - User authenticated: 935532dc-b311-4071-851e-71e87089679a for tenant: d563b428-b1a9-4bf3-af62-a175e92e8e18
2026-08-02 00:19:48 [SpringApplicationShutdownHook] INFO  o.s.b.w.e.tomcat.GracefulShutdown - Commencing graceful shutdown. Waiting for active requests to complete
2026-08-02 00:19:48 [tomcat-shutdown] INFO  o.s.b.w.e.tomcat.GracefulShutdown - Graceful shutdown complete
2026-08-02 00:19:48 [scheduling-1] WARN  c.zaxxer.hikari.pool.ProxyConnection - HikariPool-3 - Connection org.postgresql.jdbc.PgConnection@45fbafb2 marked as broken because of SQLSTATE(08006), ErrorCode(0)
org.postgresql.util.PSQLException: An I/O error occurred while sending to the backend.
	at org.postgresql.core.v3.QueryExecutorImpl.execute(QueryExecutorImpl.java:399) ~[postgresql-42.7.5.jar:42.7.5]
	at org.postgresql.jdbc.PgStatement.executeInternal(PgStatement.java:517) ~[postgresql-42.7.5.jar:42.7.5]
	at org.postgresql.jdbc.PgStatement.execute(PgStatement.java:434) ~[postgresql-42.7.5.jar:42.7.5]
	at org.postgresql.jdbc.PgPreparedStatement.executeWithFlags(PgPreparedStatement.java:194) ~[postgresql-42.7.5.jar:42.7.5]
	at org.postgresql.jdbc.PgPreparedStatement.executeQuery(PgPreparedStatement.java:137) ~[postgresql-42.7.5.jar:42.7.5]
	at com.zaxxer.hikari.pool.ProxyPreparedStatement.executeQuery(ProxyPreparedStatement.java:52) ~[HikariCP-5.1.0.jar:na]
	at com.zaxxer.hikari.pool.HikariProxyPreparedStatement.executeQuery(HikariProxyPreparedStatement.java) ~[HikariCP-5.1.0.jar:na]
	at org.hibernate.sql.results.jdbc.internal.DeferredResultSetAccess.executeQuery(DeferredResultSetAccess.java:250) ~[hibernate-core-6.6.11.Final.jar:6.6.11.Final]
	at org.hibernate.sql.results.jdbc.internal.DeferredResultSetAccess.getResultSet(DeferredResultSetAccess.java:171) ~[hibernate-core-6.6.11.Final.jar:6.6.11.Final]
	at org.hibernate.sql.results.jdbc.internal.JdbcValuesResultSetImpl.<init>(JdbcValuesResultSetImpl.java:74) ~[hibernate-core-6.6.11.Final.jar:6.6.11.Final]
	at org.hibernate.sql.exec.internal.JdbcSelectExecutorStandardImpl.resolveJdbcValuesSource(JdbcSelectExecutorStandardImpl.java:355) ~[hibernate-core-6.6.11.Final.jar:6.6.11.Final]
	at org.hibernate.sql.exec.internal.JdbcSelectExecutorStandardImpl.doExecuteQuery(JdbcSelectExecutorStandardImpl.java:137) ~[hibernate-core-6.6.11.Final.jar:6.6.11.Final]
	at org.hibernate.sql.exec.internal.JdbcSelectExecutorStandardImpl.executeQuery(JdbcSelectExecutorStandardImpl.java:102) ~[hibernate-core-6.6.11.Final.jar:6.6.11.Final]
	at org.hibernate.sql.exec.spi.JdbcSelectExecutor.executeQuery(JdbcSelectExecutor.java:91) ~[hibernate-core-6.6.11.Final.jar:6.6.11.Final]
	at org.hibernate.sql.exec.spi.JdbcSelectExecutor.list(JdbcSelectExecutor.java:165) ~[hibernate-core-6.6.11.Final.jar:6.6.11.Final]
	at org.hibernate.query.sqm.internal.ConcreteSqmSelectQueryPlan.lambda$new$1(ConcreteSqmSelectQueryPlan.java:152) ~[hibernate-core-6.6.11.Final.jar:6.6.11.Final]
	at org.hibernate.query.sqm.internal.ConcreteSqmSelectQueryPlan.withCacheableSqmInterpretation(ConcreteSqmSelectQueryPlan.java:442) ~[hibernate-core-6.6.11.Final.jar:6.6.11.Final]
	at org.hibernate.query.sqm.internal.ConcreteSqmSelectQueryPlan.performList(ConcreteSqmSelectQueryPlan.java:362) ~[hibernate-core-6.6.11.Final.jar:6.6.11.Final]
	at org.hibernate.query.sqm.internal.QuerySqmImpl.doList(QuerySqmImpl.java:380) ~[hibernate-core-6.6.11.Final.jar:6.6.11.Final]
	at org.hibernate.query.spi.AbstractSelectionQuery.list(AbstractSelectionQuery.java:143) ~[hibernate-core-6.6.11.Final.jar:6.6.11.Final]
	at org.hibernate.query.Query.getResultList(Query.java:120) ~[hibernate-core-6.6.11.Final.jar:6.6.11.Final]
	at java.base/jdk.internal.reflect.DirectMethodHandleAccessor.invoke(DirectMethodHandleAccessor.java:103) ~[na:na]
	at java.base/java.lang.reflect.Method.invoke(Method.java:580) ~[na:na]
	at org.springframework.orm.jpa.SharedEntityManagerCreator$DeferredQueryInvocationHandler.invoke(SharedEntityManagerCreator.java:419) ~[spring-orm-6.2.5.jar:6.2.5]
	at jdk.proxy6/jdk.proxy6.$Proxy298.getResultList(Unknown Source) ~[na:na]
	at org.springframework.data.jpa.repository.query.JpaQueryExecution$CollectionExecution.doExecute(JpaQueryExecution.java:130) ~[spring-data-jpa-3.4.4.jar:3.4.4]
	at org.springframework.data.jpa.repository.query.JpaQueryExecution.execute(JpaQueryExecution.java:93) ~[spring-data-jpa-3.4.4.jar:3.4.4]
	at org.springframework.data.jpa.repository.query.AbstractJpaQuery.doExecute(AbstractJpaQuery.java:152) ~[spring-data-jpa-3.4.4.jar:3.4.4]
	at org.springframework.data.jpa.repository.query.AbstractJpaQuery.execute(AbstractJpaQuery.java:140) ~[spring-data-jpa-3.4.4.jar:3.4.4]
	at org.springframework.data.repository.core.support.RepositoryMethodInvoker.doInvoke(RepositoryMethodInvoker.java:170) ~[spring-data-commons-3.4.4.jar:3.4.4]
	at org.springframework.data.repository.core.support.RepositoryMethodInvoker.invoke(RepositoryMethodInvoker.java:158) ~[spring-data-commons-3.4.4.jar:3.4.4]
	at org.springframework.data.repository.core.support.QueryExecutorMethodInterceptor.doInvoke(QueryExecutorMethodInterceptor.java:170) ~[spring-data-commons-3.4.4.jar:3.4.4]
	at org.springframework.data.repository.core.support.QueryExecutorMethodInterceptor.invoke(QueryExecutorMethodInterceptor.java:149) ~[spring-data-commons-3.4.4.jar:3.4.4]
	at org.springframework.aop.framework.ReflectiveMethodInvocation.proceed(ReflectiveMethodInvocation.java:184) ~[spring-aop-6.2.5.jar:6.2.5]
	at org.springframework.data.projection.DefaultMethodInvokingMethodInterceptor.invoke(DefaultMethodInvokingMethodInterceptor.java:69) ~[spring-data-commons-3.4.4.jar:3.4.4]
	at org.springframework.aop.framework.ReflectiveMethodInvocation.proceed(ReflectiveMethodInvocation.java:184) ~[spring-aop-6.2.5.jar:6.2.5]
	at org.springframework.transaction.interceptor.TransactionAspectSupport.invokeWithinTransaction(TransactionAspectSupport.java:380) ~[spring-tx-6.2.5.jar:6.2.5]
	at org.springframework.transaction.interceptor.TransactionInterceptor.invoke(TransactionInterceptor.java:119) ~[spring-tx-6.2.5.jar:6.2.5]
	at org.springframework.aop.framework.ReflectiveMethodInvocation.proceed(ReflectiveMethodInvocation.java:184) ~[spring-aop-6.2.5.jar:6.2.5]
	at org.springframework.dao.support.PersistenceExceptionTranslationInterceptor.invoke(PersistenceExceptionTranslationInterceptor.java:138) ~[spring-tx-6.2.5.jar:6.2.5]
	at org.springframework.aop.framework.ReflectiveMethodInvocation.proceed(ReflectiveMethodInvocation.java:184) ~[spring-aop-6.2.5.jar:6.2.5]
	at org.springframework.data.jpa.repository.support.CrudMethodMetadataPostProcessor$CrudMethodMetadataPopulatingMethodInterceptor.invoke(CrudMethodMetadataPostProcessor.java:136) ~[spring-data-jpa-3.4.4.jar:3.4.4]
	at org.springframework.aop.framework.ReflectiveMethodInvocation.proceed(ReflectiveMethodInvocation.java:184) ~[spring-aop-6.2.5.jar:6.2.5]
	at org.springframework.aop.framework.JdkDynamicAopProxy.invoke(JdkDynamicAopProxy.java:223) ~[spring-aop-6.2.5.jar:6.2.5]
	at jdk.proxy6/jdk.proxy6.$Proxy285.findPendingAiConversations(Unknown Source) ~[na:na]
	at com.iquenobot.orchestrator.application.aggregation.PendingAiResponseScheduler.processPendingConversations(PendingAiResponseScheduler.java:42) ~[classes/:na]
	at java.base/jdk.internal.reflect.DirectMethodHandleAccessor.invoke(DirectMethodHandleAccessor.java:103) ~[na:na]
	at java.base/java.lang.reflect.Method.invoke(Method.java:580) ~[na:na]
	at org.springframework.scheduling.support.ScheduledMethodRunnable.runInternal(ScheduledMethodRunnable.java:130) ~[spring-context-6.2.5.jar:6.2.5]
	at org.springframework.scheduling.support.ScheduledMethodRunnable.lambda$run$2(ScheduledMethodRunnable.java:124) ~[spring-context-6.2.5.jar:6.2.5]
	at io.micrometer.observation.Observation.observe(Observation.java:498) ~[micrometer-observation-1.14.5.jar:1.14.5]
	at org.springframework.scheduling.support.ScheduledMethodRunnable.run(ScheduledMethodRunnable.java:124) ~[spring-context-6.2.5.jar:6.2.5]
	at org.springframework.scheduling.config.Task$OutcomeTrackingRunnable.run(Task.java:85) ~[spring-context-6.2.5.jar:6.2.5]
	at org.springframework.scheduling.support.DelegatingErrorHandlingRunnable.run(DelegatingErrorHandlingRunnable.java:54) ~[spring-context-6.2.5.jar:6.2.5]
	at java.base/java.util.concurrent.Executors$RunnableAdapter.call(Executors.java:572) ~[na:na]
	at java.base/java.util.concurrent.FutureTask.runAndReset(FutureTask.java:358) ~[na:na]
	at java.base/java.util.concurrent.ScheduledThreadPoolExecutor$ScheduledFutureTask.run(ScheduledThreadPoolExecutor.java:305) ~[na:na]
	at java.base/java.util.concurrent.ThreadPoolExecutor.runWorker(ThreadPoolExecutor.java:1144) ~[na:na]
	at java.base/java.util.concurrent.ThreadPoolExecutor$Worker.run(ThreadPoolExecutor.java:642) ~[na:na]
	at java.base/java.lang.VirtualThread.run(VirtualThread.java:329) ~[na:na]
Caused by: java.net.SocketException: Closed by interrupt
	at java.base/java.net.Socket$SocketInputStream.read(Socket.java:1106) ~[na:na]
	at java.base/sun.security.ssl.SSLSocketInputRecord.read(SSLSocketInputRecord.java:489) ~[na:na]
	at java.base/sun.security.ssl.SSLSocketInputRecord.readHeader(SSLSocketInputRecord.java:483) ~[na:na]
	at java.base/sun.security.ssl.SSLSocketInputRecord.bytesInCompletePacket(SSLSocketInputRecord.java:70) ~[na:na]
	at java.base/sun.security.ssl.SSLSocketImpl.readApplicationRecord(SSLSocketImpl.java:1460) ~[na:na]
	at java.base/sun.security.ssl.SSLSocketImpl$AppInputStream.read(SSLSocketImpl.java:1066) ~[na:na]
	at org.postgresql.core.VisibleBufferedInputStream.readMore(VisibleBufferedInputStream.java:192) ~[postgresql-42.7.5.jar:42.7.5]
	at org.postgresql.core.VisibleBufferedInputStream.ensureBytes(VisibleBufferedInputStream.java:159) ~[postgresql-42.7.5.jar:42.7.5]
	at org.postgresql.core.VisibleBufferedInputStream.ensureBytes(VisibleBufferedInputStream.java:144) ~[postgresql-42.7.5.jar:42.7.5]
	at org.postgresql.core.VisibleBufferedInputStream.read(VisibleBufferedInputStream.java:76) ~[postgresql-42.7.5.jar:42.7.5]
	at org.postgresql.core.PGStream.receiveChar(PGStream.java:476) ~[postgresql-42.7.5.jar:42.7.5]
	at org.postgresql.core.v3.QueryExecutorImpl.processResults(QueryExecutorImpl.java:2174) ~[postgresql-42.7.5.jar:42.7.5]
	at org.postgresql.core.v3.QueryExecutorImpl.processResults(QueryExecutorImpl.java:2153) ~[postgresql-42.7.5.jar:42.7.5]
	at org.postgresql.core.v3.QueryExecutorImpl.flushIfDeadlockRisk(QueryExecutorImpl.java:1503) ~[postgresql-42.7.5.jar:42.7.5]
	at org.postgresql.core.v3.QueryExecutorImpl.sendQuery(QueryExecutorImpl.java:1528) ~[postgresql-42.7.5.jar:42.7.5]
	at org.postgresql.core.v3.QueryExecutorImpl.execute(QueryExecutorImpl.java:364) ~[postgresql-42.7.5.jar:42.7.5]
	... 59 common frames omitted
2026-08-02 00:19:48 [SpringApplicationShutdownHook] INFO  o.s.o.j.LocalContainerEntityManagerFactoryBean - Closing JPA EntityManagerFactory for persistence unit 'default'
2026-08-02 00:19:48 [scheduling-1] WARN  o.h.e.jdbc.spi.SqlExceptionHelper - SQL Error: 0, SQLState: 08006
2026-08-02 00:19:48 [scheduling-1] ERROR o.h.e.jdbc.spi.SqlExceptionHelper - An I/O error occurred while sending to the backend.
2026-08-02 00:19:48 [SpringApplicationShutdownHook] INFO  com.zaxxer.hikari.HikariDataSource - HikariPool-3 - Shutdown initiated...
2026-08-02 00:19:48 [scheduling-1] ERROR o.s.s.s.TaskUtils$LoggingErrorHandler - Unexpected error occurred in scheduled task
org.springframework.dao.DataAccessResourceFailureException: JDBC exception executing SQL [select c1_0.id,c1_0.assigned_user_id,c1_0.is_bot_conversation,c1_0.bot_fallback_count,c1_0.bot_handoff_at,c1_0.bot_resume_after,c1_0.channel,c1_0.channel_conversation_id,c1_0.closed_at,c1_0.contact_id,c1_0.created_at,c1_0.created_by,c1_0.is_deleted,c1_0.deleted_at,c1_0.deleted_by,c1_0.first_response_at,c1_0.human_handoff,c1_0.human_taken_over_at,c1_0.instance_name,c1_0.is_group,c1_0.last_agent_reply_at,c1_0.last_bot_response_at,c1_0.last_message_at,c1_0.last_processed_message_hash,c1_0.message_count,c1_0.metadata,c1_0.pending_ai_response,c1_0.priority,c1_0.resolution_time_seconds,c1_0.resolved_at,c1_0.response_time_seconds,c1_0.satisfaction_feedback,c1_0.satisfaction_rating,c1_0.status,c1_0.subject,c1_0.tags,c1_0.tenant_id,c1_0.unread_count,c1_0.updated_at,c1_0.updated_by,c1_0.version from conversations c1_0 where c1_0.pending_ai_response=true and c1_0.last_message_at<? and c1_0.status in ('OPEN','IN_PROGRESS','PENDING') and c1_0.is_deleted=false order by c1_0.last_message_at] [An I/O error occurred while sending to the backend.] [n/a]
	at org.springframework.orm.jpa.vendor.HibernateJpaDialect.convertHibernateAccessException(HibernateJpaDialect.java:274) ~[spring-orm-6.2.5.jar:6.2.5]
	at org.springframework.orm.jpa.vendor.HibernateJpaDialect.translateExceptionIfPossible(HibernateJpaDialect.java:241) ~[spring-orm-6.2.5.jar:6.2.5]
	at org.springframework.orm.jpa.AbstractEntityManagerFactoryBean.translateExceptionIfPossible(AbstractEntityManagerFactoryBean.java:560) ~[spring-orm-6.2.5.jar:6.2.5]
	at org.springframework.dao.support.ChainedPersistenceExceptionTranslator.translateExceptionIfPossible(ChainedPersistenceExceptionTranslator.java:61) ~[spring-tx-6.2.5.jar:6.2.5]
	at org.springframework.dao.support.DataAccessUtils.translateIfNecessary(DataAccessUtils.java:343) ~[spring-tx-6.2.5.jar:6.2.5]
	at org.springframework.dao.support.PersistenceExceptionTranslationInterceptor.invoke(PersistenceExceptionTranslationInterceptor.java:160) ~[spring-tx-6.2.5.jar:6.2.5]
	at org.springframework.aop.framework.ReflectiveMethodInvocation.proceed(ReflectiveMethodInvocation.java:184) ~[spring-aop-6.2.5.jar:6.2.5]
	at org.springframework.data.jpa.repository.support.CrudMethodMetadataPostProcessor$CrudMethodMetadataPopulatingMethodInterceptor.invoke(CrudMethodMetadataPostProcessor.java:136) ~[spring-data-jpa-3.4.4.jar:3.4.4]
	at org.springframework.aop.framework.ReflectiveMethodInvocation.proceed(ReflectiveMethodInvocation.java:184) ~[spring-aop-6.2.5.jar:6.2.5]
	at org.springframework.aop.framework.JdkDynamicAopProxy.invoke(JdkDynamicAopProxy.java:223) ~[spring-aop-6.2.5.jar:6.2.5]
	at jdk.proxy6/jdk.proxy6.$Proxy285.findPendingAiConversations(Unknown Source) ~[na:na]
	at com.iquenobot.orchestrator.application.aggregation.PendingAiResponseScheduler.processPendingConversations(PendingAiResponseScheduler.java:42) ~[classes/:na]
	at java.base/jdk.internal.reflect.DirectMethodHandleAccessor.invoke(DirectMethodHandleAccessor.java:103) ~[na:na]
	at java.base/java.lang.reflect.Method.invoke(Method.java:580) ~[na:na]
	at org.springframework.scheduling.support.ScheduledMethodRunnable.runInternal(ScheduledMethodRunnable.java:130) ~[spring-context-6.2.5.jar:6.2.5]
	at org.springframework.scheduling.support.ScheduledMethodRunnable.lambda$run$2(ScheduledMethodRunnable.java:124) ~[spring-context-6.2.5.jar:6.2.5]
	at io.micrometer.observation.Observation.observe(Observation.java:498) ~[micrometer-observation-1.14.5.jar:1.14.5]
	at org.springframework.scheduling.support.ScheduledMethodRunnable.run(ScheduledMethodRunnable.java:124) ~[spring-context-6.2.5.jar:6.2.5]
	at org.springframework.scheduling.config.Task$OutcomeTrackingRunnable.run(Task.java:85) ~[spring-context-6.2.5.jar:6.2.5]
	at org.springframework.scheduling.support.DelegatingErrorHandlingRunnable.run(DelegatingErrorHandlingRunnable.java:54) ~[spring-context-6.2.5.jar:6.2.5]
	at java.base/java.util.concurrent.Executors$RunnableAdapter.call(Executors.java:572) ~[na:na]
	at java.base/java.util.concurrent.FutureTask.runAndReset(FutureTask.java:358) ~[na:na]
	at java.base/java.util.concurrent.ScheduledThreadPoolExecutor$ScheduledFutureTask.run(ScheduledThreadPoolExecutor.java:305) ~[na:na]
	at java.base/java.util.concurrent.ThreadPoolExecutor.runWorker(ThreadPoolExecutor.java:1144) ~[na:na]
	at java.base/java.util.concurrent.ThreadPoolExecutor$Worker.run(ThreadPoolExecutor.java:642) ~[na:na]
	at java.base/java.lang.VirtualThread.run(VirtualThread.java:329) ~[na:na]
Caused by: org.hibernate.exception.JDBCConnectionException: JDBC exception executing SQL [select c1_0.id,c1_0.assigned_user_id,c1_0.is_bot_conversation,c1_0.bot_fallback_count,c1_0.bot_handoff_at,c1_0.bot_resume_after,c1_0.channel,c1_0.channel_conversation_id,c1_0.closed_at,c1_0.contact_id,c1_0.created_at,c1_0.created_by,c1_0.is_deleted,c1_0.deleted_at,c1_0.deleted_by,c1_0.first_response_at,c1_0.human_handoff,c1_0.human_taken_over_at,c1_0.instance_name,c1_0.is_group,c1_0.last_agent_reply_at,c1_0.last_bot_response_at,c1_0.last_message_at,c1_0.last_processed_message_hash,c1_0.message_count,c1_0.metadata,c1_0.pending_ai_response,c1_0.priority,c1_0.resolution_time_seconds,c1_0.resolved_at,c1_0.response_time_seconds,c1_0.satisfaction_feedback,c1_0.satisfaction_rating,c1_0.status,c1_0.subject,c1_0.tags,c1_0.tenant_id,c1_0.unread_count,c1_0.updated_at,c1_0.updated_by,c1_0.version from conversations c1_0 where c1_0.pending_ai_response=true and c1_0.last_message_at<? and c1_0.status in ('OPEN','IN_PROGRESS','PENDING') and c1_0.is_deleted=false order by c1_0.last_message_at] [An I/O error occurred while sending to the backend.] [n/a]
	at org.hibernate.exception.internal.SQLStateConversionDelegate.convert(SQLStateConversionDelegate.java:100) ~[hibernate-core-6.6.11.Final.jar:6.6.11.Final]
	at org.hibernate.exception.internal.StandardSQLExceptionConverter.convert(StandardSQLExceptionConverter.java:58) ~[hibernate-core-6.6.11.Final.jar:6.6.11.Final]
	at org.hibernate.engine.jdbc.spi.SqlExceptionHelper.convert(SqlExceptionHelper.java:108) ~[hibernate-core-6.6.11.Final.jar:6.6.11.Final]
	at org.hibernate.engine.jdbc.spi.SqlExceptionHelper.convert(SqlExceptionHelper.java:94) ~[hibernate-core-6.6.11.Final.jar:6.6.11.Final]
	at org.hibernate.sql.results.jdbc.internal.DeferredResultSetAccess.executeQuery(DeferredResultSetAccess.java:268) ~[hibernate-core-6.6.11.Final.jar:6.6.11.Final]
	at org.hibernate.sql.results.jdbc.internal.DeferredResultSetAccess.getResultSet(DeferredResultSetAccess.java:171) ~[hibernate-core-6.6.11.Final.jar:6.6.11.Final]
	at org.hibernate.sql.results.jdbc.internal.JdbcValuesResultSetImpl.<init>(JdbcValuesResultSetImpl.java:74) ~[hibernate-core-6.6.11.Final.jar:6.6.11.Final]
	at org.hibernate.sql.exec.internal.JdbcSelectExecutorStandardImpl.resolveJdbcValuesSource(JdbcSelectExecutorStandardImpl.java:355) ~[hibernate-core-6.6.11.Final.jar:6.6.11.Final]
	at org.hibernate.sql.exec.internal.JdbcSelectExecutorStandardImpl.doExecuteQuery(JdbcSelectExecutorStandardImpl.java:137) ~[hibernate-core-6.6.11.Final.jar:6.6.11.Final]
	at org.hibernate.sql.exec.internal.JdbcSelectExecutorStandardImpl.executeQuery(JdbcSelectExecutorStandardImpl.java:102) ~[hibernate-core-6.6.11.Final.jar:6.6.11.Final]
	at org.hibernate.sql.exec.spi.JdbcSelectExecutor.executeQuery(JdbcSelectExecutor.java:91) ~[hibernate-core-6.6.11.Final.jar:6.6.11.Final]
	at org.hibernate.sql.exec.spi.JdbcSelectExecutor.list(JdbcSelectExecutor.java:165) ~[hibernate-core-6.6.11.Final.jar:6.6.11.Final]
	at org.hibernate.query.sqm.internal.ConcreteSqmSelectQueryPlan.lambda$new$1(ConcreteSqmSelectQueryPlan.java:152) ~[hibernate-core-6.6.11.Final.jar:6.6.11.Final]
	at org.hibernate.query.sqm.internal.ConcreteSqmSelectQueryPlan.withCacheableSqmInterpretation(ConcreteSqmSelectQueryPlan.java:442) ~[hibernate-core-6.6.11.Final.jar:6.6.11.Final]
	at org.hibernate.query.sqm.internal.ConcreteSqmSelectQueryPlan.performList(ConcreteSqmSelectQueryPlan.java:362) ~[hibernate-core-6.6.11.Final.jar:6.6.11.Final]
	at org.hibernate.query.sqm.internal.QuerySqmImpl.doList(QuerySqmImpl.java:380) ~[hibernate-core-6.6.11.Final.jar:6.6.11.Final]
	at org.hibernate.query.spi.AbstractSelectionQuery.list(AbstractSelectionQuery.java:143) ~[hibernate-core-6.6.11.Final.jar:6.6.11.Final]
	at org.hibernate.query.Query.getResultList(Query.java:120) ~[hibernate-core-6.6.11.Final.jar:6.6.11.Final]
	at java.base/jdk.internal.reflect.DirectMethodHandleAccessor.invoke(DirectMethodHandleAccessor.java:103) ~[na:na]
	at java.base/java.lang.reflect.Method.invoke(Method.java:580) ~[na:na]
	at org.springframework.orm.jpa.SharedEntityManagerCreator$DeferredQueryInvocationHandler.invoke(SharedEntityManagerCreator.java:419) ~[spring-orm-6.2.5.jar:6.2.5]
	at jdk.proxy6/jdk.proxy6.$Proxy298.getResultList(Unknown Source) ~[na:na]
	at org.springframework.data.jpa.repository.query.JpaQueryExecution$CollectionExecution.doExecute(JpaQueryExecution.java:130) ~[spring-data-jpa-3.4.4.jar:3.4.4]
	at org.springframework.data.jpa.repository.query.JpaQueryExecution.execute(JpaQueryExecution.java:93) ~[spring-data-jpa-3.4.4.jar:3.4.4]
	at org.springframework.data.jpa.repository.query.AbstractJpaQuery.doExecute(AbstractJpaQuery.java:152) ~[spring-data-jpa-3.4.4.jar:3.4.4]
	at org.springframework.data.jpa.repository.query.AbstractJpaQuery.execute(AbstractJpaQuery.java:140) ~[spring-data-jpa-3.4.4.jar:3.4.4]
	at org.springframework.data.repository.core.support.RepositoryMethodInvoker.doInvoke(RepositoryMethodInvoker.java:170) ~[spring-data-commons-3.4.4.jar:3.4.4]
	at org.springframework.data.repository.core.support.RepositoryMethodInvoker.invoke(RepositoryMethodInvoker.java:158) ~[spring-data-commons-3.4.4.jar:3.4.4]
	at org.springframework.data.repository.core.support.QueryExecutorMethodInterceptor.doInvoke(QueryExecutorMethodInterceptor.java:170) ~[spring-data-commons-3.4.4.jar:3.4.4]
	at org.springframework.data.repository.core.support.QueryExecutorMethodInterceptor.invoke(QueryExecutorMethodInterceptor.java:149) ~[spring-data-commons-3.4.4.jar:3.4.4]
	at org.springframework.aop.framework.ReflectiveMethodInvocation.proceed(ReflectiveMethodInvocation.java:184) ~[spring-aop-6.2.5.jar:6.2.5]
	at org.springframework.data.projection.DefaultMethodInvokingMethodInterceptor.invoke(DefaultMethodInvokingMethodInterceptor.java:69) ~[spring-data-commons-3.4.4.jar:3.4.4]
	at org.springframework.aop.framework.ReflectiveMethodInvocation.proceed(ReflectiveMethodInvocation.java:184) ~[spring-aop-6.2.5.jar:6.2.5]
	at org.springframework.transaction.interceptor.TransactionAspectSupport.invokeWithinTransaction(TransactionAspectSupport.java:380) ~[spring-tx-6.2.5.jar:6.2.5]
	at org.springframework.transaction.interceptor.TransactionInterceptor.invoke(TransactionInterceptor.java:119) ~[spring-tx-6.2.5.jar:6.2.5]
	at org.springframework.aop.framework.ReflectiveMethodInvocation.proceed(ReflectiveMethodInvocation.java:184) ~[spring-aop-6.2.5.jar:6.2.5]
	at org.springframework.dao.support.PersistenceExceptionTranslationInterceptor.invoke(PersistenceExceptionTranslationInterceptor.java:138) ~[spring-tx-6.2.5.jar:6.2.5]
	... 20 common frames omitted
Caused by: org.postgresql.util.PSQLException: An I/O error occurred while sending to the backend.
	at org.postgresql.core.v3.QueryExecutorImpl.execute(QueryExecutorImpl.java:399) ~[postgresql-42.7.5.jar:42.7.5]
	at org.postgresql.jdbc.PgStatement.executeInternal(PgStatement.java:517) ~[postgresql-42.7.5.jar:42.7.5]
	at org.postgresql.jdbc.PgStatement.execute(PgStatement.java:434) ~[postgresql-42.7.5.jar:42.7.5]
	at org.postgresql.jdbc.PgPreparedStatement.executeWithFlags(PgPreparedStatement.java:194) ~[postgresql-42.7.5.jar:42.7.5]
	at org.postgresql.jdbc.PgPreparedStatement.executeQuery(PgPreparedStatement.java:137) ~[postgresql-42.7.5.jar:42.7.5]
	at com.zaxxer.hikari.pool.ProxyPreparedStatement.executeQuery(ProxyPreparedStatement.java:52) ~[HikariCP-5.1.0.jar:na]
	at com.zaxxer.hikari.pool.HikariProxyPreparedStatement.executeQuery(HikariProxyPreparedStatement.java) ~[HikariCP-5.1.0.jar:na]
	at org.hibernate.sql.results.jdbc.internal.DeferredResultSetAccess.executeQuery(DeferredResultSetAccess.java:250) ~[hibernate-core-6.6.11.Final.jar:6.6.11.Final]
	... 52 common frames omitted
Caused by: java.net.SocketException: Closed by interrupt
	at java.base/java.net.Socket$SocketInputStream.read(Socket.java:1106) ~[na:na]
	at java.base/sun.security.ssl.SSLSocketInputRecord.read(SSLSocketInputRecord.java:489) ~[na:na]
	at java.base/sun.security.ssl.SSLSocketInputRecord.readHeader(SSLSocketInputRecord.java:483) ~[na:na]
	at java.base/sun.security.ssl.SSLSocketInputRecord.bytesInCompletePacket(SSLSocketInputRecord.java:70) ~[na:na]
	at java.base/sun.security.ssl.SSLSocketImpl.readApplicationRecord(SSLSocketImpl.java:1460) ~[na:na]
	at java.base/sun.security.ssl.SSLSocketImpl$AppInputStream.read(SSLSocketImpl.java:1066) ~[na:na]
	at org.postgresql.core.VisibleBufferedInputStream.readMore(VisibleBufferedInputStream.java:192) ~[postgresql-42.7.5.jar:42.7.5]
	at org.postgresql.core.VisibleBufferedInputStream.ensureBytes(VisibleBufferedInputStream.java:159) ~[postgresql-42.7.5.jar:42.7.5]
	at org.postgresql.core.VisibleBufferedInputStream.ensureBytes(VisibleBufferedInputStream.java:144) ~[postgresql-42.7.5.jar:42.7.5]
	at org.postgresql.core.VisibleBufferedInputStream.read(VisibleBufferedInputStream.java:76) ~[postgresql-42.7.5.jar:42.7.5]
	at org.postgresql.core.PGStream.receiveChar(PGStream.java:476) ~[postgresql-42.7.5.jar:42.7.5]
	at org.postgresql.core.v3.QueryExecutorImpl.processResults(QueryExecutorImpl.java:2174) ~[postgresql-42.7.5.jar:42.7.5]
	at org.postgresql.core.v3.QueryExecutorImpl.processResults(QueryExecutorImpl.java:2153) ~[postgresql-42.7.5.jar:42.7.5]
	at org.postgresql.core.v3.QueryExecutorImpl.flushIfDeadlockRisk(QueryExecutorImpl.java:1503) ~[postgresql-42.7.5.jar:42.7.5]
	at org.postgresql.core.v3.QueryExecutorImpl.sendQuery(QueryExecutorImpl.java:1528) ~[postgresql-42.7.5.jar:42.7.5]
	at org.postgresql.core.v3.QueryExecutorImpl.execute(QueryExecutorImpl.java:364) ~[postgresql-42.7.5.jar:42.7.5]
	... 59 common frames omitted
2026-08-02 00:19:49 [SpringApplicationShutdownHook] INFO  com.zaxxer.hikari.HikariDataSource - HikariPool-3 - Shutdown completed.
2026-08-02 00:19:49 [SpringApplicationShutdownHook] DEBUG c.i.s.w.NotificationWebSocketHandler - WebSocket transport error: user=935532dc-b311-4071-851e-71e87089679a error=java.nio.channels.ClosedChannelException
2026-08-02 00:19:49 [SpringApplicationShutdownHook] DEBUG c.i.s.w.NotificationWebSocketHandler - WebSocket disconnected: user=935532dc-b311-4071-851e-71e87089679a status=CloseStatus[code=1001, reason=The web application is stopping]
2026-08-02 00:19:59 [restartedMain] INFO  com.iquenobot.IquenobotApplication - Starting IquenobotApplication using Java 21.0.11 with PID 27400 (C:\Users\luisv\OneDrive\Escritorio\cloniquenobot\iquenobot\target\classes started by luisv in C:\Users\luisv\OneDrive\Escritorio\cloniquenobot\iquenobot)
2026-08-02 00:19:59 [restartedMain] DEBUG com.iquenobot.IquenobotApplication - Running with Spring Boot v3.4.4, Spring v6.2.5
2026-08-02 00:19:59 [restartedMain] INFO  com.iquenobot.IquenobotApplication - The following 1 profile is active: "dev"
2026-08-02 00:19:59 [restartedMain] INFO  o.s.b.d.e.DevToolsPropertyDefaultsPostProcessor - Devtools property defaults active! Set 'spring.devtools.add-properties' to 'false' to disable
2026-08-02 00:19:59 [restartedMain] INFO  o.s.b.d.e.DevToolsPropertyDefaultsPostProcessor - For additional web related logging consider setting the 'logging.level.web' property to 'DEBUG'
2026-08-02 00:20:01 [restartedMain] INFO  o.s.d.r.c.RepositoryConfigurationDelegate - Bootstrapping Spring Data JPA repositories in DEFAULT mode.
2026-08-02 00:20:01 [restartedMain] INFO  o.s.d.r.c.RepositoryConfigurationDelegate - Finished Spring Data repository scanning in 304 ms. Found 22 JPA repository interfaces.
2026-08-02 00:20:03 [restartedMain] INFO  o.s.b.w.e.tomcat.TomcatWebServer - Tomcat initialized with port 8085 (http)
2026-08-02 00:20:03 [restartedMain] INFO  o.a.catalina.core.StandardService - Starting service [Tomcat]
2026-08-02 00:20:03 [restartedMain] INFO  o.a.catalina.core.StandardEngine - Starting Servlet engine: [Apache Tomcat/10.1.39]
2026-08-02 00:20:04 [restartedMain] INFO  o.a.c.c.C.[Tomcat].[localhost].[/] - Initializing Spring embedded WebApplicationContext
2026-08-02 00:20:04 [restartedMain] INFO  o.s.b.w.s.c.ServletWebServerApplicationContext - Root WebApplicationContext: initialization completed in 4257 ms
2026-08-02 00:20:04 [restartedMain] INFO  com.zaxxer.hikari.HikariDataSource - HikariPool-1 - Starting...
2026-08-02 00:20:06 [restartedMain] INFO  com.zaxxer.hikari.pool.HikariPool - HikariPool-1 - Added connection org.postgresql.jdbc.PgConnection@47e5b140
2026-08-02 00:20:06 [restartedMain] INFO  com.zaxxer.hikari.HikariDataSource - HikariPool-1 - Start completed.
2026-08-02 00:20:07 [restartedMain] INFO  org.flywaydb.core.FlywayExecutor - Database: jdbc:postgresql://ep-delicate-bird-axk10rcp-pooler.c-4.us-east-2.aws.neon.tech:5432/neondb?sslmode=require (PostgreSQL 18.4)
2026-08-02 00:20:08 [restartedMain] WARN  o.f.c.i.database.base.Database - Flyway upgrade recommended: PostgreSQL 18.4 is newer than this version of Flyway and support has not been tested. The latest supported version of PostgreSQL is 17.
2026-08-02 00:20:09 [restartedMain] INFO  o.f.core.internal.command.DbValidate - Successfully validated 34 migrations (execution time 00:00.628s)
2026-08-02 00:20:11 [restartedMain] INFO  o.f.core.internal.command.DbMigrate - Current version of schema "public": 034
2026-08-02 00:20:11 [restartedMain] INFO  o.f.core.internal.command.DbMigrate - Schema "public" is up to date. No migration necessary.
2026-08-02 00:20:12 [restartedMain] INFO  o.h.jpa.internal.util.LogHelper - HHH000204: Processing PersistenceUnitInfo [name: default]
2026-08-02 00:20:12 [restartedMain] INFO  org.hibernate.Version - HHH000412: Hibernate ORM core version 6.6.11.Final
2026-08-02 00:20:12 [restartedMain] INFO  o.h.c.i.RegionFactoryInitiator - HHH000026: Second-level cache disabled
2026-08-02 00:20:12 [restartedMain] INFO  o.s.o.j.p.SpringPersistenceUnitInfo - No LoadTimeWeaver setup: ignoring JPA class transformer
2026-08-02 00:20:13 [restartedMain] WARN  org.hibernate.orm.deprecation - HHH90000025: PostgreSQLDialect does not need to be specified explicitly using 'hibernate.dialect' (remove the property setting and it will be selected by default)
2026-08-02 00:20:13 [restartedMain] INFO  o.hibernate.orm.connections.pooling - HHH10001005: Database info:
	Database JDBC URL [Connecting through datasource 'HikariDataSource (HikariPool-1)']
	Database driver: undefined/unknown
	Database version: 18.4
	Autocommit mode: undefined/unknown
	Isolation level: undefined/unknown
	Minimum pool size: undefined/unknown
	Maximum pool size: undefined/unknown
2026-08-02 00:20:15 [restartedMain] INFO  o.h.e.t.j.p.i.JtaPlatformInitiator - HHH000489: No JTA platform available (set 'hibernate.transaction.jta.platform' to enable JTA platform integration)
2026-08-02 00:20:16 [restartedMain] INFO  o.s.o.j.LocalContainerEntityManagerFactoryBean - Initialized JPA EntityManagerFactory for persistence unit 'default'
2026-08-02 00:20:16 [restartedMain] DEBUG c.i.s.s.JwtAuthenticationFilter - Filter 'jwtAuthenticationFilter' configured for use
2026-08-02 00:20:16 [restartedMain] INFO  o.s.d.j.r.query.QueryEnhancerFactory - Hibernate is in classpath; If applicable, HQL parser will be used.
2026-08-02 00:20:20 [restartedMain] INFO  c.i.o.a.decision.DecisionEngineImpl - DecisionEngine initialized with 3 strategies
2026-08-02 00:20:20 [restartedMain] INFO  c.i.s.i.storage.LocalStorageService - LocalStorageService initialized at: C:\Users\luisv\OneDrive\Escritorio\cloniquenobot\iquenobot\uploads
2026-08-02 00:20:20 [restartedMain] INFO  c.i.o.a.action.ActionDispatcher - ActionDispatcher initialized with 15 executors
2026-08-02 00:20:20 [restartedMain] INFO  c.i.s.application.FileUploadService - File upload directory created at: C:\Users\luisv\OneDrive\Escritorio\cloniquenobot\iquenobot\uploads
2026-08-02 00:20:22 [restartedMain] INFO  c.i.o.i.config.AsyncConfig - Orchestrator event executor initialized: core=5 max=20 queue=500
2026-08-02 00:20:23 [restartedMain] WARN  o.s.b.a.s.s.UserDetailsServiceAutoConfiguration - 

Using generated security password: 2c5c66f5-103d-44c5-99f0-4376b6b2ce47

This generated password is for development use only. Your security configuration must be updated before running your application in production.

2026-08-02 00:20:23 [restartedMain] INFO  o.s.b.a.e.web.EndpointLinksResolver - Exposing 3 endpoints beneath base path '/actuator'
2026-08-02 00:20:25 [restartedMain] INFO  o.s.b.d.a.OptionalLiveReloadServer - LiveReload server is running on port 35729
2026-08-02 00:20:25 [restartedMain] INFO  o.s.b.w.e.tomcat.TomcatWebServer - Tomcat started on port 8085 (http) with context path '/'
2026-08-02 00:20:25 [restartedMain] INFO  com.iquenobot.IquenobotApplication - Started IquenobotApplication in 26.84 seconds (process running for 27.43)
2026-08-02 00:20:26 [restartedMain] INFO  c.i.shared.config.DataInitializer - Plans already seeded, skipping
2026-08-02 00:20:27 [tomcat-handler-0] INFO  o.a.c.c.C.[Tomcat].[localhost].[/] - Initializing Spring DispatcherServlet 'dispatcherServlet'
2026-08-02 00:20:27 [tomcat-handler-0] INFO  o.s.web.servlet.DispatcherServlet - Initializing Servlet 'dispatcherServlet'
2026-08-02 00:20:27 [tomcat-handler-0] INFO  o.s.web.servlet.DispatcherServlet - Completed initialization in 6 ms
2026-08-02 00:20:27 [restartedMain] INFO  c.i.shared.config.DataInitializer - SUPER_ADMIN already exists, skipping initialization
2026-08-02 00:20:27 [tomcat-handler-0] INFO  c.i.auth.application.AuthService - Attempting login for email: supervisor@miempresa.com
2026-08-02 00:20:29 [tomcat-handler-0] INFO  c.i.auth.application.AuthService - Login successful for user: supervisor@miempresa.com in tenant: midemo
2026-08-02 00:20:30 [tomcat-handler-1] DEBUG c.i.s.w.NotificationWebSocketHandler - WebSocket connected: user=935532dc-b311-4071-851e-71e87089679a tenant=d563b428-b1a9-4bf3-af62-a175e92e8e18 sessions=1
2026-08-02 00:20:30 [tomcat-handler-2] DEBUG c.i.s.s.JwtAuthenticationFilter - User authenticated: 935532dc-b311-4071-851e-71e87089679a for tenant: d563b428-b1a9-4bf3-af62-a175e92e8e18
2026-08-02 00:20:31 [tomcat-handler-3] DEBUG c.i.s.s.JwtAuthenticationFilter - User authenticated: 935532dc-b311-4071-851e-71e87089679a for tenant: d563b428-b1a9-4bf3-af62-a175e92e8e18
2026-08-02 00:20:33 [tomcat-handler-4] DEBUG c.i.s.s.JwtAuthenticationFilter - User authenticated: 935532dc-b311-4071-851e-71e87089679a for tenant: d563b428-b1a9-4bf3-af62-a175e92e8e18
2026-08-02 00:20:33 [tomcat-handler-5] DEBUG c.i.s.s.JwtAuthenticationFilter - User authenticated: 935532dc-b311-4071-851e-71e87089679a for tenant: d563b428-b1a9-4bf3-af62-a175e92e8e18
2026-08-02 00:20:44 [tomcat-handler-6] INFO  c.i.a.i.c.WhatsAppWebhookController - === WEBHOOK WHATSAPP RECIBIDO ===
2026-08-02 00:20:44 [tomcat-handler-6] INFO  c.i.a.i.c.WhatsAppWebhookController - Instance: mi-whatsapp Event: messages.upsert
2026-08-02 00:20:44 [tomcat-handler-6] INFO  c.i.a.i.c.WhatsAppWebhookController - Payload - event: messages.upsert, instanceId: null, from: null, messageId: null, type: null, text: null
2026-08-02 00:20:44 [tomcat-handler-6] INFO  c.i.a.i.c.WhatsAppWebhookController - Payload - data present: SI, data keys: [key, pushName, status, message, messageType, messageTimestamp, instanceId, source]
2026-08-02 00:20:44 [tomcat-handler-6] INFO  c.i.o.a.WhatsAppWebhookAdapter - Processing Evolution webhook for instance=mi-whatsapp
2026-08-02 00:20:44 [tomcat-handler-6] DEBUG c.i.o.a.WhatsAppWebhookAdapter - Evolution webhook data={key={remoteJid=120363430297023467@g.us, fromMe=true, id=A5D03373E109C7900AA200EEAD150067, participant=181161838002355@lid, addressingMode=lid}, pushName=LuisDev, status=SERVER_ACK, message={conversation=Oli, messageContextInfo={threadId=[], messageSecret={0=196, 1=206, 2=186, 3=118, 4=198, 5=77, 6=122, 7=52, 8=242, 9=70, 10=109, 11=19, 12=88, 13=85, 14=56, 15=169, 16=168, 17=229, 18=105, 19=84, 20=93, 21=155, 22=37, 23=60, 24=176, 25=96, 26=247, 27=151, 28=137, 29=3, 30=118, 31=192}}}, messageType=conversation, messageTimestamp=1785648044, instanceId=50ca41c7-d60d-4ffa-bfc6-4328c6a10ad8, source=android}
2026-08-02 00:20:45 [tomcat-handler-6] INFO  c.i.o.a.WhatsAppWebhookAdapter - New WhatsApp message from +181161838002355 | type=conversation | msgId=A5D03373E109C7900AA200EEAD150067
2026-08-02 00:20:45 [tomcat-handler-6] INFO  c.i.o.a.WhatsAppWebhookAdapter - WhatsApp direction: OUTBOUND
2026-08-02 00:20:45 [tomcat-handler-6] WARN  c.i.a.i.w.EvolutionApiProvider - Error obteniendo nombre del grupo 120363430297023467@g.us (v2): 404 Not Found on POST request for "http://localhost:8080/group/findGroupInfos/mi-whatsapp": "{"status":404,"error":"Not Found","response":{"message":["Cannot POST /group/findGroupInfos/mi-whatsapp"]}}"
2026-08-02 00:20:45 [tomcat-handler-6] WARN  c.i.a.i.w.EvolutionApiProvider - Error obteniendo nombre del grupo 120363430297023467@g.us (v1): 404 Not Found on POST request for "http://localhost:8080/group/findGroupInfos": "{"status":404,"error":"Not Found","response":{"message":["Cannot POST /group/findGroupInfos"]}}"
2026-08-02 00:20:45 [tomcat-handler-6] INFO  c.i.o.a.WhatsAppWebhookAdapter - Incoming WhatsApp message processed: from=+181161838002355 direction=OUTBOUND type=TEXT content=Oli
2026-08-02 00:20:45 [tomcat-handler-6] INFO  c.i.o.a.ConversationOrchestrator - Orchestrator processing message from channel=WHATSAPP source=+181161838002355
2026-08-02 00:20:45 [tomcat-handler-6] INFO  c.i.o.a.ConversationOrchestrator - Orchestrator processing message from channel=WHATSAPP source=+181161838002355
2026-08-02 00:20:45 [tomcat-handler-6] INFO  c.i.o.a.pipeline.MessagePipeline - Starting message pipeline with 10 steps for channel: WHATSAPP
2026-08-02 00:20:45 [tomcat-handler-6] DEBUG c.i.o.a.pipeline.ValidationStep - Validation passed for message from channel=WHATSAPP source=+181161838002355
2026-08-02 00:20:45 [tomcat-handler-6] DEBUG c.i.o.a.pipeline.MessagePipeline - Pipeline step ValidationStep completed in 0ms
2026-08-02 00:20:45 [tomcat-handler-6] DEBUG c.i.o.a.p.TenantResolutionStep - Tenant resolved: id=d563b428-b1a9-4bf3-af62-a175e92e8e18 subdomain=midemo
2026-08-02 00:20:45 [tomcat-handler-6] DEBUG c.i.o.a.pipeline.MessagePipeline - Pipeline step TenantResolutionStep completed in 305ms
2026-08-02 00:20:45 [tomcat-handler-6] DEBUG c.i.o.a.p.ContactResolutionStep - Searching contact for tenant=d563b428-b1a9-4bf3-af62-a175e92e8e18 phone=+181161838002355
2026-08-02 00:20:45 [tomcat-handler-6] DEBUG c.i.o.a.p.ContactResolutionStep - Contact resolved: id=c0493771-3b81-450e-9585-d51a455f3f8f name=+181161838002355 phone=+181161838002355
2026-08-02 00:20:45 [tomcat-handler-6] DEBUG c.i.o.a.pipeline.MessagePipeline - Pipeline step ContactResolutionStep$$SpringCGLIB$$0 completed in 407ms
2026-08-02 00:20:46 [tomcat-handler-6] DEBUG c.i.o.i.event.SpringEventPublisher - Publishing event: type=CONVERSATION_CREATED tenantId=d563b428-b1a9-4bf3-af62-a175e92e8e18 conversationId=f3740abb-c720-4963-b9c1-712f646e92c1
2026-08-02 00:20:46 [orchestrator-event-1] INFO  c.i.o.i.event.AnalyticsEventListener - Analytics: Conversation created - tenantId=d563b428-b1a9-4bf3-af62-a175e92e8e18 conversationId=f3740abb-c720-4963-b9c1-712f646e92c1 channel=WHATSAPP
2026-08-02 00:20:46 [orchestrator-event-2] INFO  c.i.o.i.event.AuditEventListener - Audit: Conversation created - conversationId=f3740abb-c720-4963-b9c1-712f646e92c1 channel=WHATSAPP tenantId=d563b428-b1a9-4bf3-af62-a175e92e8e18
2026-08-02 00:20:46 [tomcat-handler-6] INFO  c.i.o.a.p.ConversationResolutionStep - New conversation created: id=f3740abb-c720-4963-b9c1-712f646e92c1 key=WHATSAPP:120363430297023467@g.us group=true subject=Grupo 120363430297023467
2026-08-02 00:20:46 [tomcat-handler-6] DEBUG c.i.o.a.p.ConversationResolutionStep - Conversation resolved: id=f3740abb-c720-4963-b9c1-712f646e92c1 status=OPEN channel=WHATSAPP conversationKey=WHATSAPP:120363430297023467@g.us
2026-08-02 00:20:46 [tomcat-handler-6] DEBUG c.i.o.a.pipeline.MessagePipeline - Pipeline step ConversationResolutionStep$$SpringCGLIB$$0 completed in 1111ms
2026-08-02 00:20:47 [tomcat-handler-6] DEBUG c.i.o.a.p.BotConfigurationResolutionStep - Bot configuration resolved: enabled=true aiProvider=GROQ
2026-08-02 00:20:47 [tomcat-handler-6] DEBUG c.i.o.a.pipeline.MessagePipeline - Pipeline step BotConfigurationResolutionStep completed in 396ms
2026-08-02 00:20:47 [tomcat-handler-6] DEBUG c.i.o.a.p.WorkingHoursResolutionStep - Working hours resolved: enabled=true isOpen=false
2026-08-02 00:20:47 [tomcat-handler-6] DEBUG c.i.o.a.pipeline.MessagePipeline - Pipeline step WorkingHoursResolutionStep completed in 180ms
2026-08-02 00:20:47 [tomcat-handler-6] DEBUG c.i.o.a.p.ConversationContextResolutionStep - Conversation context resolved: totalMessages=0 consecutiveBotResponses=0 firstMessage=true
2026-08-02 00:20:47 [tomcat-handler-6] DEBUG c.i.o.a.pipeline.MessagePipeline - Pipeline step ConversationContextResolutionStep completed in 190ms
2026-08-02 00:20:47 [tomcat-handler-6] DEBUG c.i.o.a.p.MessagePersistenceStep - Message persisted: id=114b1c04-1d5e-46be-ac41-df59912dffe8 conversation=f3740abb-c720-4963-b9c1-712f646e92c1 type=TEXT
2026-08-02 00:20:48 [tomcat-handler-6] DEBUG c.i.o.a.pipeline.MessagePipeline - Pipeline step MessagePersistenceStep$$SpringCGLIB$$0 completed in 932ms
2026-08-02 00:20:48 [tomcat-handler-6] DEBUG c.i.o.a.pipeline.MetricsUpdateStep - Metrics updated: contact=c0493771-3b81-450e-9585-d51a455f3f8f conversation=f3740abb-c720-4963-b9c1-712f646e92c1
2026-08-02 00:20:48 [tomcat-handler-6] DEBUG c.i.o.a.pipeline.MessagePipeline - Pipeline step MetricsUpdateStep$$SpringCGLIB$$0 completed in 348ms
2026-08-02 00:20:48 [tomcat-handler-6] INFO  c.i.o.application.pipeline.AuditStep - AUDIT|tenantId=d563b428-b1a9-4bf3-af62-a175e92e8e18|conversationId=f3740abb-c720-4963-b9c1-712f646e92c1|contactId=c0493771-3b81-450e-9585-d51a455f3f8f|messageId=A5D03373E109C7900AA200EEAD150067|channel=WHATSAPP|type=TEXT
2026-08-02 00:20:48 [tomcat-handler-6] DEBUG c.i.o.a.pipeline.MessagePipeline - Pipeline step AuditStep completed in 0ms
2026-08-02 00:20:48 [tomcat-handler-6] INFO  c.i.o.a.pipeline.MessagePipeline - Message pipeline completed in 3871ms
2026-08-02 00:20:48 [tomcat-handler-6] DEBUG c.i.o.i.event.SpringEventPublisher - Publishing event: type=MESSAGE_RECEIVED tenantId=d563b428-b1a9-4bf3-af62-a175e92e8e18 conversationId=f3740abb-c720-4963-b9c1-712f646e92c1
2026-08-02 00:20:48 [orchestrator-event-4] INFO  c.i.o.i.event.AnalyticsEventListener - Analytics: Message received - tenantId=d563b428-b1a9-4bf3-af62-a175e92e8e18 conversationId=f3740abb-c720-4963-b9c1-712f646e92c1 channel=WHATSAPP
2026-08-02 00:20:48 [tomcat-handler-6] DEBUG c.i.o.a.decision.DecisionEngineImpl - Running decision engine with 3 strategies
2026-08-02 00:20:48 [tomcat-handler-6] DEBUG c.i.o.a.d.AgentAssignmentStrategy - No agent assigned and conversation is OPEN, assigning agent
2026-08-02 00:20:48 [orchestrator-event-5] DEBUG c.i.o.i.event.AuditEventListener - Persisting audit log for message received: messageId=A5D03373E109C7900AA200EEAD150067
2026-08-02 00:20:48 [tomcat-handler-6] DEBUG c.i.o.a.decision.DecisionEngineImpl - Strategy AgentAssignmentStrategy decided: action=ASSIGN_AGENT reason=Conversation requires human agent
2026-08-02 00:20:48 [tomcat-handler-6] DEBUG c.i.o.a.action.ActionDispatcher - Dispatching action: ASSIGN_AGENT to executor: AssignAgentExecutor$$SpringCGLIB$$0
2026-08-02 00:20:50 [tomcat-handler-6] DEBUG c.i.o.i.event.SpringEventPublisher - Publishing event: type=AGENT_ASSIGNED tenantId=d563b428-b1a9-4bf3-af62-a175e92e8e18 conversationId=f3740abb-c720-4963-b9c1-712f646e92c1
2026-08-02 00:20:50 [orchestrator-event-2] INFO  c.i.o.i.event.AnalyticsEventListener - Analytics: Agent assigned - tenantId=d563b428-b1a9-4bf3-af62-a175e92e8e18 conversationId=f3740abb-c720-4963-b9c1-712f646e92c1 agentId=95e009fb-66e9-437c-9d35-be4df58d425f
2026-08-02 00:20:50 [orchestrator-event-3] INFO  c.i.o.i.event.AuditEventListener - Audit: Agent assigned - conversationId=f3740abb-c720-4963-b9c1-712f646e92c1 agentId=95e009fb-66e9-437c-9d35-be4df58d425f tenantId=d563b428-b1a9-4bf3-af62-a175e92e8e18
2026-08-02 00:20:51 [tomcat-handler-6] INFO  c.i.o.a.action.AssignAgentExecutor - Conversation f3740abb-c720-4963-b9c1-712f646e92c1 assigned to agent 95e009fb-66e9-437c-9d35-be4df58d425f (least busy, 1 active conversations)
2026-08-02 00:20:51 [orchestrator-event-4] INFO  c.i.n.a.NotificationService - Notification created: bcbbd8f6-c59c-458e-91a5-5db719863e55 for user: 95e009fb-66e9-437c-9d35-be4df58d425f
2026-08-02 00:20:51 [tomcat-handler-6] DEBUG c.i.o.i.event.SpringEventPublisher - Publishing event: type=ACTION_EXECUTED tenantId=d563b428-b1a9-4bf3-af62-a175e92e8e18 conversationId=f3740abb-c720-4963-b9c1-712f646e92c1
2026-08-02 00:20:51 [orchestrator-event-5] DEBUG c.i.o.i.event.AnalyticsEventListener - Analytics: Action executed - tenantId=d563b428-b1a9-4bf3-af62-a175e92e8e18 conversationId=f3740abb-c720-4963-b9c1-712f646e92c1 action=ASSIGN_AGENT time=6185ms
2026-08-02 00:20:51 [orchestrator-event-1] DEBUG c.i.o.i.event.AuditEventListener - Audit: Action executed - action=ASSIGN_AGENT processingTime=6185ms tenantId=d563b428-b1a9-4bf3-af62-a175e92e8e18
2026-08-02 00:20:51 [orchestrator-event-1] DEBUG c.i.o.i.e.NotificationEventListener - Action executed event processed: action=ASSIGN_AGENT
2026-08-02 00:20:51 [tomcat-handler-6] INFO  c.i.o.a.ConversationOrchestrator - Message processed successfully in 6187ms. decision=ASSIGN_AGENT
2026-08-02 00:20:51 [orchestrator-event-5] DEBUG c.i.o.i.m.OrchestratorMetricsService - Metrics recorded: channel=WHATSAPP action=ASSIGN_AGENT time=6185ms
2026-08-02 00:20:51 [tomcat-handler-6] INFO  c.i.a.i.c.WhatsAppWebhookController - === WEBHOOK PROCESADO EXITOSAMENTE ===
2026-08-02 00:20:52 [tomcat-handler-7] DEBUG c.i.s.w.NotificationWebSocketHandler - User 935532dc-b311-4071-851e-71e87089679a left conversation f3740abb-c720-4963-b9c1-712f646e92c1
2026-08-02 00:20:52 [tomcat-handler-7] DEBUG c.i.s.w.NotificationWebSocketHandler - User 935532dc-b311-4071-851e-71e87089679a joined conversation f3740abb-c720-4963-b9c1-712f646e92c1 (1 subscribers)
2026-08-02 00:20:52 [tomcat-handler-9] DEBUG c.i.s.s.JwtAuthenticationFilter - User authenticated: 935532dc-b311-4071-851e-71e87089679a for tenant: d563b428-b1a9-4bf3-af62-a175e92e8e18
2026-08-02 00:20:52 [tomcat-handler-8] DEBUG c.i.s.s.JwtAuthenticationFilter - User authenticated: 935532dc-b311-4071-851e-71e87089679a for tenant: d563b428-b1a9-4bf3-af62-a175e92e8e18
2026-08-02 00:20:53 [tomcat-handler-10] DEBUG c.i.s.s.JwtAuthenticationFilter - User authenticated: 935532dc-b311-4071-851e-71e87089679a for tenant: d563b428-b1a9-4bf3-af62-a175e92e8e18
2026-08-02 00:20:54 [tomcat-handler-10] INFO  c.i.c.a.ConversationService - Marked 0 messages as read in conversation f3740abb-c720-4963-b9c1-712f646e92c1 for tenant d563b428-b1a9-4bf3-af62-a175e92e8e18 (conversation rows updated=1)
2026-08-02 00:22:09 [tomcat-handler-12] INFO  c.i.a.i.c.WhatsAppWebhookController - === WEBHOOK WHATSAPP RECIBIDO ===
2026-08-02 00:22:09 [tomcat-handler-12] INFO  c.i.a.i.c.WhatsAppWebhookController - Instance: mi-whatsapp Event: messages.upsert
2026-08-02 00:22:09 [tomcat-handler-12] INFO  c.i.a.i.c.WhatsAppWebhookController - Payload - event: messages.upsert, instanceId: null, from: null, messageId: null, type: null, text: null
2026-08-02 00:22:09 [tomcat-handler-12] INFO  c.i.a.i.c.WhatsAppWebhookController - Payload - data present: SI, data keys: [key, pushName, status, message, messageType, messageTimestamp, instanceId, source]
2026-08-02 00:22:09 [tomcat-handler-12] INFO  c.i.o.a.WhatsAppWebhookAdapter - Processing Evolution webhook for instance=mi-whatsapp
2026-08-02 00:22:09 [tomcat-handler-12] DEBUG c.i.o.a.WhatsAppWebhookAdapter - Evolution webhook data={key={remoteJid=51969302544@s.whatsapp.net, remoteJidAlt=51969302544@s.whatsapp.net, fromMe=true, id=A5B4EC41B7DFE6B8053B75FCA89028D5, participant=, addressingMode=lid}, pushName=LuisDev, status=SERVER_ACK, message={conversation=Hahhshshsh}, messageType=conversation, messageTimestamp=1785648128, instanceId=50ca41c7-d60d-4ffa-bfc6-4328c6a10ad8, source=android}
2026-08-02 00:22:09 [tomcat-handler-12] INFO  c.i.o.a.WhatsAppWebhookAdapter - New WhatsApp message from +51969302544 | type=conversation | msgId=A5B4EC41B7DFE6B8053B75FCA89028D5
2026-08-02 00:22:09 [tomcat-handler-12] INFO  c.i.o.a.WhatsAppWebhookAdapter - WhatsApp direction: OUTBOUND
2026-08-02 00:22:09 [tomcat-handler-12] INFO  c.i.o.a.WhatsAppWebhookAdapter - Incoming WhatsApp message processed: from=+51969302544 direction=OUTBOUND type=TEXT content=Hahhshshsh
2026-08-02 00:22:09 [tomcat-handler-12] INFO  c.i.o.a.ConversationOrchestrator - Orchestrator processing message from channel=WHATSAPP source=+51969302544
2026-08-02 00:22:09 [tomcat-handler-12] INFO  c.i.o.a.ConversationOrchestrator - Orchestrator processing message from channel=WHATSAPP source=+51969302544
2026-08-02 00:22:09 [tomcat-handler-12] INFO  c.i.o.a.pipeline.MessagePipeline - Starting message pipeline with 10 steps for channel: WHATSAPP
2026-08-02 00:22:09 [tomcat-handler-12] DEBUG c.i.o.a.pipeline.ValidationStep - Validation passed for message from channel=WHATSAPP source=+51969302544
2026-08-02 00:22:09 [tomcat-handler-12] DEBUG c.i.o.a.pipeline.MessagePipeline - Pipeline step ValidationStep completed in 0ms
2026-08-02 00:22:09 [tomcat-handler-12] DEBUG c.i.o.a.p.TenantResolutionStep - Tenant resolved: id=d563b428-b1a9-4bf3-af62-a175e92e8e18 subdomain=midemo
2026-08-02 00:22:09 [tomcat-handler-12] DEBUG c.i.o.a.pipeline.MessagePipeline - Pipeline step TenantResolutionStep completed in 380ms
2026-08-02 00:22:09 [tomcat-handler-12] DEBUG c.i.o.a.p.ContactResolutionStep - Searching contact for tenant=d563b428-b1a9-4bf3-af62-a175e92e8e18 phone=+51969302544
2026-08-02 00:22:10 [tomcat-handler-12] DEBUG c.i.o.a.p.ContactResolutionStep - Contact resolved: id=d16cb840-ef2f-4ce4-b9e9-910e0653f18a name=Adriano_ 😀 phone=+51969302544
2026-08-02 00:22:10 [tomcat-handler-12] DEBUG c.i.o.a.pipeline.MessagePipeline - Pipeline step ContactResolutionStep$$SpringCGLIB$$0 completed in 380ms
2026-08-02 00:22:10 [tomcat-handler-12] DEBUG c.i.o.i.event.SpringEventPublisher - Publishing event: type=CONVERSATION_CREATED tenantId=d563b428-b1a9-4bf3-af62-a175e92e8e18 conversationId=44df5fba-0137-4028-ae13-f783910f3c58
2026-08-02 00:22:10 [tomcat-handler-12] INFO  c.i.o.a.p.ConversationResolutionStep - New conversation created: id=44df5fba-0137-4028-ae13-f783910f3c58 key=WHATSAPP:51969302544@s.whatsapp.net group=false subject=null
2026-08-02 00:22:10 [orchestrator-event-3] INFO  c.i.o.i.event.AuditEventListener - Audit: Conversation created - conversationId=44df5fba-0137-4028-ae13-f783910f3c58 channel=WHATSAPP tenantId=d563b428-b1a9-4bf3-af62-a175e92e8e18
2026-08-02 00:22:10 [orchestrator-event-2] INFO  c.i.o.i.event.AnalyticsEventListener - Analytics: Conversation created - tenantId=d563b428-b1a9-4bf3-af62-a175e92e8e18 conversationId=44df5fba-0137-4028-ae13-f783910f3c58 channel=WHATSAPP
2026-08-02 00:22:10 [tomcat-handler-12] DEBUG c.i.o.a.p.ConversationResolutionStep - Conversation resolved: id=44df5fba-0137-4028-ae13-f783910f3c58 status=OPEN channel=WHATSAPP conversationKey=WHATSAPP:51969302544@s.whatsapp.net
2026-08-02 00:22:11 [tomcat-handler-12] DEBUG c.i.o.a.pipeline.MessagePipeline - Pipeline step ConversationResolutionStep$$SpringCGLIB$$0 completed in 1140ms
2026-08-02 00:22:11 [tomcat-handler-12] DEBUG c.i.o.a.p.BotConfigurationResolutionStep - Bot configuration resolved: enabled=true aiProvider=GROQ
2026-08-02 00:22:11 [tomcat-handler-12] DEBUG c.i.o.a.pipeline.MessagePipeline - Pipeline step BotConfigurationResolutionStep completed in 417ms
2026-08-02 00:22:12 [tomcat-handler-12] DEBUG c.i.o.a.p.WorkingHoursResolutionStep - Working hours resolved: enabled=true isOpen=false
2026-08-02 00:22:12 [tomcat-handler-12] DEBUG c.i.o.a.pipeline.MessagePipeline - Pipeline step WorkingHoursResolutionStep completed in 335ms
2026-08-02 00:22:12 [tomcat-handler-12] DEBUG c.i.o.a.p.ConversationContextResolutionStep - Conversation context resolved: totalMessages=0 consecutiveBotResponses=0 firstMessage=true
2026-08-02 00:22:12 [tomcat-handler-12] DEBUG c.i.o.a.pipeline.MessagePipeline - Pipeline step ConversationContextResolutionStep completed in 236ms
2026-08-02 00:22:12 [tomcat-handler-12] DEBUG c.i.o.a.p.MessagePersistenceStep - Message persisted: id=07bf49b2-b6cd-4ff6-aadc-c11fe5490508 conversation=44df5fba-0137-4028-ae13-f783910f3c58 type=TEXT
2026-08-02 00:22:12 [tomcat-handler-12] DEBUG c.i.o.a.pipeline.MessagePipeline - Pipeline step MessagePersistenceStep$$SpringCGLIB$$0 completed in 540ms
2026-08-02 00:22:13 [tomcat-handler-12] DEBUG c.i.o.a.pipeline.MetricsUpdateStep - Metrics updated: contact=d16cb840-ef2f-4ce4-b9e9-910e0653f18a conversation=44df5fba-0137-4028-ae13-f783910f3c58
2026-08-02 00:22:13 [tomcat-handler-12] DEBUG c.i.o.a.pipeline.MessagePipeline - Pipeline step MetricsUpdateStep$$SpringCGLIB$$0 completed in 369ms
2026-08-02 00:22:13 [tomcat-handler-12] INFO  c.i.o.application.pipeline.AuditStep - AUDIT|tenantId=d563b428-b1a9-4bf3-af62-a175e92e8e18|conversationId=44df5fba-0137-4028-ae13-f783910f3c58|contactId=d16cb840-ef2f-4ce4-b9e9-910e0653f18a|messageId=A5B4EC41B7DFE6B8053B75FCA89028D5|channel=WHATSAPP|type=TEXT
2026-08-02 00:22:13 [tomcat-handler-12] DEBUG c.i.o.a.pipeline.MessagePipeline - Pipeline step AuditStep completed in 0ms
2026-08-02 00:22:13 [tomcat-handler-12] INFO  c.i.o.a.pipeline.MessagePipeline - Message pipeline completed in 3801ms
2026-08-02 00:22:13 [tomcat-handler-12] DEBUG c.i.o.i.event.SpringEventPublisher - Publishing event: type=MESSAGE_RECEIVED tenantId=d563b428-b1a9-4bf3-af62-a175e92e8e18 conversationId=44df5fba-0137-4028-ae13-f783910f3c58
2026-08-02 00:22:13 [tomcat-handler-12] DEBUG c.i.o.a.decision.DecisionEngineImpl - Running decision engine with 3 strategies
2026-08-02 00:22:13 [orchestrator-event-4] DEBUG c.i.o.i.event.AuditEventListener - Persisting audit log for message received: messageId=A5B4EC41B7DFE6B8053B75FCA89028D5
2026-08-02 00:22:13 [orchestrator-event-5] INFO  c.i.o.i.event.AnalyticsEventListener - Analytics: Message received - tenantId=d563b428-b1a9-4bf3-af62-a175e92e8e18 conversationId=44df5fba-0137-4028-ae13-f783910f3c58 channel=WHATSAPP
2026-08-02 00:22:13 [tomcat-handler-12] DEBUG c.i.o.a.d.AgentAssignmentStrategy - No agent assigned and conversation is OPEN, assigning agent
2026-08-02 00:22:13 [tomcat-handler-12] DEBUG c.i.o.a.decision.DecisionEngineImpl - Strategy AgentAssignmentStrategy decided: action=ASSIGN_AGENT reason=Conversation requires human agent
2026-08-02 00:22:13 [tomcat-handler-12] DEBUG c.i.o.a.action.ActionDispatcher - Dispatching action: ASSIGN_AGENT to executor: AssignAgentExecutor$$SpringCGLIB$$0
2026-08-02 00:22:15 [tomcat-handler-12] DEBUG c.i.o.i.event.SpringEventPublisher - Publishing event: type=AGENT_ASSIGNED tenantId=d563b428-b1a9-4bf3-af62-a175e92e8e18 conversationId=44df5fba-0137-4028-ae13-f783910f3c58
2026-08-02 00:22:15 [orchestrator-event-2] INFO  c.i.o.i.event.AuditEventListener - Audit: Agent assigned - conversationId=44df5fba-0137-4028-ae13-f783910f3c58 agentId=935532dc-b311-4071-851e-71e87089679a tenantId=d563b428-b1a9-4bf3-af62-a175e92e8e18
2026-08-02 00:22:15 [orchestrator-event-1] INFO  c.i.o.i.event.AnalyticsEventListener - Analytics: Agent assigned - tenantId=d563b428-b1a9-4bf3-af62-a175e92e8e18 conversationId=44df5fba-0137-4028-ae13-f783910f3c58 agentId=935532dc-b311-4071-851e-71e87089679a
2026-08-02 00:22:15 [tomcat-handler-12] INFO  c.i.o.a.action.AssignAgentExecutor - Conversation 44df5fba-0137-4028-ae13-f783910f3c58 assigned to agent 935532dc-b311-4071-851e-71e87089679a (least busy, 1 active conversations)
2026-08-02 00:22:15 [tomcat-handler-12] DEBUG c.i.o.i.event.SpringEventPublisher - Publishing event: type=ACTION_EXECUTED tenantId=d563b428-b1a9-4bf3-af62-a175e92e8e18 conversationId=44df5fba-0137-4028-ae13-f783910f3c58
2026-08-02 00:22:15 [orchestrator-event-4] INFO  c.i.n.a.NotificationService - Notification created: 97ed717f-19cc-479a-a235-680fc7e3d586 for user: 935532dc-b311-4071-851e-71e87089679a
2026-08-02 00:22:15 [tomcat-handler-12] INFO  c.i.o.a.ConversationOrchestrator - Message processed successfully in 6326ms. decision=ASSIGN_AGENT
2026-08-02 00:22:15 [orchestrator-event-3] DEBUG c.i.o.i.event.AuditEventListener - Audit: Action executed - action=ASSIGN_AGENT processingTime=6319ms tenantId=d563b428-b1a9-4bf3-af62-a175e92e8e18
2026-08-02 00:22:15 [orchestrator-event-5] DEBUG c.i.o.i.event.AnalyticsEventListener - Analytics: Action executed - tenantId=d563b428-b1a9-4bf3-af62-a175e92e8e18 conversationId=44df5fba-0137-4028-ae13-f783910f3c58 action=ASSIGN_AGENT time=6319ms
2026-08-02 00:22:15 [orchestrator-event-2] DEBUG c.i.o.i.e.NotificationEventListener - Action executed event processed: action=ASSIGN_AGENT
2026-08-02 00:22:15 [tomcat-handler-12] INFO  c.i.a.i.c.WhatsAppWebhookController - === WEBHOOK PROCESADO EXITOSAMENTE ===
2026-08-02 00:22:15 [orchestrator-event-5] DEBUG c.i.o.i.m.OrchestratorMetricsService - Metrics recorded: channel=WHATSAPP action=ASSIGN_AGENT time=6319ms
2026-08-02 00:23:17 [File Watcher] INFO  o.s.b.d.a.LocalDevToolsAutoConfiguration$RestartingClassPathChangeChangedEventListener - Restarting due to 1 class path change (0 additions, 0 deletions, 1 modification)
2026-08-02 00:23:17 [Thread-5] INFO  o.s.b.w.e.tomcat.GracefulShutdown - Commencing graceful shutdown. Waiting for active requests to complete
2026-08-02 00:23:17 [tomcat-shutdown] INFO  o.s.b.w.e.tomcat.GracefulShutdown - Graceful shutdown complete
2026-08-02 00:23:17 [Thread-5] INFO  o.s.o.j.LocalContainerEntityManagerFactoryBean - Closing JPA EntityManagerFactory for persistence unit 'default'
2026-08-02 00:23:17 [Thread-5] INFO  com.zaxxer.hikari.HikariDataSource - HikariPool-1 - Shutdown initiated...
2026-08-02 00:23:18 [Thread-5] INFO  com.zaxxer.hikari.HikariDataSource - HikariPool-1 - Shutdown completed.
2026-08-02 00:23:18 [Thread-5] DEBUG c.i.s.w.NotificationWebSocketHandler - WebSocket transport error: user=935532dc-b311-4071-851e-71e87089679a error=java.nio.channels.ClosedChannelException
2026-08-02 00:23:18 [Thread-5] DEBUG c.i.s.w.NotificationWebSocketHandler - WebSocket disconnected: user=935532dc-b311-4071-851e-71e87089679a status=CloseStatus[code=1001, reason=The web application is stopping]
2026-08-02 00:23:19 [restartedMain] INFO  com.iquenobot.IquenobotApplication - Starting IquenobotApplication using Java 21.0.11 with PID 27400 (C:\Users\luisv\OneDrive\Escritorio\cloniquenobot\iquenobot\target\classes started by luisv in C:\Users\luisv\OneDrive\Escritorio\cloniquenobot\iquenobot)
2026-08-02 00:23:19 [restartedMain] DEBUG com.iquenobot.IquenobotApplication - Running with Spring Boot v3.4.4, Spring v6.2.5
2026-08-02 00:23:19 [restartedMain] INFO  com.iquenobot.IquenobotApplication - The following 1 profile is active: "dev"
2026-08-02 00:23:19 [restartedMain] INFO  o.s.d.r.c.RepositoryConfigurationDelegate - Bootstrapping Spring Data JPA repositories in DEFAULT mode.
2026-08-02 00:23:20 [restartedMain] INFO  o.s.d.r.c.RepositoryConfigurationDelegate - Finished Spring Data repository scanning in 185 ms. Found 22 JPA repository interfaces.
2026-08-02 00:23:20 [restartedMain] INFO  o.s.b.w.e.tomcat.TomcatWebServer - Tomcat initialized with port 8085 (http)
2026-08-02 00:23:20 [restartedMain] INFO  o.a.catalina.core.StandardService - Starting service [Tomcat]
2026-08-02 00:23:20 [restartedMain] INFO  o.a.catalina.core.StandardEngine - Starting Servlet engine: [Apache Tomcat/10.1.39]
2026-08-02 00:23:20 [restartedMain] INFO  o.a.c.c.C.[Tomcat].[localhost].[/] - Initializing Spring embedded WebApplicationContext
2026-08-02 00:23:20 [restartedMain] INFO  o.s.b.w.s.c.ServletWebServerApplicationContext - Root WebApplicationContext: initialization completed in 1550 ms
2026-08-02 00:23:20 [restartedMain] INFO  com.zaxxer.hikari.HikariDataSource - HikariPool-2 - Starting...
2026-08-02 00:23:22 [restartedMain] INFO  com.zaxxer.hikari.pool.HikariPool - HikariPool-2 - Added connection org.postgresql.jdbc.PgConnection@2ca71bc2
2026-08-02 00:23:22 [restartedMain] INFO  com.zaxxer.hikari.HikariDataSource - HikariPool-2 - Start completed.
2026-08-02 00:23:22 [restartedMain] INFO  org.flywaydb.core.FlywayExecutor - Database: jdbc:postgresql://ep-delicate-bird-axk10rcp-pooler.c-4.us-east-2.aws.neon.tech:5432/neondb?sslmode=require (PostgreSQL 18.4)
2026-08-02 00:23:23 [restartedMain] WARN  o.f.c.i.database.base.Database - Flyway upgrade recommended: PostgreSQL 18.4 is newer than this version of Flyway and support has not been tested. The latest supported version of PostgreSQL is 17.
2026-08-02 00:23:24 [restartedMain] INFO  o.f.core.internal.command.DbValidate - Successfully validated 34 migrations (execution time 00:00.647s)
2026-08-02 00:23:26 [restartedMain] INFO  o.f.core.internal.command.DbMigrate - Current version of schema "public": 034
2026-08-02 00:23:26 [restartedMain] INFO  o.f.core.internal.command.DbMigrate - Schema "public" is up to date. No migration necessary.
2026-08-02 00:23:27 [restartedMain] INFO  o.h.jpa.internal.util.LogHelper - HHH000204: Processing PersistenceUnitInfo [name: default]
2026-08-02 00:23:27 [restartedMain] INFO  o.h.c.i.RegionFactoryInitiator - HHH000026: Second-level cache disabled
2026-08-02 00:23:27 [restartedMain] INFO  o.s.o.j.p.SpringPersistenceUnitInfo - No LoadTimeWeaver setup: ignoring JPA class transformer
2026-08-02 00:23:27 [restartedMain] WARN  org.hibernate.orm.deprecation - HHH90000025: PostgreSQLDialect does not need to be specified explicitly using 'hibernate.dialect' (remove the property setting and it will be selected by default)
2026-08-02 00:23:28 [restartedMain] INFO  o.hibernate.orm.connections.pooling - HHH10001005: Database info:
	Database JDBC URL [Connecting through datasource 'HikariDataSource (HikariPool-2)']
	Database driver: undefined/unknown
	Database version: 18.4
	Autocommit mode: undefined/unknown
	Isolation level: undefined/unknown
	Minimum pool size: undefined/unknown
	Maximum pool size: undefined/unknown
2026-08-02 00:23:29 [restartedMain] INFO  o.h.e.t.j.p.i.JtaPlatformInitiator - HHH000489: No JTA platform available (set 'hibernate.transaction.jta.platform' to enable JTA platform integration)
2026-08-02 00:23:30 [restartedMain] INFO  o.s.o.j.LocalContainerEntityManagerFactoryBean - Initialized JPA EntityManagerFactory for persistence unit 'default'
2026-08-02 00:23:30 [restartedMain] DEBUG c.i.s.s.JwtAuthenticationFilter - Filter 'jwtAuthenticationFilter' configured for use
2026-08-02 00:23:31 [restartedMain] INFO  c.i.o.a.decision.DecisionEngineImpl - DecisionEngine initialized with 3 strategies
2026-08-02 00:23:31 [restartedMain] INFO  c.i.s.i.storage.LocalStorageService - LocalStorageService initialized at: C:\Users\luisv\OneDrive\Escritorio\cloniquenobot\iquenobot\uploads
2026-08-02 00:23:31 [restartedMain] INFO  c.i.o.a.action.ActionDispatcher - ActionDispatcher initialized with 15 executors
2026-08-02 00:23:31 [restartedMain] INFO  c.i.s.application.FileUploadService - File upload directory created at: C:\Users\luisv\OneDrive\Escritorio\cloniquenobot\iquenobot\uploads
2026-08-02 00:23:33 [restartedMain] INFO  c.i.o.i.config.AsyncConfig - Orchestrator event executor initialized: core=5 max=20 queue=500
2026-08-02 00:23:33 [restartedMain] WARN  o.s.b.a.s.s.UserDetailsServiceAutoConfiguration - 

Using generated security password: 949a7ea8-68b4-4395-8901-1cff2747f914

This generated password is for development use only. Your security configuration must be updated before running your application in production.

2026-08-02 00:23:33 [restartedMain] INFO  o.s.b.a.e.web.EndpointLinksResolver - Exposing 3 endpoints beneath base path '/actuator'
2026-08-02 00:23:34 [restartedMain] INFO  o.s.b.d.a.OptionalLiveReloadServer - LiveReload server is running on port 35729
2026-08-02 00:23:34 [restartedMain] INFO  o.s.b.w.e.tomcat.TomcatWebServer - Tomcat started on port 8085 (http) with context path '/'
2026-08-02 00:23:34 [restartedMain] INFO  com.iquenobot.IquenobotApplication - Started IquenobotApplication in 15.503 seconds (process running for 216.017)
2026-08-02 00:23:34 [restartedMain] INFO  c.i.shared.config.DataInitializer - Plans already seeded, skipping
2026-08-02 00:23:35 [restartedMain] INFO  c.i.shared.config.DataInitializer - SUPER_ADMIN already exists, skipping initialization
2026-08-02 00:23:35 [restartedMain] INFO  o.s.b.d.a.ConditionEvaluationDeltaLoggingListener - Condition evaluation unchanged
2026-08-02 00:23:35 [tomcat-handler-0] INFO  o.a.c.c.C.[Tomcat].[localhost].[/] - Initializing Spring DispatcherServlet 'dispatcherServlet'
2026-08-02 00:23:35 [tomcat-handler-0] INFO  o.s.web.servlet.DispatcherServlet - Initializing Servlet 'dispatcherServlet'
2026-08-02 00:23:35 [tomcat-handler-0] INFO  o.s.web.servlet.DispatcherServlet - Completed initialization in 3 ms
2026-08-02 00:23:35 [tomcat-handler-0] DEBUG c.i.s.w.NotificationWebSocketHandler - WebSocket connected: user=935532dc-b311-4071-851e-71e87089679a tenant=d563b428-b1a9-4bf3-af62-a175e92e8e18 sessions=1
2026-08-02 00:23:35 [tomcat-handler-1] DEBUG c.i.s.w.NotificationWebSocketHandler - User 935532dc-b311-4071-851e-71e87089679a joined conversation f3740abb-c720-4963-b9c1-712f646e92c1 (1 subscribers)
2026-08-02 00:24:16 [tomcat-handler-2] DEBUG c.i.s.w.NotificationWebSocketHandler - WebSocket disconnected: user=935532dc-b311-4071-851e-71e87089679a status=CloseStatus[code=1001, reason=null]
2026-08-02 00:24:17 [tomcat-handler-3] DEBUG c.i.auth.application.AuthService - Refreshing token
2026-08-02 00:24:17 [tomcat-handler-4] DEBUG c.i.auth.application.AuthService - Refreshing token
2026-08-02 00:24:17 [tomcat-handler-4] DEBUG c.i.auth.application.AuthService - Token refreshed successfully for user: supervisor@miempresa.com
2026-08-02 00:24:17 [tomcat-handler-3] DEBUG c.i.auth.application.AuthService - Token refreshed successfully for user: supervisor@miempresa.com
2026-08-02 00:24:17 [tomcat-handler-5] DEBUG c.i.s.w.NotificationWebSocketHandler - WebSocket connected: user=935532dc-b311-4071-851e-71e87089679a tenant=d563b428-b1a9-4bf3-af62-a175e92e8e18 sessions=1
2026-08-02 00:24:18 [tomcat-handler-6] INFO  c.i.auth.application.AuthService - Attempting login for email: supervisor@miempresa.com
2026-08-02 00:24:20 [tomcat-handler-6] INFO  c.i.auth.application.AuthService - Login successful for user: supervisor@miempresa.com in tenant: midemo
2026-08-02 00:24:21 [tomcat-handler-7] DEBUG c.i.s.s.JwtAuthenticationFilter - User authenticated: 935532dc-b311-4071-851e-71e87089679a for tenant: d563b428-b1a9-4bf3-af62-a175e92e8e18
2026-08-02 00:24:25 [tomcat-handler-8] DEBUG c.i.s.s.JwtAuthenticationFilter - User authenticated: 935532dc-b311-4071-851e-71e87089679a for tenant: d563b428-b1a9-4bf3-af62-a175e92e8e18
2026-08-02 00:24:26 [tomcat-handler-9] DEBUG c.i.s.s.JwtAuthenticationFilter - User authenticated: 935532dc-b311-4071-851e-71e87089679a for tenant: d563b428-b1a9-4bf3-af62-a175e92e8e18
2026-08-02 00:24:36 [tomcat-handler-10] DEBUG c.i.s.w.NotificationWebSocketHandler - WebSocket disconnected: user=935532dc-b311-4071-851e-71e87089679a status=CloseStatus[code=1001, reason=null]
2026-08-02 00:24:37 [tomcat-handler-11] DEBUG c.i.auth.application.AuthService - Refreshing token
2026-08-02 00:24:37 [tomcat-handler-12] DEBUG c.i.auth.application.AuthService - Refreshing token
2026-08-02 00:24:37 [tomcat-handler-11] DEBUG c.i.auth.application.AuthService - Token refreshed successfully for user: supervisor@miempresa.com
2026-08-02 00:24:37 [tomcat-handler-12] DEBUG c.i.auth.application.AuthService - Token refreshed successfully for user: supervisor@miempresa.com
2026-08-02 00:24:38 [tomcat-handler-13] DEBUG c.i.s.w.NotificationWebSocketHandler - WebSocket connected: user=935532dc-b311-4071-851e-71e87089679a tenant=d563b428-b1a9-4bf3-af62-a175e92e8e18 sessions=1
2026-08-02 00:24:38 [tomcat-handler-14] INFO  c.i.auth.application.AuthService - Attempting login for email: supervisor@miempresa.com
2026-08-02 00:24:39 [tomcat-handler-14] INFO  c.i.auth.application.AuthService - Login successful for user: supervisor@miempresa.com in tenant: midemo
2026-08-02 00:24:40 [tomcat-handler-15] DEBUG c.i.s.s.JwtAuthenticationFilter - User authenticated: 935532dc-b311-4071-851e-71e87089679a for tenant: d563b428-b1a9-4bf3-af62-a175e92e8e18
2026-08-02 00:24:42 [tomcat-handler-16] DEBUG c.i.s.s.JwtAuthenticationFilter - User authenticated: 935532dc-b311-4071-851e-71e87089679a for tenant: d563b428-b1a9-4bf3-af62-a175e92e8e18
2026-08-02 00:24:51 [tomcat-handler-17] INFO  c.i.a.i.c.WhatsAppWebhookController - === WEBHOOK WHATSAPP RECIBIDO ===
2026-08-02 00:24:51 [tomcat-handler-17] INFO  c.i.a.i.c.WhatsAppWebhookController - Instance: mi-whatsapp Event: messages.upsert
2026-08-02 00:24:51 [tomcat-handler-17] INFO  c.i.a.i.c.WhatsAppWebhookController - Payload - event: messages.upsert, instanceId: null, from: null, messageId: null, type: null, text: null
2026-08-02 00:24:51 [tomcat-handler-17] INFO  c.i.a.i.c.WhatsAppWebhookController - Payload - data present: SI, data keys: [key, pushName, status, message, messageType, messageTimestamp, instanceId, source]
2026-08-02 00:24:51 [tomcat-handler-17] INFO  c.i.o.a.WhatsAppWebhookAdapter - Processing Evolution webhook for instance=mi-whatsapp
2026-08-02 00:24:51 [tomcat-handler-17] DEBUG c.i.o.a.WhatsAppWebhookAdapter - Evolution webhook data={key={remoteJid=120363430297023467@g.us, fromMe=true, id=A5DAD967FF67726EDF25D2675EFDBC29, participant=181161838002355@lid, addressingMode=lid}, pushName=LuisDev, status=SERVER_ACK, message={conversation=Jdjdhd, messageContextInfo={threadId=[], messageSecret={0=76, 1=29, 2=140, 3=226, 4=163, 5=156, 6=134, 7=91, 8=232, 9=213, 10=186, 11=240, 12=247, 13=209, 14=207, 15=246, 16=210, 17=83, 18=58, 19=91, 20=172, 21=234, 22=109, 23=75, 24=19, 25=172, 26=122, 27=41, 28=150, 29=101, 30=204, 31=179}}}, messageType=conversation, messageTimestamp=1785648291, instanceId=50ca41c7-d60d-4ffa-bfc6-4328c6a10ad8, source=android}
2026-08-02 00:24:52 [tomcat-handler-17] INFO  c.i.o.a.WhatsAppWebhookAdapter - New WhatsApp message from +181161838002355 | type=conversation | msgId=A5DAD967FF67726EDF25D2675EFDBC29
2026-08-02 00:24:52 [tomcat-handler-17] INFO  c.i.o.a.WhatsAppWebhookAdapter - WhatsApp direction: OUTBOUND
2026-08-02 00:24:52 [tomcat-handler-17] WARN  c.i.a.i.w.EvolutionApiProvider - Error obteniendo nombre del grupo 120363430297023467@g.us (GET): 400 Bad Request on GET request for "http://localhost:8080/group/findGroupInfos/mi-whatsapp": "{"status":400,"error":"Bad Request","response":{"message":[{"property":"groupJid","message":"groupJid does not match pattern \"^[\\\\d-]+@g.us$\""}]}}"
2026-08-02 00:24:52 [tomcat-handler-17] WARN  c.i.a.i.w.EvolutionApiProvider - Error obteniendo nombre del grupo 120363430297023467@g.us (POST): 404 Not Found on POST request for "http://localhost:8080/group/findGroupInfos/mi-whatsapp": "{"status":404,"error":"Not Found","response":{"message":["Cannot POST /group/findGroupInfos/mi-whatsapp"]}}"
2026-08-02 00:24:52 [tomcat-handler-17] INFO  c.i.o.a.WhatsAppWebhookAdapter - Incoming WhatsApp message processed: from=+181161838002355 direction=OUTBOUND type=TEXT content=Jdjdhd
2026-08-02 00:24:52 [tomcat-handler-17] INFO  c.i.o.a.ConversationOrchestrator - Orchestrator processing message from channel=WHATSAPP source=+181161838002355
2026-08-02 00:24:52 [tomcat-handler-17] INFO  c.i.o.a.ConversationOrchestrator - Orchestrator processing message from channel=WHATSAPP source=+181161838002355
2026-08-02 00:24:52 [tomcat-handler-17] INFO  c.i.o.a.pipeline.MessagePipeline - Starting message pipeline with 10 steps for channel: WHATSAPP
2026-08-02 00:24:52 [tomcat-handler-17] DEBUG c.i.o.a.pipeline.ValidationStep - Validation passed for message from channel=WHATSAPP source=+181161838002355
2026-08-02 00:24:52 [tomcat-handler-17] DEBUG c.i.o.a.pipeline.MessagePipeline - Pipeline step ValidationStep completed in 1ms
2026-08-02 00:24:52 [tomcat-handler-17] DEBUG c.i.o.a.p.TenantResolutionStep - Tenant resolved: id=d563b428-b1a9-4bf3-af62-a175e92e8e18 subdomain=midemo
2026-08-02 00:24:52 [tomcat-handler-17] DEBUG c.i.o.a.pipeline.MessagePipeline - Pipeline step TenantResolutionStep completed in 483ms
2026-08-02 00:24:52 [tomcat-handler-17] DEBUG c.i.o.a.p.ContactResolutionStep - Searching contact for tenant=d563b428-b1a9-4bf3-af62-a175e92e8e18 phone=+181161838002355
2026-08-02 00:24:52 [tomcat-handler-17] DEBUG c.i.o.a.p.ContactResolutionStep - Contact resolved: id=c0493771-3b81-450e-9585-d51a455f3f8f name=+181161838002355 phone=+181161838002355
2026-08-02 00:24:53 [tomcat-handler-17] DEBUG c.i.o.a.pipeline.MessagePipeline - Pipeline step ContactResolutionStep$$SpringCGLIB$$0 completed in 381ms
2026-08-02 00:24:53 [tomcat-handler-17] DEBUG c.i.o.i.event.SpringEventPublisher - Publishing event: type=CONVERSATION_CREATED tenantId=d563b428-b1a9-4bf3-af62-a175e92e8e18 conversationId=90c17489-59c9-43b3-9220-3421733aa1f6
2026-08-02 00:24:53 [orchestrator-event-1] INFO  c.i.o.i.event.AnalyticsEventListener - Analytics: Conversation created - tenantId=d563b428-b1a9-4bf3-af62-a175e92e8e18 conversationId=90c17489-59c9-43b3-9220-3421733aa1f6 channel=WHATSAPP
2026-08-02 00:24:53 [orchestrator-event-2] INFO  c.i.o.i.event.AuditEventListener - Audit: Conversation created - conversationId=90c17489-59c9-43b3-9220-3421733aa1f6 channel=WHATSAPP tenantId=d563b428-b1a9-4bf3-af62-a175e92e8e18
2026-08-02 00:24:53 [tomcat-handler-17] INFO  c.i.o.a.p.ConversationResolutionStep - New conversation created: id=90c17489-59c9-43b3-9220-3421733aa1f6 key=WHATSAPP:120363430297023467@g.us group=true subject=Grupo 120363430297023467
2026-08-02 00:24:53 [tomcat-handler-17] DEBUG c.i.o.a.p.ConversationResolutionStep - Conversation resolved: id=90c17489-59c9-43b3-9220-3421733aa1f6 status=OPEN channel=WHATSAPP conversationKey=WHATSAPP:120363430297023467@g.us
2026-08-02 00:24:54 [tomcat-handler-17] DEBUG c.i.o.a.pipeline.MessagePipeline - Pipeline step ConversationResolutionStep$$SpringCGLIB$$0 completed in 1141ms
2026-08-02 00:24:54 [tomcat-handler-17] DEBUG c.i.o.a.p.BotConfigurationResolutionStep - Bot configuration resolved: enabled=true aiProvider=GROQ
2026-08-02 00:24:54 [tomcat-handler-17] DEBUG c.i.o.a.pipeline.MessagePipeline - Pipeline step BotConfigurationResolutionStep completed in 390ms
2026-08-02 00:24:54 [tomcat-handler-17] DEBUG c.i.o.a.p.WorkingHoursResolutionStep - Working hours resolved: enabled=true isOpen=false
2026-08-02 00:24:54 [tomcat-handler-17] DEBUG c.i.o.a.pipeline.MessagePipeline - Pipeline step WorkingHoursResolutionStep completed in 178ms
2026-08-02 00:24:54 [tomcat-handler-17] DEBUG c.i.o.a.p.ConversationContextResolutionStep - Conversation context resolved: totalMessages=0 consecutiveBotResponses=0 firstMessage=true
2026-08-02 00:24:54 [tomcat-handler-17] DEBUG c.i.o.a.pipeline.MessagePipeline - Pipeline step ConversationContextResolutionStep completed in 195ms
2026-08-02 00:24:55 [tomcat-handler-17] DEBUG c.i.o.a.p.MessagePersistenceStep - Message persisted: id=4cdb5072-8c22-4267-abca-183c7109eea9 conversation=90c17489-59c9-43b3-9220-3421733aa1f6 type=TEXT
2026-08-02 00:24:55 [tomcat-handler-17] DEBUG c.i.o.a.pipeline.MessagePipeline - Pipeline step MessagePersistenceStep$$SpringCGLIB$$0 completed in 533ms
2026-08-02 00:24:55 [tomcat-handler-17] DEBUG c.i.o.a.pipeline.MetricsUpdateStep - Metrics updated: contact=c0493771-3b81-450e-9585-d51a455f3f8f conversation=90c17489-59c9-43b3-9220-3421733aa1f6
2026-08-02 00:24:55 [tomcat-handler-17] DEBUG c.i.o.a.pipeline.MessagePipeline - Pipeline step MetricsUpdateStep$$SpringCGLIB$$0 completed in 354ms
2026-08-02 00:24:55 [tomcat-handler-17] INFO  c.i.o.application.pipeline.AuditStep - AUDIT|tenantId=d563b428-b1a9-4bf3-af62-a175e92e8e18|conversationId=90c17489-59c9-43b3-9220-3421733aa1f6|contactId=c0493771-3b81-450e-9585-d51a455f3f8f|messageId=A5DAD967FF67726EDF25D2675EFDBC29|channel=WHATSAPP|type=TEXT
2026-08-02 00:24:55 [tomcat-handler-17] DEBUG c.i.o.a.pipeline.MessagePipeline - Pipeline step AuditStep completed in 0ms
2026-08-02 00:24:55 [tomcat-handler-17] INFO  c.i.o.a.pipeline.MessagePipeline - Message pipeline completed in 3656ms
2026-08-02 00:24:55 [tomcat-handler-17] DEBUG c.i.o.i.event.SpringEventPublisher - Publishing event: type=MESSAGE_RECEIVED tenantId=d563b428-b1a9-4bf3-af62-a175e92e8e18 conversationId=90c17489-59c9-43b3-9220-3421733aa1f6
2026-08-02 00:24:55 [orchestrator-event-5] DEBUG c.i.o.i.event.AuditEventListener - Persisting audit log for message received: messageId=A5DAD967FF67726EDF25D2675EFDBC29
2026-08-02 00:24:55 [orchestrator-event-4] INFO  c.i.o.i.event.AnalyticsEventListener - Analytics: Message received - tenantId=d563b428-b1a9-4bf3-af62-a175e92e8e18 conversationId=90c17489-59c9-43b3-9220-3421733aa1f6 channel=WHATSAPP
2026-08-02 00:24:55 [tomcat-handler-17] DEBUG c.i.o.a.decision.DecisionEngineImpl - Running decision engine with 3 strategies
2026-08-02 00:24:55 [tomcat-handler-17] DEBUG c.i.o.a.d.AgentAssignmentStrategy - No agent assigned and conversation is OPEN, assigning agent
2026-08-02 00:24:55 [tomcat-handler-17] DEBUG c.i.o.a.decision.DecisionEngineImpl - Strategy AgentAssignmentStrategy decided: action=ASSIGN_AGENT reason=Conversation requires human agent
2026-08-02 00:24:55 [tomcat-handler-17] DEBUG c.i.o.a.action.ActionDispatcher - Dispatching action: ASSIGN_AGENT to executor: AssignAgentExecutor$$SpringCGLIB$$0
2026-08-02 00:24:57 [tomcat-handler-18] DEBUG c.i.s.w.NotificationWebSocketHandler - User 935532dc-b311-4071-851e-71e87089679a left conversation 90c17489-59c9-43b3-9220-3421733aa1f6
2026-08-02 00:24:57 [tomcat-handler-19] DEBUG c.i.s.w.NotificationWebSocketHandler - User 935532dc-b311-4071-851e-71e87089679a joined conversation 90c17489-59c9-43b3-9220-3421733aa1f6 (1 subscribers)
2026-08-02 00:24:57 [tomcat-handler-20] DEBUG c.i.s.s.JwtAuthenticationFilter - User authenticated: 935532dc-b311-4071-851e-71e87089679a for tenant: d563b428-b1a9-4bf3-af62-a175e92e8e18
2026-08-02 00:24:57 [tomcat-handler-21] DEBUG c.i.s.s.JwtAuthenticationFilter - User authenticated: 935532dc-b311-4071-851e-71e87089679a for tenant: d563b428-b1a9-4bf3-af62-a175e92e8e18
2026-08-02 00:24:57 [tomcat-handler-17] DEBUG c.i.o.i.event.SpringEventPublisher - Publishing event: type=AGENT_ASSIGNED tenantId=d563b428-b1a9-4bf3-af62-a175e92e8e18 conversationId=90c17489-59c9-43b3-9220-3421733aa1f6
2026-08-02 00:24:57 [orchestrator-event-2] INFO  c.i.o.i.event.AnalyticsEventListener - Analytics: Agent assigned - tenantId=d563b428-b1a9-4bf3-af62-a175e92e8e18 conversationId=90c17489-59c9-43b3-9220-3421733aa1f6 agentId=95e009fb-66e9-437c-9d35-be4df58d425f
2026-08-02 00:24:57 [orchestrator-event-3] INFO  c.i.o.i.event.AuditEventListener - Audit: Agent assigned - conversationId=90c17489-59c9-43b3-9220-3421733aa1f6 agentId=95e009fb-66e9-437c-9d35-be4df58d425f tenantId=d563b428-b1a9-4bf3-af62-a175e92e8e18
2026-08-02 00:24:58 [tomcat-handler-17] INFO  c.i.o.a.action.AssignAgentExecutor - Conversation 90c17489-59c9-43b3-9220-3421733aa1f6 assigned to agent 95e009fb-66e9-437c-9d35-be4df58d425f (least busy, 1 active conversations)
2026-08-02 00:24:58 [orchestrator-event-5] INFO  c.i.n.a.NotificationService - Notification created: fd2546c7-e981-478f-b7fa-36c03d3822d5 for user: 95e009fb-66e9-437c-9d35-be4df58d425f
2026-08-02 00:24:58 [tomcat-handler-22] DEBUG c.i.s.s.JwtAuthenticationFilter - User authenticated: 935532dc-b311-4071-851e-71e87089679a for tenant: d563b428-b1a9-4bf3-af62-a175e92e8e18
2026-08-02 00:24:58 [tomcat-handler-17] DEBUG c.i.o.i.event.SpringEventPublisher - Publishing event: type=ACTION_EXECUTED tenantId=d563b428-b1a9-4bf3-af62-a175e92e8e18 conversationId=90c17489-59c9-43b3-9220-3421733aa1f6
2026-08-02 00:24:58 [orchestrator-event-4] DEBUG c.i.o.i.event.AnalyticsEventListener - Analytics: Action executed - tenantId=d563b428-b1a9-4bf3-af62-a175e92e8e18 conversationId=90c17489-59c9-43b3-9220-3421733aa1f6 action=ASSIGN_AGENT time=6190ms
2026-08-02 00:24:58 [tomcat-handler-17] INFO  c.i.o.a.ConversationOrchestrator - Message processed successfully in 6191ms. decision=ASSIGN_AGENT
2026-08-02 00:24:58 [orchestrator-event-1] DEBUG c.i.o.i.event.AuditEventListener - Audit: Action executed - action=ASSIGN_AGENT processingTime=6190ms tenantId=d563b428-b1a9-4bf3-af62-a175e92e8e18
2026-08-02 00:24:58 [orchestrator-event-4] DEBUG c.i.o.i.m.OrchestratorMetricsService - Metrics recorded: channel=WHATSAPP action=ASSIGN_AGENT time=6190ms
2026-08-02 00:24:58 [orchestrator-event-2] DEBUG c.i.o.i.e.NotificationEventListener - Action executed event processed: action=ASSIGN_AGENT
2026-08-02 00:24:58 [tomcat-handler-17] INFO  c.i.a.i.c.WhatsAppWebhookController - === WEBHOOK PROCESADO EXITOSAMENTE ===
2026-08-02 00:24:58 [tomcat-handler-22] INFO  c.i.c.a.ConversationService - Marked 0 messages as read in conversation 90c17489-59c9-43b3-9220-3421733aa1f6 for tenant d563b428-b1a9-4bf3-af62-a175e92e8e18 (conversation rows updated=1)
2026-08-02 00:25:09 [SpringApplicationShutdownHook] INFO  o.s.b.w.e.tomcat.GracefulShutdown - Commencing graceful shutdown. Waiting for active requests to complete
2026-08-02 00:25:09 [tomcat-shutdown] INFO  o.s.b.w.e.tomcat.GracefulShutdown - Graceful shutdown complete
2026-08-02 00:25:09 [SpringApplicationShutdownHook] INFO  o.s.o.j.LocalContainerEntityManagerFactoryBean - Closing JPA EntityManagerFactory for persistence unit 'default'
2026-08-02 00:25:09 [SpringApplicationShutdownHook] INFO  com.zaxxer.hikari.HikariDataSource - HikariPool-2 - Shutdown initiated...
2026-08-02 00:25:09 [scheduling-1] WARN  c.zaxxer.hikari.pool.ProxyConnection - HikariPool-2 - Connection org.postgresql.jdbc.PgConnection@6bee938c marked as broken because of SQLSTATE(08006), ErrorCode(0)
org.postgresql.util.PSQLException: An I/O error occurred while sending to the backend.
	at org.postgresql.core.v3.QueryExecutorImpl.execute(QueryExecutorImpl.java:399) ~[postgresql-42.7.5.jar:42.7.5]
	at org.postgresql.jdbc.PgStatement.executeInternal(PgStatement.java:517) ~[postgresql-42.7.5.jar:42.7.5]
	at org.postgresql.jdbc.PgStatement.execute(PgStatement.java:434) ~[postgresql-42.7.5.jar:42.7.5]
	at org.postgresql.jdbc.PgPreparedStatement.executeWithFlags(PgPreparedStatement.java:194) ~[postgresql-42.7.5.jar:42.7.5]
	at org.postgresql.jdbc.PgPreparedStatement.executeQuery(PgPreparedStatement.java:137) ~[postgresql-42.7.5.jar:42.7.5]
	at com.zaxxer.hikari.pool.ProxyPreparedStatement.executeQuery(ProxyPreparedStatement.java:52) ~[HikariCP-5.1.0.jar:na]
	at com.zaxxer.hikari.pool.HikariProxyPreparedStatement.executeQuery(HikariProxyPreparedStatement.java) ~[HikariCP-5.1.0.jar:na]
	at org.hibernate.sql.results.jdbc.internal.DeferredResultSetAccess.executeQuery(DeferredResultSetAccess.java:250) ~[hibernate-core-6.6.11.Final.jar:6.6.11.Final]
	at org.hibernate.sql.results.jdbc.internal.DeferredResultSetAccess.getResultSet(DeferredResultSetAccess.java:171) ~[hibernate-core-6.6.11.Final.jar:6.6.11.Final]
	at org.hibernate.sql.results.jdbc.internal.JdbcValuesResultSetImpl.<init>(JdbcValuesResultSetImpl.java:74) ~[hibernate-core-6.6.11.Final.jar:6.6.11.Final]
	at org.hibernate.sql.exec.internal.JdbcSelectExecutorStandardImpl.resolveJdbcValuesSource(JdbcSelectExecutorStandardImpl.java:355) ~[hibernate-core-6.6.11.Final.jar:6.6.11.Final]
	at org.hibernate.sql.exec.internal.JdbcSelectExecutorStandardImpl.doExecuteQuery(JdbcSelectExecutorStandardImpl.java:137) ~[hibernate-core-6.6.11.Final.jar:6.6.11.Final]
	at org.hibernate.sql.exec.internal.JdbcSelectExecutorStandardImpl.executeQuery(JdbcSelectExecutorStandardImpl.java:102) ~[hibernate-core-6.6.11.Final.jar:6.6.11.Final]
	at org.hibernate.sql.exec.spi.JdbcSelectExecutor.executeQuery(JdbcSelectExecutor.java:91) ~[hibernate-core-6.6.11.Final.jar:6.6.11.Final]
	at org.hibernate.sql.exec.spi.JdbcSelectExecutor.list(JdbcSelectExecutor.java:165) ~[hibernate-core-6.6.11.Final.jar:6.6.11.Final]
	at org.hibernate.query.sqm.internal.ConcreteSqmSelectQueryPlan.lambda$new$1(ConcreteSqmSelectQueryPlan.java:152) ~[hibernate-core-6.6.11.Final.jar:6.6.11.Final]
	at org.hibernate.query.sqm.internal.ConcreteSqmSelectQueryPlan.withCacheableSqmInterpretation(ConcreteSqmSelectQueryPlan.java:442) ~[hibernate-core-6.6.11.Final.jar:6.6.11.Final]
	at org.hibernate.query.sqm.internal.ConcreteSqmSelectQueryPlan.performList(ConcreteSqmSelectQueryPlan.java:362) ~[hibernate-core-6.6.11.Final.jar:6.6.11.Final]
	at org.hibernate.query.sqm.internal.QuerySqmImpl.doList(QuerySqmImpl.java:380) ~[hibernate-core-6.6.11.Final.jar:6.6.11.Final]
	at org.hibernate.query.spi.AbstractSelectionQuery.list(AbstractSelectionQuery.java:143) ~[hibernate-core-6.6.11.Final.jar:6.6.11.Final]
	at org.hibernate.query.Query.getResultList(Query.java:120) ~[hibernate-core-6.6.11.Final.jar:6.6.11.Final]
	at java.base/jdk.internal.reflect.DirectMethodHandleAccessor.invoke(DirectMethodHandleAccessor.java:103) ~[na:na]
	at java.base/java.lang.reflect.Method.invoke(Method.java:580) ~[na:na]
	at org.springframework.orm.jpa.SharedEntityManagerCreator$DeferredQueryInvocationHandler.invoke(SharedEntityManagerCreator.java:419) ~[spring-orm-6.2.5.jar:6.2.5]
	at jdk.proxy5/jdk.proxy5.$Proxy271.getResultList(Unknown Source) ~[na:na]
	at org.springframework.data.jpa.repository.query.JpaQueryExecution$CollectionExecution.doExecute(JpaQueryExecution.java:130) ~[spring-data-jpa-3.4.4.jar:3.4.4]
	at org.springframework.data.jpa.repository.query.JpaQueryExecution.execute(JpaQueryExecution.java:93) ~[spring-data-jpa-3.4.4.jar:3.4.4]
	at org.springframework.data.jpa.repository.query.AbstractJpaQuery.doExecute(AbstractJpaQuery.java:152) ~[spring-data-jpa-3.4.4.jar:3.4.4]
	at org.springframework.data.jpa.repository.query.AbstractJpaQuery.execute(AbstractJpaQuery.java:140) ~[spring-data-jpa-3.4.4.jar:3.4.4]
	at org.springframework.data.repository.core.support.RepositoryMethodInvoker.doInvoke(RepositoryMethodInvoker.java:170) ~[spring-data-commons-3.4.4.jar:3.4.4]
	at org.springframework.data.repository.core.support.RepositoryMethodInvoker.invoke(RepositoryMethodInvoker.java:158) ~[spring-data-commons-3.4.4.jar:3.4.4]
	at org.springframework.data.repository.core.support.QueryExecutorMethodInterceptor.doInvoke(QueryExecutorMethodInterceptor.java:170) ~[spring-data-commons-3.4.4.jar:3.4.4]
	at org.springframework.data.repository.core.support.QueryExecutorMethodInterceptor.invoke(QueryExecutorMethodInterceptor.java:149) ~[spring-data-commons-3.4.4.jar:3.4.4]
	at org.springframework.aop.framework.ReflectiveMethodInvocation.proceed(ReflectiveMethodInvocation.java:184) ~[spring-aop-6.2.5.jar:6.2.5]
	at org.springframework.data.projection.DefaultMethodInvokingMethodInterceptor.invoke(DefaultMethodInvokingMethodInterceptor.java:69) ~[spring-data-commons-3.4.4.jar:3.4.4]
	at org.springframework.aop.framework.ReflectiveMethodInvocation.proceed(ReflectiveMethodInvocation.java:184) ~[spring-aop-6.2.5.jar:6.2.5]
	at org.springframework.transaction.interceptor.TransactionAspectSupport.invokeWithinTransaction(TransactionAspectSupport.java:380) ~[spring-tx-6.2.5.jar:6.2.5]
	at org.springframework.transaction.interceptor.TransactionInterceptor.invoke(TransactionInterceptor.java:119) ~[spring-tx-6.2.5.jar:6.2.5]
	at org.springframework.aop.framework.ReflectiveMethodInvocation.proceed(ReflectiveMethodInvocation.java:184) ~[spring-aop-6.2.5.jar:6.2.5]
	at org.springframework.dao.support.PersistenceExceptionTranslationInterceptor.invoke(PersistenceExceptionTranslationInterceptor.java:138) ~[spring-tx-6.2.5.jar:6.2.5]
	at org.springframework.aop.framework.ReflectiveMethodInvocation.proceed(ReflectiveMethodInvocation.java:184) ~[spring-aop-6.2.5.jar:6.2.5]
	at org.springframework.data.jpa.repository.support.CrudMethodMetadataPostProcessor$CrudMethodMetadataPopulatingMethodInterceptor.invoke(CrudMethodMetadataPostProcessor.java:136) ~[spring-data-jpa-3.4.4.jar:3.4.4]
	at org.springframework.aop.framework.ReflectiveMethodInvocation.proceed(ReflectiveMethodInvocation.java:184) ~[spring-aop-6.2.5.jar:6.2.5]
	at org.springframework.aop.framework.JdkDynamicAopProxy.invoke(JdkDynamicAopProxy.java:223) ~[spring-aop-6.2.5.jar:6.2.5]
	at jdk.proxy5/jdk.proxy5.$Proxy258.findPendingAiConversations(Unknown Source) ~[na:na]
	at com.iquenobot.orchestrator.application.aggregation.PendingAiResponseScheduler.processPendingConversations(PendingAiResponseScheduler.java:42) ~[classes/:na]
	at java.base/jdk.internal.reflect.DirectMethodHandleAccessor.invoke(DirectMethodHandleAccessor.java:103) ~[na:na]
	at java.base/java.lang.reflect.Method.invoke(Method.java:580) ~[na:na]
	at org.springframework.scheduling.support.ScheduledMethodRunnable.runInternal(ScheduledMethodRunnable.java:130) ~[spring-context-6.2.5.jar:6.2.5]
	at org.springframework.scheduling.support.ScheduledMethodRunnable.lambda$run$2(ScheduledMethodRunnable.java:124) ~[spring-context-6.2.5.jar:6.2.5]
	at io.micrometer.observation.Observation.observe(Observation.java:498) ~[micrometer-observation-1.14.5.jar:1.14.5]
	at org.springframework.scheduling.support.ScheduledMethodRunnable.run(ScheduledMethodRunnable.java:124) ~[spring-context-6.2.5.jar:6.2.5]
	at org.springframework.scheduling.config.Task$OutcomeTrackingRunnable.run(Task.java:85) ~[spring-context-6.2.5.jar:6.2.5]
	at org.springframework.scheduling.support.DelegatingErrorHandlingRunnable.run(DelegatingErrorHandlingRunnable.java:54) ~[spring-context-6.2.5.jar:6.2.5]
	at java.base/java.util.concurrent.Executors$RunnableAdapter.call(Executors.java:572) ~[na:na]
	at java.base/java.util.concurrent.FutureTask.runAndReset(FutureTask.java:358) ~[na:na]
	at java.base/java.util.concurrent.ScheduledThreadPoolExecutor$ScheduledFutureTask.run(ScheduledThreadPoolExecutor.java:305) ~[na:na]
	at java.base/java.util.concurrent.ThreadPoolExecutor.runWorker(ThreadPoolExecutor.java:1144) ~[na:na]
	at java.base/java.util.concurrent.ThreadPoolExecutor$Worker.run(ThreadPoolExecutor.java:642) ~[na:na]
	at java.base/java.lang.VirtualThread.run(VirtualThread.java:329) ~[na:na]
Caused by: java.net.SocketException: Closed by interrupt
	at java.base/java.net.Socket$SocketInputStream.read(Socket.java:1106) ~[na:na]
	at java.base/sun.security.ssl.SSLSocketInputRecord.read(SSLSocketInputRecord.java:489) ~[na:na]
	at java.base/sun.security.ssl.SSLSocketInputRecord.readHeader(SSLSocketInputRecord.java:483) ~[na:na]
	at java.base/sun.security.ssl.SSLSocketInputRecord.bytesInCompletePacket(SSLSocketInputRecord.java:70) ~[na:na]
	at java.base/sun.security.ssl.SSLSocketImpl.readApplicationRecord(SSLSocketImpl.java:1460) ~[na:na]
	at java.base/sun.security.ssl.SSLSocketImpl$AppInputStream.read(SSLSocketImpl.java:1066) ~[na:na]
	at org.postgresql.core.VisibleBufferedInputStream.readMore(VisibleBufferedInputStream.java:192) ~[postgresql-42.7.5.jar:42.7.5]
	at org.postgresql.core.VisibleBufferedInputStream.ensureBytes(VisibleBufferedInputStream.java:159) ~[postgresql-42.7.5.jar:42.7.5]
	at org.postgresql.core.VisibleBufferedInputStream.ensureBytes(VisibleBufferedInputStream.java:144) ~[postgresql-42.7.5.jar:42.7.5]
	at org.postgresql.core.VisibleBufferedInputStream.read(VisibleBufferedInputStream.java:76) ~[postgresql-42.7.5.jar:42.7.5]
	at org.postgresql.core.PGStream.receiveChar(PGStream.java:476) ~[postgresql-42.7.5.jar:42.7.5]
	at org.postgresql.core.v3.QueryExecutorImpl.processResults(QueryExecutorImpl.java:2174) ~[postgresql-42.7.5.jar:42.7.5]
	at org.postgresql.core.v3.QueryExecutorImpl.processResults(QueryExecutorImpl.java:2153) ~[postgresql-42.7.5.jar:42.7.5]
	at org.postgresql.core.v3.QueryExecutorImpl.flushIfDeadlockRisk(QueryExecutorImpl.java:1503) ~[postgresql-42.7.5.jar:42.7.5]
	at org.postgresql.core.v3.QueryExecutorImpl.sendQuery(QueryExecutorImpl.java:1528) ~[postgresql-42.7.5.jar:42.7.5]
	at org.postgresql.core.v3.QueryExecutorImpl.execute(QueryExecutorImpl.java:364) ~[postgresql-42.7.5.jar:42.7.5]
	... 59 common frames omitted
2026-08-02 00:25:09 [scheduling-1] WARN  o.h.e.jdbc.spi.SqlExceptionHelper - SQL Error: 0, SQLState: 08006
2026-08-02 00:25:09 [scheduling-1] ERROR o.h.e.jdbc.spi.SqlExceptionHelper - An I/O error occurred while sending to the backend.
2026-08-02 00:25:09 [scheduling-1] ERROR o.s.s.s.TaskUtils$LoggingErrorHandler - Unexpected error occurred in scheduled task
org.springframework.dao.DataAccessResourceFailureException: JDBC exception executing SQL [select c1_0.id,c1_0.assigned_user_id,c1_0.is_bot_conversation,c1_0.bot_fallback_count,c1_0.bot_handoff_at,c1_0.bot_resume_after,c1_0.channel,c1_0.channel_conversation_id,c1_0.closed_at,c1_0.contact_id,c1_0.created_at,c1_0.created_by,c1_0.is_deleted,c1_0.deleted_at,c1_0.deleted_by,c1_0.first_response_at,c1_0.human_handoff,c1_0.human_taken_over_at,c1_0.instance_name,c1_0.is_group,c1_0.last_agent_reply_at,c1_0.last_bot_response_at,c1_0.last_message_at,c1_0.last_processed_message_hash,c1_0.message_count,c1_0.metadata,c1_0.pending_ai_response,c1_0.priority,c1_0.resolution_time_seconds,c1_0.resolved_at,c1_0.response_time_seconds,c1_0.satisfaction_feedback,c1_0.satisfaction_rating,c1_0.status,c1_0.subject,c1_0.tags,c1_0.tenant_id,c1_0.unread_count,c1_0.updated_at,c1_0.updated_by,c1_0.version from conversations c1_0 where c1_0.pending_ai_response=true and c1_0.last_message_at<? and c1_0.status in ('OPEN','IN_PROGRESS','PENDING') and c1_0.is_deleted=false order by c1_0.last_message_at] [An I/O error occurred while sending to the backend.] [n/a]
	at org.springframework.orm.jpa.vendor.HibernateJpaDialect.convertHibernateAccessException(HibernateJpaDialect.java:274) ~[spring-orm-6.2.5.jar:6.2.5]
	at org.springframework.orm.jpa.vendor.HibernateJpaDialect.translateExceptionIfPossible(HibernateJpaDialect.java:241) ~[spring-orm-6.2.5.jar:6.2.5]
	at org.springframework.orm.jpa.AbstractEntityManagerFactoryBean.translateExceptionIfPossible(AbstractEntityManagerFactoryBean.java:560) ~[spring-orm-6.2.5.jar:6.2.5]
	at org.springframework.dao.support.ChainedPersistenceExceptionTranslator.translateExceptionIfPossible(ChainedPersistenceExceptionTranslator.java:61) ~[spring-tx-6.2.5.jar:6.2.5]
	at org.springframework.dao.support.DataAccessUtils.translateIfNecessary(DataAccessUtils.java:343) ~[spring-tx-6.2.5.jar:6.2.5]
	at org.springframework.dao.support.PersistenceExceptionTranslationInterceptor.invoke(PersistenceExceptionTranslationInterceptor.java:160) ~[spring-tx-6.2.5.jar:6.2.5]
	at org.springframework.aop.framework.ReflectiveMethodInvocation.proceed(ReflectiveMethodInvocation.java:184) ~[spring-aop-6.2.5.jar:6.2.5]
	at org.springframework.data.jpa.repository.support.CrudMethodMetadataPostProcessor$CrudMethodMetadataPopulatingMethodInterceptor.invoke(CrudMethodMetadataPostProcessor.java:136) ~[spring-data-jpa-3.4.4.jar:3.4.4]
	at org.springframework.aop.framework.ReflectiveMethodInvocation.proceed(ReflectiveMethodInvocation.java:184) ~[spring-aop-6.2.5.jar:6.2.5]
	at org.springframework.aop.framework.JdkDynamicAopProxy.invoke(JdkDynamicAopProxy.java:223) ~[spring-aop-6.2.5.jar:6.2.5]
	at jdk.proxy5/jdk.proxy5.$Proxy258.findPendingAiConversations(Unknown Source) ~[na:na]
	at com.iquenobot.orchestrator.application.aggregation.PendingAiResponseScheduler.processPendingConversations(PendingAiResponseScheduler.java:42) ~[classes/:na]
	at java.base/jdk.internal.reflect.DirectMethodHandleAccessor.invoke(DirectMethodHandleAccessor.java:103) ~[na:na]
	at java.base/java.lang.reflect.Method.invoke(Method.java:580) ~[na:na]
	at org.springframework.scheduling.support.ScheduledMethodRunnable.runInternal(ScheduledMethodRunnable.java:130) ~[spring-context-6.2.5.jar:6.2.5]
	at org.springframework.scheduling.support.ScheduledMethodRunnable.lambda$run$2(ScheduledMethodRunnable.java:124) ~[spring-context-6.2.5.jar:6.2.5]
	at io.micrometer.observation.Observation.observe(Observation.java:498) ~[micrometer-observation-1.14.5.jar:1.14.5]
	at org.springframework.scheduling.support.ScheduledMethodRunnable.run(ScheduledMethodRunnable.java:124) ~[spring-context-6.2.5.jar:6.2.5]
	at org.springframework.scheduling.config.Task$OutcomeTrackingRunnable.run(Task.java:85) ~[spring-context-6.2.5.jar:6.2.5]
	at org.springframework.scheduling.support.DelegatingErrorHandlingRunnable.run(DelegatingErrorHandlingRunnable.java:54) ~[spring-context-6.2.5.jar:6.2.5]
	at java.base/java.util.concurrent.Executors$RunnableAdapter.call(Executors.java:572) ~[na:na]
	at java.base/java.util.concurrent.FutureTask.runAndReset(FutureTask.java:358) ~[na:na]
	at java.base/java.util.concurrent.ScheduledThreadPoolExecutor$ScheduledFutureTask.run(ScheduledThreadPoolExecutor.java:305) ~[na:na]
	at java.base/java.util.concurrent.ThreadPoolExecutor.runWorker(ThreadPoolExecutor.java:1144) ~[na:na]
	at java.base/java.util.concurrent.ThreadPoolExecutor$Worker.run(ThreadPoolExecutor.java:642) ~[na:na]
	at java.base/java.lang.VirtualThread.run(VirtualThread.java:329) ~[na:na]
Caused by: org.hibernate.exception.JDBCConnectionException: JDBC exception executing SQL [select c1_0.id,c1_0.assigned_user_id,c1_0.is_bot_conversation,c1_0.bot_fallback_count,c1_0.bot_handoff_at,c1_0.bot_resume_after,c1_0.channel,c1_0.channel_conversation_id,c1_0.closed_at,c1_0.contact_id,c1_0.created_at,c1_0.created_by,c1_0.is_deleted,c1_0.deleted_at,c1_0.deleted_by,c1_0.first_response_at,c1_0.human_handoff,c1_0.human_taken_over_at,c1_0.instance_name,c1_0.is_group,c1_0.last_agent_reply_at,c1_0.last_bot_response_at,c1_0.last_message_at,c1_0.last_processed_message_hash,c1_0.message_count,c1_0.metadata,c1_0.pending_ai_response,c1_0.priority,c1_0.resolution_time_seconds,c1_0.resolved_at,c1_0.response_time_seconds,c1_0.satisfaction_feedback,c1_0.satisfaction_rating,c1_0.status,c1_0.subject,c1_0.tags,c1_0.tenant_id,c1_0.unread_count,c1_0.updated_at,c1_0.updated_by,c1_0.version from conversations c1_0 where c1_0.pending_ai_response=true and c1_0.last_message_at<? and c1_0.status in ('OPEN','IN_PROGRESS','PENDING') and c1_0.is_deleted=false order by c1_0.last_message_at] [An I/O error occurred while sending to the backend.] [n/a]
	at org.hibernate.exception.internal.SQLStateConversionDelegate.convert(SQLStateConversionDelegate.java:100) ~[hibernate-core-6.6.11.Final.jar:6.6.11.Final]
	at org.hibernate.exception.internal.StandardSQLExceptionConverter.convert(StandardSQLExceptionConverter.java:58) ~[hibernate-core-6.6.11.Final.jar:6.6.11.Final]
	at org.hibernate.engine.jdbc.spi.SqlExceptionHelper.convert(SqlExceptionHelper.java:108) ~[hibernate-core-6.6.11.Final.jar:6.6.11.Final]
	at org.hibernate.engine.jdbc.spi.SqlExceptionHelper.convert(SqlExceptionHelper.java:94) ~[hibernate-core-6.6.11.Final.jar:6.6.11.Final]
	at org.hibernate.sql.results.jdbc.internal.DeferredResultSetAccess.executeQuery(DeferredResultSetAccess.java:268) ~[hibernate-core-6.6.11.Final.jar:6.6.11.Final]
	at org.hibernate.sql.results.jdbc.internal.DeferredResultSetAccess.getResultSet(DeferredResultSetAccess.java:171) ~[hibernate-core-6.6.11.Final.jar:6.6.11.Final]
	at org.hibernate.sql.results.jdbc.internal.JdbcValuesResultSetImpl.<init>(JdbcValuesResultSetImpl.java:74) ~[hibernate-core-6.6.11.Final.jar:6.6.11.Final]
	at org.hibernate.sql.exec.internal.JdbcSelectExecutorStandardImpl.resolveJdbcValuesSource(JdbcSelectExecutorStandardImpl.java:355) ~[hibernate-core-6.6.11.Final.jar:6.6.11.Final]
	at org.hibernate.sql.exec.internal.JdbcSelectExecutorStandardImpl.doExecuteQuery(JdbcSelectExecutorStandardImpl.java:137) ~[hibernate-core-6.6.11.Final.jar:6.6.11.Final]
	at org.hibernate.sql.exec.internal.JdbcSelectExecutorStandardImpl.executeQuery(JdbcSelectExecutorStandardImpl.java:102) ~[hibernate-core-6.6.11.Final.jar:6.6.11.Final]
	at org.hibernate.sql.exec.spi.JdbcSelectExecutor.executeQuery(JdbcSelectExecutor.java:91) ~[hibernate-core-6.6.11.Final.jar:6.6.11.Final]
	at org.hibernate.sql.exec.spi.JdbcSelectExecutor.list(JdbcSelectExecutor.java:165) ~[hibernate-core-6.6.11.Final.jar:6.6.11.Final]
	at org.hibernate.query.sqm.internal.ConcreteSqmSelectQueryPlan.lambda$new$1(ConcreteSqmSelectQueryPlan.java:152) ~[hibernate-core-6.6.11.Final.jar:6.6.11.Final]
	at org.hibernate.query.sqm.internal.ConcreteSqmSelectQueryPlan.withCacheableSqmInterpretation(ConcreteSqmSelectQueryPlan.java:442) ~[hibernate-core-6.6.11.Final.jar:6.6.11.Final]
	at org.hibernate.query.sqm.internal.ConcreteSqmSelectQueryPlan.performList(ConcreteSqmSelectQueryPlan.java:362) ~[hibernate-core-6.6.11.Final.jar:6.6.11.Final]
	at org.hibernate.query.sqm.internal.QuerySqmImpl.doList(QuerySqmImpl.java:380) ~[hibernate-core-6.6.11.Final.jar:6.6.11.Final]
	at org.hibernate.query.spi.AbstractSelectionQuery.list(AbstractSelectionQuery.java:143) ~[hibernate-core-6.6.11.Final.jar:6.6.11.Final]
	at org.hibernate.query.Query.getResultList(Query.java:120) ~[hibernate-core-6.6.11.Final.jar:6.6.11.Final]
	at java.base/jdk.internal.reflect.DirectMethodHandleAccessor.invoke(DirectMethodHandleAccessor.java:103) ~[na:na]
	at java.base/java.lang.reflect.Method.invoke(Method.java:580) ~[na:na]
	at org.springframework.orm.jpa.SharedEntityManagerCreator$DeferredQueryInvocationHandler.invoke(SharedEntityManagerCreator.java:419) ~[spring-orm-6.2.5.jar:6.2.5]
	at jdk.proxy5/jdk.proxy5.$Proxy271.getResultList(Unknown Source) ~[na:na]
	at org.springframework.data.jpa.repository.query.JpaQueryExecution$CollectionExecution.doExecute(JpaQueryExecution.java:130) ~[spring-data-jpa-3.4.4.jar:3.4.4]
	at org.springframework.data.jpa.repository.query.JpaQueryExecution.execute(JpaQueryExecution.java:93) ~[spring-data-jpa-3.4.4.jar:3.4.4]
	at org.springframework.data.jpa.repository.query.AbstractJpaQuery.doExecute(AbstractJpaQuery.java:152) ~[spring-data-jpa-3.4.4.jar:3.4.4]
	at org.springframework.data.jpa.repository.query.AbstractJpaQuery.execute(AbstractJpaQuery.java:140) ~[spring-data-jpa-3.4.4.jar:3.4.4]
	at org.springframework.data.repository.core.support.RepositoryMethodInvoker.doInvoke(RepositoryMethodInvoker.java:170) ~[spring-data-commons-3.4.4.jar:3.4.4]
	at org.springframework.data.repository.core.support.RepositoryMethodInvoker.invoke(RepositoryMethodInvoker.java:158) ~[spring-data-commons-3.4.4.jar:3.4.4]
	at org.springframework.data.repository.core.support.QueryExecutorMethodInterceptor.doInvoke(QueryExecutorMethodInterceptor.java:170) ~[spring-data-commons-3.4.4.jar:3.4.4]
	at org.springframework.data.repository.core.support.QueryExecutorMethodInterceptor.invoke(QueryExecutorMethodInterceptor.java:149) ~[spring-data-commons-3.4.4.jar:3.4.4]
	at org.springframework.aop.framework.ReflectiveMethodInvocation.proceed(ReflectiveMethodInvocation.java:184) ~[spring-aop-6.2.5.jar:6.2.5]
	at org.springframework.data.projection.DefaultMethodInvokingMethodInterceptor.invoke(DefaultMethodInvokingMethodInterceptor.java:69) ~[spring-data-commons-3.4.4.jar:3.4.4]
	at org.springframework.aop.framework.ReflectiveMethodInvocation.proceed(ReflectiveMethodInvocation.java:184) ~[spring-aop-6.2.5.jar:6.2.5]
	at org.springframework.transaction.interceptor.TransactionAspectSupport.invokeWithinTransaction(TransactionAspectSupport.java:380) ~[spring-tx-6.2.5.jar:6.2.5]
	at org.springframework.transaction.interceptor.TransactionInterceptor.invoke(TransactionInterceptor.java:119) ~[spring-tx-6.2.5.jar:6.2.5]
	at org.springframework.aop.framework.ReflectiveMethodInvocation.proceed(ReflectiveMethodInvocation.java:184) ~[spring-aop-6.2.5.jar:6.2.5]
	at org.springframework.dao.support.PersistenceExceptionTranslationInterceptor.invoke(PersistenceExceptionTranslationInterceptor.java:138) ~[spring-tx-6.2.5.jar:6.2.5]
	... 20 common frames omitted
Caused by: org.postgresql.util.PSQLException: An I/O error occurred while sending to the backend.
	at org.postgresql.core.v3.QueryExecutorImpl.execute(QueryExecutorImpl.java:399) ~[postgresql-42.7.5.jar:42.7.5]
	at org.postgresql.jdbc.PgStatement.executeInternal(PgStatement.java:517) ~[postgresql-42.7.5.jar:42.7.5]
	at org.postgresql.jdbc.PgStatement.execute(PgStatement.java:434) ~[postgresql-42.7.5.jar:42.7.5]
	at org.postgresql.jdbc.PgPreparedStatement.executeWithFlags(PgPreparedStatement.java:194) ~[postgresql-42.7.5.jar:42.7.5]
	at org.postgresql.jdbc.PgPreparedStatement.executeQuery(PgPreparedStatement.java:137) ~[postgresql-42.7.5.jar:42.7.5]
	at com.zaxxer.hikari.pool.ProxyPreparedStatement.executeQuery(ProxyPreparedStatement.java:52) ~[HikariCP-5.1.0.jar:na]
	at com.zaxxer.hikari.pool.HikariProxyPreparedStatement.executeQuery(HikariProxyPreparedStatement.java) ~[HikariCP-5.1.0.jar:na]
	at org.hibernate.sql.results.jdbc.internal.DeferredResultSetAccess.executeQuery(DeferredResultSetAccess.java:250) ~[hibernate-core-6.6.11.Final.jar:6.6.11.Final]
	... 52 common frames omitted
Caused by: java.net.SocketException: Closed by interrupt
	at java.base/java.net.Socket$SocketInputStream.read(Socket.java:1106) ~[na:na]
	at java.base/sun.security.ssl.SSLSocketInputRecord.read(SSLSocketInputRecord.java:489) ~[na:na]
	at java.base/sun.security.ssl.SSLSocketInputRecord.readHeader(SSLSocketInputRecord.java:483) ~[na:na]
	at java.base/sun.security.ssl.SSLSocketInputRecord.bytesInCompletePacket(SSLSocketInputRecord.java:70) ~[na:na]
	at java.base/sun.security.ssl.SSLSocketImpl.readApplicationRecord(SSLSocketImpl.java:1460) ~[na:na]
	at java.base/sun.security.ssl.SSLSocketImpl$AppInputStream.read(SSLSocketImpl.java:1066) ~[na:na]
	at org.postgresql.core.VisibleBufferedInputStream.readMore(VisibleBufferedInputStream.java:192) ~[postgresql-42.7.5.jar:42.7.5]
	at org.postgresql.core.VisibleBufferedInputStream.ensureBytes(VisibleBufferedInputStream.java:159) ~[postgresql-42.7.5.jar:42.7.5]
	at org.postgresql.core.VisibleBufferedInputStream.ensureBytes(VisibleBufferedInputStream.java:144) ~[postgresql-42.7.5.jar:42.7.5]
	at org.postgresql.core.VisibleBufferedInputStream.read(VisibleBufferedInputStream.java:76) ~[postgresql-42.7.5.jar:42.7.5]
	at org.postgresql.core.PGStream.receiveChar(PGStream.java:476) ~[postgresql-42.7.5.jar:42.7.5]
	at org.postgresql.core.v3.QueryExecutorImpl.processResults(QueryExecutorImpl.java:2174) ~[postgresql-42.7.5.jar:42.7.5]
	at org.postgresql.core.v3.QueryExecutorImpl.processResults(QueryExecutorImpl.java:2153) ~[postgresql-42.7.5.jar:42.7.5]
	at org.postgresql.core.v3.QueryExecutorImpl.flushIfDeadlockRisk(QueryExecutorImpl.java:1503) ~[postgresql-42.7.5.jar:42.7.5]
	at org.postgresql.core.v3.QueryExecutorImpl.sendQuery(QueryExecutorImpl.java:1528) ~[postgresql-42.7.5.jar:42.7.5]
	at org.postgresql.core.v3.QueryExecutorImpl.execute(QueryExecutorImpl.java:364) ~[postgresql-42.7.5.jar:42.7.5]
	... 59 common frames omitted
2026-08-02 00:25:10 [SpringApplicationShutdownHook] INFO  com.zaxxer.hikari.HikariDataSource - HikariPool-2 - Shutdown completed.
2026-08-02 00:25:10 [SpringApplicationShutdownHook] DEBUG c.i.s.w.NotificationWebSocketHandler - WebSocket transport error: user=935532dc-b311-4071-851e-71e87089679a error=java.nio.channels.ClosedChannelException
2026-08-02 00:25:10 [SpringApplicationShutdownHook] DEBUG c.i.s.w.NotificationWebSocketHandler - WebSocket disconnected: user=935532dc-b311-4071-851e-71e87089679a status=CloseStatus[code=1001, reason=The web application is stopping]
2026-08-02 00:25:43 [restartedMain] INFO  com.iquenobot.IquenobotApplication - Starting IquenobotApplication using Java 21.0.11 with PID 23100 (C:\Users\luisv\OneDrive\Escritorio\cloniquenobot\iquenobot\target\classes started by luisv in C:\Users\luisv\OneDrive\Escritorio\cloniquenobot\iquenobot)
2026-08-02 00:25:43 [restartedMain] DEBUG com.iquenobot.IquenobotApplication - Running with Spring Boot v3.4.4, Spring v6.2.5
2026-08-02 00:25:43 [restartedMain] INFO  com.iquenobot.IquenobotApplication - The following 1 profile is active: "dev"
2026-08-02 00:25:43 [restartedMain] INFO  o.s.b.d.e.DevToolsPropertyDefaultsPostProcessor - Devtools property defaults active! Set 'spring.devtools.add-properties' to 'false' to disable
2026-08-02 00:25:43 [restartedMain] INFO  o.s.b.d.e.DevToolsPropertyDefaultsPostProcessor - For additional web related logging consider setting the 'logging.level.web' property to 'DEBUG'
2026-08-02 00:25:44 [restartedMain] INFO  o.s.d.r.c.RepositoryConfigurationDelegate - Bootstrapping Spring Data JPA repositories in DEFAULT mode.
2026-08-02 00:25:45 [restartedMain] INFO  o.s.d.r.c.RepositoryConfigurationDelegate - Finished Spring Data repository scanning in 266 ms. Found 22 JPA repository interfaces.
2026-08-02 00:25:46 [restartedMain] INFO  o.s.b.w.e.tomcat.TomcatWebServer - Tomcat initialized with port 8085 (http)
2026-08-02 00:25:46 [restartedMain] INFO  o.a.catalina.core.StandardService - Starting service [Tomcat]
2026-08-02 00:25:46 [restartedMain] INFO  o.a.catalina.core.StandardEngine - Starting Servlet engine: [Apache Tomcat/10.1.39]
2026-08-02 00:25:46 [restartedMain] INFO  o.a.c.c.C.[Tomcat].[localhost].[/] - Initializing Spring embedded WebApplicationContext
2026-08-02 00:25:46 [restartedMain] INFO  o.s.b.w.s.c.ServletWebServerApplicationContext - Root WebApplicationContext: initialization completed in 2867 ms
2026-08-02 00:25:46 [restartedMain] INFO  com.zaxxer.hikari.HikariDataSource - HikariPool-1 - Starting...
2026-08-02 00:25:48 [restartedMain] INFO  com.zaxxer.hikari.pool.HikariPool - HikariPool-1 - Added connection org.postgresql.jdbc.PgConnection@78b80532
2026-08-02 00:25:48 [restartedMain] INFO  com.zaxxer.hikari.HikariDataSource - HikariPool-1 - Start completed.
2026-08-02 00:25:48 [restartedMain] INFO  org.flywaydb.core.FlywayExecutor - Database: jdbc:postgresql://ep-delicate-bird-axk10rcp-pooler.c-4.us-east-2.aws.neon.tech:5432/neondb?sslmode=require (PostgreSQL 18.4)
2026-08-02 00:25:50 [restartedMain] WARN  o.f.c.i.database.base.Database - Flyway upgrade recommended: PostgreSQL 18.4 is newer than this version of Flyway and support has not been tested. The latest supported version of PostgreSQL is 17.
2026-08-02 00:25:51 [restartedMain] INFO  o.f.core.internal.command.DbValidate - Successfully validated 34 migrations (execution time 00:00.761s)
2026-08-02 00:25:53 [restartedMain] INFO  o.f.core.internal.command.DbMigrate - Current version of schema "public": 034
2026-08-02 00:25:53 [restartedMain] INFO  o.f.core.internal.command.DbMigrate - Schema "public" is up to date. No migration necessary.
2026-08-02 00:25:55 [restartedMain] INFO  o.h.jpa.internal.util.LogHelper - HHH000204: Processing PersistenceUnitInfo [name: default]
2026-08-02 00:25:55 [restartedMain] INFO  org.hibernate.Version - HHH000412: Hibernate ORM core version 6.6.11.Final
2026-08-02 00:25:55 [restartedMain] INFO  o.h.c.i.RegionFactoryInitiator - HHH000026: Second-level cache disabled
2026-08-02 00:25:55 [restartedMain] INFO  o.s.o.j.p.SpringPersistenceUnitInfo - No LoadTimeWeaver setup: ignoring JPA class transformer
2026-08-02 00:25:55 [restartedMain] WARN  org.hibernate.orm.deprecation - HHH90000025: PostgreSQLDialect does not need to be specified explicitly using 'hibernate.dialect' (remove the property setting and it will be selected by default)
2026-08-02 00:25:56 [restartedMain] INFO  o.hibernate.orm.connections.pooling - HHH10001005: Database info:
	Database JDBC URL [Connecting through datasource 'HikariDataSource (HikariPool-1)']
	Database driver: undefined/unknown
	Database version: 18.4
	Autocommit mode: undefined/unknown
	Isolation level: undefined/unknown
	Minimum pool size: undefined/unknown
	Maximum pool size: undefined/unknown
2026-08-02 00:25:57 [restartedMain] INFO  o.h.e.t.j.p.i.JtaPlatformInitiator - HHH000489: No JTA platform available (set 'hibernate.transaction.jta.platform' to enable JTA platform integration)
2026-08-02 00:25:58 [restartedMain] INFO  o.s.o.j.LocalContainerEntityManagerFactoryBean - Initialized JPA EntityManagerFactory for persistence unit 'default'
2026-08-02 00:25:59 [restartedMain] DEBUG c.i.s.s.JwtAuthenticationFilter - Filter 'jwtAuthenticationFilter' configured for use
2026-08-02 00:25:59 [restartedMain] INFO  o.s.d.j.r.query.QueryEnhancerFactory - Hibernate is in classpath; If applicable, HQL parser will be used.
2026-08-02 00:26:02 [restartedMain] INFO  c.i.o.a.decision.DecisionEngineImpl - DecisionEngine initialized with 3 strategies
2026-08-02 00:26:02 [restartedMain] INFO  c.i.s.i.storage.LocalStorageService - LocalStorageService initialized at: C:\Users\luisv\OneDrive\Escritorio\cloniquenobot\iquenobot\uploads
2026-08-02 00:26:02 [restartedMain] INFO  c.i.o.a.action.ActionDispatcher - ActionDispatcher initialized with 15 executors
2026-08-02 00:26:02 [restartedMain] INFO  c.i.s.application.FileUploadService - File upload directory created at: C:\Users\luisv\OneDrive\Escritorio\cloniquenobot\iquenobot\uploads
2026-08-02 00:26:04 [restartedMain] INFO  c.i.o.i.config.AsyncConfig - Orchestrator event executor initialized: core=5 max=20 queue=500
2026-08-02 00:26:04 [restartedMain] WARN  o.s.b.a.s.s.UserDetailsServiceAutoConfiguration - 

Using generated security password: 5943e92a-899c-4dc2-9a4c-80e356d8069d

This generated password is for development use only. Your security configuration must be updated before running your application in production.

2026-08-02 00:26:05 [restartedMain] INFO  o.s.b.a.e.web.EndpointLinksResolver - Exposing 3 endpoints beneath base path '/actuator'
2026-08-02 00:26:05 [restartedMain] INFO  o.s.b.d.a.OptionalLiveReloadServer - LiveReload server is running on port 35729
2026-08-02 00:26:05 [restartedMain] INFO  o.s.b.w.e.tomcat.TomcatWebServer - Tomcat started on port 8085 (http) with context path '/'
2026-08-02 00:26:05 [restartedMain] INFO  com.iquenobot.IquenobotApplication - Started IquenobotApplication in 22.783 seconds (process running for 23.216)
2026-08-02 00:26:06 [restartedMain] INFO  c.i.shared.config.DataInitializer - Plans already seeded, skipping
2026-08-02 00:26:07 [restartedMain] INFO  c.i.shared.config.DataInitializer - SUPER_ADMIN already exists, skipping initialization
2026-08-02 00:26:07 [tomcat-handler-0] INFO  o.a.c.c.C.[Tomcat].[localhost].[/] - Initializing Spring DispatcherServlet 'dispatcherServlet'
2026-08-02 00:26:07 [tomcat-handler-0] INFO  o.s.web.servlet.DispatcherServlet - Initializing Servlet 'dispatcherServlet'
2026-08-02 00:26:07 [tomcat-handler-0] INFO  o.s.web.servlet.DispatcherServlet - Completed initialization in 2 ms
2026-08-02 00:26:07 [tomcat-handler-0] DEBUG c.i.s.w.NotificationWebSocketHandler - WebSocket connected: user=935532dc-b311-4071-851e-71e87089679a tenant=d563b428-b1a9-4bf3-af62-a175e92e8e18 sessions=1
2026-08-02 00:26:07 [tomcat-handler-0] DEBUG c.i.s.w.NotificationWebSocketHandler - User 935532dc-b311-4071-851e-71e87089679a joined conversation 90c17489-59c9-43b3-9220-3421733aa1f6 (1 subscribers)
2026-08-02 00:26:35 [tomcat-handler-1] INFO  c.i.a.i.c.WhatsAppWebhookController - === WEBHOOK WHATSAPP RECIBIDO ===
2026-08-02 00:26:35 [tomcat-handler-1] INFO  c.i.a.i.c.WhatsAppWebhookController - Instance: mi-whatsapp Event: messages.upsert
2026-08-02 00:26:35 [tomcat-handler-1] INFO  c.i.a.i.c.WhatsAppWebhookController - Payload - event: messages.upsert, instanceId: null, from: null, messageId: null, type: null, text: null
2026-08-02 00:26:35 [tomcat-handler-1] INFO  c.i.a.i.c.WhatsAppWebhookController - Payload - data present: SI, data keys: [key, pushName, status, message, messageType, messageTimestamp, instanceId, source]
2026-08-02 00:26:35 [tomcat-handler-1] INFO  c.i.o.a.WhatsAppWebhookAdapter - Processing Evolution webhook for instance=mi-whatsapp
2026-08-02 00:26:35 [tomcat-handler-1] DEBUG c.i.o.a.WhatsAppWebhookAdapter - Evolution webhook data={key={remoteJid=120363410274514725@g.us, fromMe=true, id=A500FBCB24DAE6EB88F702E59960EA35, participant=181161838002355@lid, addressingMode=lid}, pushName=LuisDev, status=SERVER_ACK, message={senderKeyDistributionMessage={groupId=120363410274514725@g.us, axolotlSenderKeyDistributionMessage={0=51, 1=8, 2=186, 3=232, 4=157, 5=63, 6=16, 7=0, 8=26, 9=32, 10=160, 11=54, 12=79, 13=135, 14=39, 15=187, 16=220, 17=236, 18=136, 19=215, 20=95, 21=143, 22=227, 23=113, 24=79, 25=8, 26=1, 27=182, 28=120, 29=166, 30=248, 31=162, 32=234, 33=235, 34=141, 35=2, 36=59, 37=23, 38=33, 39=73, 40=58, 41=14, 42=34, 43=33, 44=5, 45=41, 46=208, 47=158, 48=189, 49=1, 50=177, 51=176, 52=44, 53=28, 54=225, 55=97, 56=254, 57=218, 58=17, 59=35, 60=183, 61=233, 62=3, 63=90, 64=1, 65=154, 66=253, 67=233, 68=250, 69=28, 70=215, 71=224, 72=79, 73=145, 74=239, 75=193, 76=85}}, messageContextInfo={threadId=[], messageSecret={0=147, 1=232, 2=124, 3=153, 4=202, 5=171, 6=36, 7=220, 8=36, 9=235, 10=215, 11=228, 12=171, 13=218, 14=46, 15=154, 16=172, 17=144, 18=171, 19=246, 20=45, 21=18, 22=144, 23=241, 24=215, 25=244, 26=144, 27=201, 28=183, 29=193, 30=70, 31=187}}, conversation=Uuuuuu}, messageType=conversation, messageTimestamp=1785648394, instanceId=50ca41c7-d60d-4ffa-bfc6-4328c6a10ad8, source=android}
2026-08-02 00:26:36 [tomcat-handler-1] INFO  c.i.o.a.WhatsAppWebhookAdapter - New WhatsApp message from +181161838002355 | type=conversation | msgId=A500FBCB24DAE6EB88F702E59960EA35
2026-08-02 00:26:36 [tomcat-handler-1] INFO  c.i.o.a.WhatsAppWebhookAdapter - WhatsApp direction: OUTBOUND
2026-08-02 00:26:36 [tomcat-handler-1] WARN  c.i.a.i.w.EvolutionApiProvider - Error obteniendo nombre del grupo 120363410274514725@g.us (GET): 400 Bad Request on GET request for "http://localhost:8080/group/findGroupInfos/mi-whatsapp": "{"status":400,"error":"Bad Request","response":{"message":[{"property":"groupJid","message":"groupJid does not match pattern \"^[\\\\d-]+@g.us$\""}]}}"
2026-08-02 00:26:36 [tomcat-handler-1] WARN  c.i.a.i.w.EvolutionApiProvider - Error obteniendo nombre del grupo 120363410274514725@g.us (POST): 404 Not Found on POST request for "http://localhost:8080/group/findGroupInfos/mi-whatsapp": "{"status":404,"error":"Not Found","response":{"message":["Cannot POST /group/findGroupInfos/mi-whatsapp"]}}"
2026-08-02 00:26:36 [tomcat-handler-1] INFO  c.i.o.a.WhatsAppWebhookAdapter - Incoming WhatsApp message processed: from=+181161838002355 direction=OUTBOUND type=TEXT content=Uuuuuu
2026-08-02 00:26:36 [tomcat-handler-1] INFO  c.i.o.a.ConversationOrchestrator - Orchestrator processing message from channel=WHATSAPP source=+181161838002355
2026-08-02 00:26:36 [tomcat-handler-1] INFO  c.i.o.a.ConversationOrchestrator - Orchestrator processing message from channel=WHATSAPP source=+181161838002355
2026-08-02 00:26:36 [tomcat-handler-1] INFO  c.i.o.a.pipeline.MessagePipeline - Starting message pipeline with 10 steps for channel: WHATSAPP
2026-08-02 00:26:36 [tomcat-handler-1] DEBUG c.i.o.a.pipeline.ValidationStep - Validation passed for message from channel=WHATSAPP source=+181161838002355
2026-08-02 00:26:36 [tomcat-handler-1] DEBUG c.i.o.a.pipeline.MessagePipeline - Pipeline step ValidationStep completed in 0ms
2026-08-02 00:26:37 [tomcat-handler-1] DEBUG c.i.o.a.p.TenantResolutionStep - Tenant resolved: id=d563b428-b1a9-4bf3-af62-a175e92e8e18 subdomain=midemo
2026-08-02 00:26:37 [tomcat-handler-1] DEBUG c.i.o.a.pipeline.MessagePipeline - Pipeline step TenantResolutionStep completed in 610ms
2026-08-02 00:26:37 [tomcat-handler-1] DEBUG c.i.o.a.p.ContactResolutionStep - Searching contact for tenant=d563b428-b1a9-4bf3-af62-a175e92e8e18 phone=+181161838002355
2026-08-02 00:26:37 [tomcat-handler-1] DEBUG c.i.o.a.p.ContactResolutionStep - Contact resolved: id=c0493771-3b81-450e-9585-d51a455f3f8f name=+181161838002355 phone=+181161838002355
2026-08-02 00:26:37 [tomcat-handler-1] DEBUG c.i.o.a.pipeline.MessagePipeline - Pipeline step ContactResolutionStep$$SpringCGLIB$$0 completed in 333ms
2026-08-02 00:26:37 [tomcat-handler-1] DEBUG c.i.o.i.event.SpringEventPublisher - Publishing event: type=CONVERSATION_CREATED tenantId=d563b428-b1a9-4bf3-af62-a175e92e8e18 conversationId=32029952-f126-4113-8f6b-9b76ab4578a1
2026-08-02 00:26:37 [orchestrator-event-1] INFO  c.i.o.i.event.AnalyticsEventListener - Analytics: Conversation created - tenantId=d563b428-b1a9-4bf3-af62-a175e92e8e18 conversationId=32029952-f126-4113-8f6b-9b76ab4578a1 channel=WHATSAPP
2026-08-02 00:26:37 [orchestrator-event-2] INFO  c.i.o.i.event.AuditEventListener - Audit: Conversation created - conversationId=32029952-f126-4113-8f6b-9b76ab4578a1 channel=WHATSAPP tenantId=d563b428-b1a9-4bf3-af62-a175e92e8e18
2026-08-02 00:26:37 [tomcat-handler-1] INFO  c.i.o.a.p.ConversationResolutionStep - New conversation created: id=32029952-f126-4113-8f6b-9b76ab4578a1 key=WHATSAPP:120363410274514725@g.us group=true subject=Grupo 120363410274514725
2026-08-02 00:26:37 [tomcat-handler-1] DEBUG c.i.o.a.p.ConversationResolutionStep - Conversation resolved: id=32029952-f126-4113-8f6b-9b76ab4578a1 status=OPEN channel=WHATSAPP conversationKey=WHATSAPP:120363410274514725@g.us
2026-08-02 00:26:38 [tomcat-handler-1] DEBUG c.i.o.a.pipeline.MessagePipeline - Pipeline step ConversationResolutionStep$$SpringCGLIB$$0 completed in 1140ms
2026-08-02 00:26:39 [tomcat-handler-1] DEBUG c.i.o.a.p.BotConfigurationResolutionStep - Bot configuration resolved: enabled=true aiProvider=GROQ
2026-08-02 00:26:39 [tomcat-handler-1] DEBUG c.i.o.a.pipeline.MessagePipeline - Pipeline step BotConfigurationResolutionStep completed in 392ms
2026-08-02 00:26:39 [tomcat-handler-1] DEBUG c.i.o.a.p.WorkingHoursResolutionStep - Working hours resolved: enabled=true isOpen=false
2026-08-02 00:26:39 [tomcat-handler-1] DEBUG c.i.o.a.pipeline.MessagePipeline - Pipeline step WorkingHoursResolutionStep completed in 188ms
2026-08-02 00:26:39 [tomcat-handler-1] DEBUG c.i.o.a.p.ConversationContextResolutionStep - Conversation context resolved: totalMessages=0 consecutiveBotResponses=0 firstMessage=true
2026-08-02 00:26:39 [tomcat-handler-1] DEBUG c.i.o.a.pipeline.MessagePipeline - Pipeline step ConversationContextResolutionStep completed in 182ms
2026-08-02 00:26:39 [tomcat-handler-1] DEBUG c.i.o.a.p.MessagePersistenceStep - Message persisted: id=a29be7b4-408f-443a-8420-c2795fd7a359 conversation=32029952-f126-4113-8f6b-9b76ab4578a1 type=TEXT
2026-08-02 00:26:40 [tomcat-handler-1] DEBUG c.i.o.a.pipeline.MessagePipeline - Pipeline step MessagePersistenceStep$$SpringCGLIB$$0 completed in 520ms
2026-08-02 00:26:40 [tomcat-handler-1] DEBUG c.i.o.a.pipeline.MetricsUpdateStep - Metrics updated: contact=c0493771-3b81-450e-9585-d51a455f3f8f conversation=32029952-f126-4113-8f6b-9b76ab4578a1
2026-08-02 00:26:40 [tomcat-handler-1] DEBUG c.i.o.a.pipeline.MessagePipeline - Pipeline step MetricsUpdateStep$$SpringCGLIB$$0 completed in 370ms
2026-08-02 00:26:40 [tomcat-handler-1] INFO  c.i.o.application.pipeline.AuditStep - AUDIT|tenantId=d563b428-b1a9-4bf3-af62-a175e92e8e18|conversationId=32029952-f126-4113-8f6b-9b76ab4578a1|contactId=c0493771-3b81-450e-9585-d51a455f3f8f|messageId=A500FBCB24DAE6EB88F702E59960EA35|channel=WHATSAPP|type=TEXT
2026-08-02 00:26:40 [tomcat-handler-1] DEBUG c.i.o.a.pipeline.MessagePipeline - Pipeline step AuditStep completed in 0ms
2026-08-02 00:26:40 [tomcat-handler-1] INFO  c.i.o.a.pipeline.MessagePipeline - Message pipeline completed in 3743ms
2026-08-02 00:26:40 [tomcat-handler-1] DEBUG c.i.o.i.event.SpringEventPublisher - Publishing event: type=MESSAGE_RECEIVED tenantId=d563b428-b1a9-4bf3-af62-a175e92e8e18 conversationId=32029952-f126-4113-8f6b-9b76ab4578a1
2026-08-02 00:26:40 [orchestrator-event-4] INFO  c.i.o.i.event.AnalyticsEventListener - Analytics: Message received - tenantId=d563b428-b1a9-4bf3-af62-a175e92e8e18 conversationId=32029952-f126-4113-8f6b-9b76ab4578a1 channel=WHATSAPP
2026-08-02 00:26:40 [orchestrator-event-5] DEBUG c.i.o.i.event.AuditEventListener - Persisting audit log for message received: messageId=A500FBCB24DAE6EB88F702E59960EA35
2026-08-02 00:26:40 [tomcat-handler-1] DEBUG c.i.o.a.decision.DecisionEngineImpl - Running decision engine with 3 strategies
2026-08-02 00:26:40 [tomcat-handler-1] DEBUG c.i.o.a.d.AgentAssignmentStrategy - No agent assigned and conversation is OPEN, assigning agent
2026-08-02 00:26:40 [tomcat-handler-1] DEBUG c.i.o.a.decision.DecisionEngineImpl - Strategy AgentAssignmentStrategy decided: action=ASSIGN_AGENT reason=Conversation requires human agent
2026-08-02 00:26:40 [tomcat-handler-1] DEBUG c.i.o.a.action.ActionDispatcher - Dispatching action: ASSIGN_AGENT to executor: AssignAgentExecutor$$SpringCGLIB$$0
2026-08-02 00:26:42 [tomcat-handler-1] DEBUG c.i.o.i.event.SpringEventPublisher - Publishing event: type=AGENT_ASSIGNED tenantId=d563b428-b1a9-4bf3-af62-a175e92e8e18 conversationId=32029952-f126-4113-8f6b-9b76ab4578a1
2026-08-02 00:26:42 [orchestrator-event-2] INFO  c.i.o.i.event.AnalyticsEventListener - Analytics: Agent assigned - tenantId=d563b428-b1a9-4bf3-af62-a175e92e8e18 conversationId=32029952-f126-4113-8f6b-9b76ab4578a1 agentId=95e009fb-66e9-437c-9d35-be4df58d425f
2026-08-02 00:26:42 [orchestrator-event-2] INFO  c.i.o.i.event.AuditEventListener - Audit: Agent assigned - conversationId=32029952-f126-4113-8f6b-9b76ab4578a1 agentId=95e009fb-66e9-437c-9d35-be4df58d425f tenantId=d563b428-b1a9-4bf3-af62-a175e92e8e18
2026-08-02 00:26:42 [tomcat-handler-1] INFO  c.i.o.a.action.AssignAgentExecutor - Conversation 32029952-f126-4113-8f6b-9b76ab4578a1 assigned to agent 95e009fb-66e9-437c-9d35-be4df58d425f (least busy, 1 active conversations)
2026-08-02 00:26:42 [orchestrator-event-2] INFO  c.i.n.a.NotificationService - Notification created: a7297fbc-5b87-4893-962f-dc5090b4625a for user: 95e009fb-66e9-437c-9d35-be4df58d425f
2026-08-02 00:26:42 [tomcat-handler-1] DEBUG c.i.o.i.event.SpringEventPublisher - Publishing event: type=ACTION_EXECUTED tenantId=d563b428-b1a9-4bf3-af62-a175e92e8e18 conversationId=32029952-f126-4113-8f6b-9b76ab4578a1
2026-08-02 00:26:42 [tomcat-handler-1] INFO  c.i.o.a.ConversationOrchestrator - Message processed successfully in 6044ms. decision=ASSIGN_AGENT
2026-08-02 00:26:42 [orchestrator-event-1] DEBUG c.i.o.i.event.AuditEventListener - Audit: Action executed - action=ASSIGN_AGENT processingTime=6044ms tenantId=d563b428-b1a9-4bf3-af62-a175e92e8e18
2026-08-02 00:26:42 [orchestrator-event-3] DEBUG c.i.o.i.e.NotificationEventListener - Action executed event processed: action=ASSIGN_AGENT
2026-08-02 00:26:42 [orchestrator-event-4] DEBUG c.i.o.i.event.AnalyticsEventListener - Analytics: Action executed - tenantId=d563b428-b1a9-4bf3-af62-a175e92e8e18 conversationId=32029952-f126-4113-8f6b-9b76ab4578a1 action=ASSIGN_AGENT time=6044ms
2026-08-02 00:26:42 [orchestrator-event-4] DEBUG c.i.o.i.m.OrchestratorMetricsService - Metrics recorded: channel=WHATSAPP action=ASSIGN_AGENT time=6044ms
2026-08-02 00:26:42 [tomcat-handler-1] INFO  c.i.a.i.c.WhatsAppWebhookController - === WEBHOOK PROCESADO EXITOSAMENTE ===
2026-08-02 00:26:45 [tomcat-handler-2] DEBUG c.i.s.w.NotificationWebSocketHandler - User 935532dc-b311-4071-851e-71e87089679a left conversation 90c17489-59c9-43b3-9220-3421733aa1f6
2026-08-02 00:26:45 [tomcat-handler-3] DEBUG c.i.s.w.NotificationWebSocketHandler - User 935532dc-b311-4071-851e-71e87089679a left conversation 90c17489-59c9-43b3-9220-3421733aa1f6
2026-08-02 00:26:45 [tomcat-handler-4] DEBUG c.i.s.w.NotificationWebSocketHandler - User 935532dc-b311-4071-851e-71e87089679a joined conversation 32029952-f126-4113-8f6b-9b76ab4578a1 (1 subscribers)
2026-08-02 00:26:45 [tomcat-handler-6] DEBUG c.i.s.s.JwtAuthenticationFilter - User authenticated: 935532dc-b311-4071-851e-71e87089679a for tenant: d563b428-b1a9-4bf3-af62-a175e92e8e18
2026-08-02 00:26:45 [tomcat-handler-5] DEBUG c.i.s.s.JwtAuthenticationFilter - User authenticated: 935532dc-b311-4071-851e-71e87089679a for tenant: d563b428-b1a9-4bf3-af62-a175e92e8e18
2026-08-02 00:26:47 [tomcat-handler-7] DEBUG c.i.s.s.JwtAuthenticationFilter - User authenticated: 935532dc-b311-4071-851e-71e87089679a for tenant: d563b428-b1a9-4bf3-af62-a175e92e8e18
2026-08-02 00:26:47 [tomcat-handler-7] INFO  c.i.c.a.ConversationService - Marked 0 messages as read in conversation 32029952-f126-4113-8f6b-9b76ab4578a1 for tenant d563b428-b1a9-4bf3-af62-a175e92e8e18 (conversation rows updated=1)
2026-08-02 00:26:48 [tomcat-handler-9] DEBUG c.i.s.w.NotificationWebSocketHandler - User 935532dc-b311-4071-851e-71e87089679a left conversation 32029952-f126-4113-8f6b-9b76ab4578a1
2026-08-02 00:26:48 [tomcat-handler-10] DEBUG c.i.s.w.NotificationWebSocketHandler - User 935532dc-b311-4071-851e-71e87089679a left conversation 32029952-f126-4113-8f6b-9b76ab4578a1
2026-08-02 00:26:48 [tomcat-handler-11] DEBUG c.i.s.w.NotificationWebSocketHandler - User 935532dc-b311-4071-851e-71e87089679a joined conversation 90c17489-59c9-43b3-9220-3421733aa1f6 (1 subscribers)
2026-08-02 00:26:48 [tomcat-handler-12] DEBUG c.i.s.s.JwtAuthenticationFilter - User authenticated: 935532dc-b311-4071-851e-71e87089679a for tenant: d563b428-b1a9-4bf3-af62-a175e92e8e18
2026-08-02 00:26:48 [tomcat-handler-13] DEBUG c.i.s.s.JwtAuthenticationFilter - User authenticated: 935532dc-b311-4071-851e-71e87089679a for tenant: d563b428-b1a9-4bf3-af62-a175e92e8e18
2026-08-02 00:26:48 [tomcat-handler-14] DEBUG c.i.s.s.JwtAuthenticationFilter - User authenticated: 935532dc-b311-4071-851e-71e87089679a for tenant: d563b428-b1a9-4bf3-af62-a175e92e8e18
2026-08-02 00:26:49 [tomcat-handler-12] DEBUG c.i.s.e.GlobalExceptionHandler - Resource not found (expected): Conversación no encontrada
2026-08-02 00:26:49 [tomcat-handler-13] DEBUG c.i.s.e.GlobalExceptionHandler - Resource not found (expected): Conversación no encontrada
2026-08-02 00:26:49 [tomcat-handler-14] DEBUG c.i.s.e.GlobalExceptionHandler - Resource not found (expected): Conversación no encontrada
2026-08-02 00:26:49 [tomcat-handler-14] WARN  o.s.w.s.m.m.a.ExceptionHandlerExceptionResolver - Resolved [com.iquenobot.shared.exception.ResourceNotFoundException: Conversación no encontrada]
2026-08-02 00:26:49 [tomcat-handler-12] WARN  o.s.w.s.m.m.a.ExceptionHandlerExceptionResolver - Resolved [com.iquenobot.shared.exception.ResourceNotFoundException: Conversación no encontrada]
2026-08-02 00:26:49 [tomcat-handler-13] WARN  o.s.w.s.m.m.a.ExceptionHandlerExceptionResolver - Resolved [com.iquenobot.shared.exception.ResourceNotFoundException: Conversación no encontrada]
2026-08-02 00:26:50 [tomcat-handler-15] DEBUG c.i.s.s.JwtAuthenticationFilter - User authenticated: 935532dc-b311-4071-851e-71e87089679a for tenant: d563b428-b1a9-4bf3-af62-a175e92e8e18
2026-08-02 00:26:50 [tomcat-handler-16] DEBUG c.i.s.s.JwtAuthenticationFilter - User authenticated: 935532dc-b311-4071-851e-71e87089679a for tenant: d563b428-b1a9-4bf3-af62-a175e92e8e18
2026-08-02 00:26:51 [tomcat-handler-16] DEBUG c.i.s.e.GlobalExceptionHandler - Resource not found (expected): Conversación no encontrada
2026-08-02 00:26:51 [tomcat-handler-15] DEBUG c.i.s.e.GlobalExceptionHandler - Resource not found (expected): Conversación no encontrada
2026-08-02 00:26:51 [tomcat-handler-15] WARN  o.s.w.s.m.m.a.ExceptionHandlerExceptionResolver - Resolved [com.iquenobot.shared.exception.ResourceNotFoundException: Conversación no encontrada]
2026-08-02 00:26:51 [tomcat-handler-16] WARN  o.s.w.s.m.m.a.ExceptionHandlerExceptionResolver - Resolved [com.iquenobot.shared.exception.ResourceNotFoundException: Conversación no encontrada]
2026-08-02 00:26:52 [tomcat-handler-17] DEBUG c.i.s.s.JwtAuthenticationFilter - User authenticated: 935532dc-b311-4071-851e-71e87089679a for tenant: d563b428-b1a9-4bf3-af62-a175e92e8e18
2026-08-02 00:26:52 [tomcat-handler-17] DEBUG c.i.s.e.GlobalExceptionHandler - Resource not found (expected): Conversación no encontrada
2026-08-02 00:26:52 [tomcat-handler-17] WARN  o.s.w.s.m.m.a.ExceptionHandlerExceptionResolver - Resolved [com.iquenobot.shared.exception.ResourceNotFoundException: Conversación no encontrada]
2026-08-02 00:26:58 [tomcat-handler-18] DEBUG c.i.s.w.NotificationWebSocketHandler - User 935532dc-b311-4071-851e-71e87089679a left conversation 90c17489-59c9-43b3-9220-3421733aa1f6
2026-08-02 00:26:58 [tomcat-handler-19] DEBUG c.i.s.w.NotificationWebSocketHandler - User 935532dc-b311-4071-851e-71e87089679a left conversation 90c17489-59c9-43b3-9220-3421733aa1f6
2026-08-02 00:26:58 [tomcat-handler-20] DEBUG c.i.s.w.NotificationWebSocketHandler - User 935532dc-b311-4071-851e-71e87089679a joined conversation 32029952-f126-4113-8f6b-9b76ab4578a1 (1 subscribers)
2026-08-02 00:26:58 [tomcat-handler-21] DEBUG c.i.s.s.JwtAuthenticationFilter - User authenticated: 935532dc-b311-4071-851e-71e87089679a for tenant: d563b428-b1a9-4bf3-af62-a175e92e8e18
2026-08-02 00:26:59 [tomcat-handler-21] INFO  c.i.c.a.ConversationService - Marked 0 messages as read in conversation 32029952-f126-4113-8f6b-9b76ab4578a1 for tenant d563b428-b1a9-4bf3-af62-a175e92e8e18 (conversation rows updated=1)
2026-08-02 00:26:59 [tomcat-handler-22] DEBUG c.i.s.w.NotificationWebSocketHandler - User 935532dc-b311-4071-851e-71e87089679a left conversation 32029952-f126-4113-8f6b-9b76ab4578a1
2026-08-02 00:26:59 [tomcat-handler-24] DEBUG c.i.s.s.JwtAuthenticationFilter - User authenticated: 935532dc-b311-4071-851e-71e87089679a for tenant: d563b428-b1a9-4bf3-af62-a175e92e8e18
2026-08-02 00:26:59 [tomcat-handler-22] DEBUG c.i.s.w.NotificationWebSocketHandler - User 935532dc-b311-4071-851e-71e87089679a left conversation 32029952-f126-4113-8f6b-9b76ab4578a1
2026-08-02 00:26:59 [tomcat-handler-22] DEBUG c.i.s.w.NotificationWebSocketHandler - User 935532dc-b311-4071-851e-71e87089679a joined conversation 90c17489-59c9-43b3-9220-3421733aa1f6 (1 subscribers)
2026-08-02 00:26:59 [tomcat-handler-23] DEBUG c.i.s.s.JwtAuthenticationFilter - User authenticated: 935532dc-b311-4071-851e-71e87089679a for tenant: d563b428-b1a9-4bf3-af62-a175e92e8e18
2026-08-02 00:26:59 [tomcat-handler-25] DEBUG c.i.s.s.JwtAuthenticationFilter - User authenticated: 935532dc-b311-4071-851e-71e87089679a for tenant: d563b428-b1a9-4bf3-af62-a175e92e8e18
2026-08-02 00:26:59 [tomcat-handler-24] DEBUG c.i.s.e.GlobalExceptionHandler - Resource not found (expected): Conversación no encontrada
2026-08-02 00:26:59 [tomcat-handler-24] WARN  o.s.w.s.m.m.a.ExceptionHandlerExceptionResolver - Resolved [com.iquenobot.shared.exception.ResourceNotFoundException: Conversación no encontrada]
2026-08-02 00:27:00 [tomcat-handler-23] DEBUG c.i.s.e.GlobalExceptionHandler - Resource not found (expected): Conversación no encontrada
2026-08-02 00:27:00 [tomcat-handler-25] DEBUG c.i.s.e.GlobalExceptionHandler - Resource not found (expected): Conversación no encontrada
2026-08-02 00:27:00 [tomcat-handler-25] WARN  o.s.w.s.m.m.a.ExceptionHandlerExceptionResolver - Resolved [com.iquenobot.shared.exception.ResourceNotFoundException: Conversación no encontrada]
2026-08-02 00:27:00 [tomcat-handler-23] WARN  o.s.w.s.m.m.a.ExceptionHandlerExceptionResolver - Resolved [com.iquenobot.shared.exception.ResourceNotFoundException: Conversación no encontrada]
2026-08-02 00:27:00 [tomcat-handler-26] DEBUG c.i.s.w.NotificationWebSocketHandler - User 935532dc-b311-4071-851e-71e87089679a left conversation 90c17489-59c9-43b3-9220-3421733aa1f6
2026-08-02 00:27:00 [tomcat-handler-27] DEBUG c.i.s.s.JwtAuthenticationFilter - User authenticated: 935532dc-b311-4071-851e-71e87089679a for tenant: d563b428-b1a9-4bf3-af62-a175e92e8e18
2026-08-02 00:27:01 [tomcat-handler-28] DEBUG c.i.s.s.JwtAuthenticationFilter - User authenticated: 935532dc-b311-4071-851e-71e87089679a for tenant: d563b428-b1a9-4bf3-af62-a175e92e8e18
2026-08-02 00:27:01 [tomcat-handler-28] DEBUG c.i.s.e.GlobalExceptionHandler - Resource not found (expected): Conversación no encontrada
2026-08-02 00:27:01 [tomcat-handler-28] WARN  o.s.w.s.m.m.a.ExceptionHandlerExceptionResolver - Resolved [com.iquenobot.shared.exception.ResourceNotFoundException: Conversación no encontrada]
2026-08-02 00:27:01 [tomcat-handler-29] DEBUG c.i.s.s.JwtAuthenticationFilter - User authenticated: 935532dc-b311-4071-851e-71e87089679a for tenant: d563b428-b1a9-4bf3-af62-a175e92e8e18
2026-08-02 00:27:03 [tomcat-handler-30] DEBUG c.i.s.w.NotificationWebSocketHandler - User 935532dc-b311-4071-851e-71e87089679a left conversation 32029952-f126-4113-8f6b-9b76ab4578a1
2026-08-02 00:27:03 [tomcat-handler-30] DEBUG c.i.s.w.NotificationWebSocketHandler - User 935532dc-b311-4071-851e-71e87089679a joined conversation 32029952-f126-4113-8f6b-9b76ab4578a1 (1 subscribers)
2026-08-02 00:27:03 [tomcat-handler-31] DEBUG c.i.s.s.JwtAuthenticationFilter - User authenticated: 935532dc-b311-4071-851e-71e87089679a for tenant: d563b428-b1a9-4bf3-af62-a175e92e8e18
2026-08-02 00:27:04 [tomcat-handler-31] INFO  c.i.c.a.ConversationService - Marked 0 messages as read in conversation 32029952-f126-4113-8f6b-9b76ab4578a1 for tenant d563b428-b1a9-4bf3-af62-a175e92e8e18 (conversation rows updated=1)
2026-08-02 00:28:45 [File Watcher] INFO  o.s.b.d.a.LocalDevToolsAutoConfiguration$RestartingClassPathChangeChangedEventListener - Restarting due to 1 class path change (0 additions, 0 deletions, 1 modification)
2026-08-02 00:28:45 [Thread-5] INFO  o.s.b.w.e.tomcat.GracefulShutdown - Commencing graceful shutdown. Waiting for active requests to complete
2026-08-02 00:28:45 [tomcat-shutdown] INFO  o.s.b.w.e.tomcat.GracefulShutdown - Graceful shutdown complete
2026-08-02 00:28:45 [Thread-5] INFO  o.s.o.j.LocalContainerEntityManagerFactoryBean - Closing JPA EntityManagerFactory for persistence unit 'default'
2026-08-02 00:28:45 [Thread-5] INFO  com.zaxxer.hikari.HikariDataSource - HikariPool-1 - Shutdown initiated...
2026-08-02 00:28:46 [Thread-5] INFO  com.zaxxer.hikari.HikariDataSource - HikariPool-1 - Shutdown completed.
2026-08-02 00:28:46 [Thread-5] DEBUG c.i.s.w.NotificationWebSocketHandler - WebSocket transport error: user=935532dc-b311-4071-851e-71e87089679a error=java.nio.channels.ClosedChannelException
2026-08-02 00:28:46 [Thread-5] DEBUG c.i.s.w.NotificationWebSocketHandler - WebSocket disconnected: user=935532dc-b311-4071-851e-71e87089679a status=CloseStatus[code=1001, reason=The web application is stopping]
2026-08-02 00:28:47 [restartedMain] INFO  com.iquenobot.IquenobotApplication - Starting IquenobotApplication using Java 21.0.11 with PID 23100 (C:\Users\luisv\OneDrive\Escritorio\cloniquenobot\iquenobot\target\classes started by luisv in C:\Users\luisv\OneDrive\Escritorio\cloniquenobot\iquenobot)
2026-08-02 00:28:47 [restartedMain] DEBUG com.iquenobot.IquenobotApplication - Running with Spring Boot v3.4.4, Spring v6.2.5
2026-08-02 00:28:47 [restartedMain] INFO  com.iquenobot.IquenobotApplication - The following 1 profile is active: "dev"
2026-08-02 00:28:48 [restartedMain] INFO  o.s.d.r.c.RepositoryConfigurationDelegate - Bootstrapping Spring Data JPA repositories in DEFAULT mode.
2026-08-02 00:28:48 [restartedMain] INFO  o.s.d.r.c.RepositoryConfigurationDelegate - Finished Spring Data repository scanning in 191 ms. Found 22 JPA repository interfaces.
2026-08-02 00:28:48 [restartedMain] INFO  o.s.b.w.e.tomcat.TomcatWebServer - Tomcat initialized with port 8085 (http)
2026-08-02 00:28:48 [restartedMain] INFO  o.a.catalina.core.StandardService - Starting service [Tomcat]
2026-08-02 00:28:48 [restartedMain] INFO  o.a.catalina.core.StandardEngine - Starting Servlet engine: [Apache Tomcat/10.1.39]
2026-08-02 00:28:48 [restartedMain] INFO  o.a.c.c.C.[Tomcat].[localhost].[/] - Initializing Spring embedded WebApplicationContext
2026-08-02 00:28:48 [restartedMain] INFO  o.s.b.w.s.c.ServletWebServerApplicationContext - Root WebApplicationContext: initialization completed in 1587 ms
2026-08-02 00:28:48 [restartedMain] INFO  com.zaxxer.hikari.HikariDataSource - HikariPool-2 - Starting...
2026-08-02 00:28:50 [restartedMain] INFO  com.zaxxer.hikari.pool.HikariPool - HikariPool-2 - Added connection org.postgresql.jdbc.PgConnection@5d3d18a2
2026-08-02 00:28:50 [restartedMain] INFO  com.zaxxer.hikari.HikariDataSource - HikariPool-2 - Start completed.
2026-08-02 00:28:50 [restartedMain] INFO  org.flywaydb.core.FlywayExecutor - Database: jdbc:postgresql://ep-delicate-bird-axk10rcp-pooler.c-4.us-east-2.aws.neon.tech:5432/neondb?sslmode=require (PostgreSQL 18.4)
2026-08-02 00:28:51 [restartedMain] WARN  o.f.c.i.database.base.Database - Flyway upgrade recommended: PostgreSQL 18.4 is newer than this version of Flyway and support has not been tested. The latest supported version of PostgreSQL is 17.
2026-08-02 00:28:52 [restartedMain] INFO  o.f.core.internal.command.DbValidate - Successfully validated 34 migrations (execution time 00:00.590s)
2026-08-02 00:28:54 [restartedMain] INFO  o.f.core.internal.command.DbMigrate - Current version of schema "public": 034
2026-08-02 00:28:54 [restartedMain] INFO  o.f.core.internal.command.DbMigrate - Schema "public" is up to date. No migration necessary.
2026-08-02 00:28:55 [restartedMain] INFO  o.h.jpa.internal.util.LogHelper - HHH000204: Processing PersistenceUnitInfo [name: default]
2026-08-02 00:28:55 [restartedMain] INFO  o.h.c.i.RegionFactoryInitiator - HHH000026: Second-level cache disabled
2026-08-02 00:28:55 [restartedMain] INFO  o.s.o.j.p.SpringPersistenceUnitInfo - No LoadTimeWeaver setup: ignoring JPA class transformer
2026-08-02 00:28:55 [restartedMain] WARN  org.hibernate.orm.deprecation - HHH90000025: PostgreSQLDialect does not need to be specified explicitly using 'hibernate.dialect' (remove the property setting and it will be selected by default)
2026-08-02 00:28:56 [restartedMain] INFO  o.hibernate.orm.connections.pooling - HHH10001005: Database info:
	Database JDBC URL [Connecting through datasource 'HikariDataSource (HikariPool-2)']
	Database driver: undefined/unknown
	Database version: 18.4
	Autocommit mode: undefined/unknown
	Isolation level: undefined/unknown
	Minimum pool size: undefined/unknown
	Maximum pool size: undefined/unknown
2026-08-02 00:28:57 [restartedMain] INFO  o.h.e.t.j.p.i.JtaPlatformInitiator - HHH000489: No JTA platform available (set 'hibernate.transaction.jta.platform' to enable JTA platform integration)
2026-08-02 00:28:58 [restartedMain] INFO  o.s.o.j.LocalContainerEntityManagerFactoryBean - Initialized JPA EntityManagerFactory for persistence unit 'default'
2026-08-02 00:28:58 [restartedMain] DEBUG c.i.s.s.JwtAuthenticationFilter - Filter 'jwtAuthenticationFilter' configured for use
2026-08-02 00:28:59 [restartedMain] INFO  c.i.o.a.decision.DecisionEngineImpl - DecisionEngine initialized with 3 strategies
2026-08-02 00:29:00 [restartedMain] INFO  c.i.s.i.storage.LocalStorageService - LocalStorageService initialized at: C:\Users\luisv\OneDrive\Escritorio\cloniquenobot\iquenobot\uploads
2026-08-02 00:29:00 [restartedMain] INFO  c.i.o.a.action.ActionDispatcher - ActionDispatcher initialized with 15 executors
2026-08-02 00:29:00 [restartedMain] INFO  c.i.s.application.FileUploadService - File upload directory created at: C:\Users\luisv\OneDrive\Escritorio\cloniquenobot\iquenobot\uploads
2026-08-02 00:29:02 [restartedMain] INFO  c.i.o.i.config.AsyncConfig - Orchestrator event executor initialized: core=5 max=20 queue=500
2026-08-02 00:29:02 [restartedMain] WARN  o.s.b.a.s.s.UserDetailsServiceAutoConfiguration - 

Using generated security password: 4e30aec7-1ab0-4439-aebd-00c1fcdefa40

This generated password is for development use only. Your security configuration must be updated before running your application in production.

2026-08-02 00:29:02 [restartedMain] INFO  o.s.b.a.e.web.EndpointLinksResolver - Exposing 3 endpoints beneath base path '/actuator'
2026-08-02 00:29:03 [restartedMain] INFO  o.s.b.d.a.OptionalLiveReloadServer - LiveReload server is running on port 35729
2026-08-02 00:29:03 [restartedMain] INFO  o.s.b.w.e.tomcat.TomcatWebServer - Tomcat started on port 8085 (http) with context path '/'
2026-08-02 00:29:03 [restartedMain] INFO  com.iquenobot.IquenobotApplication - Started IquenobotApplication in 16.355 seconds (process running for 200.704)
2026-08-02 00:29:03 [tomcat-handler-0] INFO  o.a.c.c.C.[Tomcat].[localhost].[/] - Initializing Spring DispatcherServlet 'dispatcherServlet'
2026-08-02 00:29:03 [tomcat-handler-0] INFO  o.s.web.servlet.DispatcherServlet - Initializing Servlet 'dispatcherServlet'
2026-08-02 00:29:03 [tomcat-handler-0] INFO  o.s.web.servlet.DispatcherServlet - Completed initialization in 3 ms
2026-08-02 00:29:03 [restartedMain] INFO  c.i.shared.config.DataInitializer - Plans already seeded, skipping
2026-08-02 00:29:03 [tomcat-handler-0] DEBUG c.i.s.w.NotificationWebSocketHandler - WebSocket connected: user=935532dc-b311-4071-851e-71e87089679a tenant=d563b428-b1a9-4bf3-af62-a175e92e8e18 sessions=1
2026-08-02 00:29:03 [tomcat-handler-1] DEBUG c.i.s.w.NotificationWebSocketHandler - User 935532dc-b311-4071-851e-71e87089679a joined conversation 32029952-f126-4113-8f6b-9b76ab4578a1 (1 subscribers)
2026-08-02 00:29:04 [restartedMain] INFO  c.i.shared.config.DataInitializer - SUPER_ADMIN already exists, skipping initialization
2026-08-02 00:29:04 [restartedMain] INFO  o.s.b.d.a.ConditionEvaluationDeltaLoggingListener - Condition evaluation unchanged
2026-08-02 00:29:23 [tomcat-handler-2] DEBUG c.i.s.w.NotificationWebSocketHandler - WebSocket disconnected: user=935532dc-b311-4071-851e-71e87089679a status=CloseStatus[code=1001, reason=null]
2026-08-02 00:29:23 [tomcat-handler-4] DEBUG c.i.auth.application.AuthService - Refreshing token
2026-08-02 00:29:23 [tomcat-handler-3] DEBUG c.i.auth.application.AuthService - Refreshing token
2026-08-02 00:29:24 [tomcat-handler-3] DEBUG c.i.auth.application.AuthService - Token refreshed successfully for user: supervisor@miempresa.com
2026-08-02 00:29:24 [tomcat-handler-4] DEBUG c.i.auth.application.AuthService - Token refreshed successfully for user: supervisor@miempresa.com
2026-08-02 00:29:24 [tomcat-handler-5] DEBUG c.i.s.w.NotificationWebSocketHandler - WebSocket connected: user=935532dc-b311-4071-851e-71e87089679a tenant=d563b428-b1a9-4bf3-af62-a175e92e8e18 sessions=1
2026-08-02 00:29:24 [tomcat-handler-6] INFO  c.i.auth.application.AuthService - Attempting login for email: supervisor@miempresa.com
2026-08-02 00:29:26 [tomcat-handler-6] INFO  c.i.auth.application.AuthService - Login successful for user: supervisor@miempresa.com in tenant: midemo
2026-08-02 00:29:27 [tomcat-handler-7] DEBUG c.i.s.s.JwtAuthenticationFilter - User authenticated: 935532dc-b311-4071-851e-71e87089679a for tenant: d563b428-b1a9-4bf3-af62-a175e92e8e18
2026-08-02 00:29:37 [tomcat-handler-8] INFO  c.i.a.i.c.WhatsAppWebhookController - === WEBHOOK WHATSAPP RECIBIDO ===
2026-08-02 00:29:37 [tomcat-handler-8] INFO  c.i.a.i.c.WhatsAppWebhookController - Instance: mi-whatsapp Event: messages.upsert
2026-08-02 00:29:37 [tomcat-handler-8] INFO  c.i.a.i.c.WhatsAppWebhookController - Payload - event: messages.upsert, instanceId: null, from: null, messageId: null, type: null, text: null
2026-08-02 00:29:37 [tomcat-handler-8] INFO  c.i.a.i.c.WhatsAppWebhookController - Payload - data present: SI, data keys: [key, pushName, status, message, messageType, messageTimestamp, instanceId, source]
2026-08-02 00:29:37 [tomcat-handler-8] INFO  c.i.o.a.WhatsAppWebhookAdapter - Processing Evolution webhook for instance=mi-whatsapp
2026-08-02 00:29:37 [tomcat-handler-8] DEBUG c.i.o.a.WhatsAppWebhookAdapter - Evolution webhook data={key={remoteJid=120363410274514725@g.us, fromMe=true, id=A5DCEB93FCCB1C104AC421E51646AD9A, participant=181161838002355@lid, addressingMode=lid}, pushName=LuisDev, status=SERVER_ACK, message={conversation=Hshshdhd, messageContextInfo={threadId=[], messageSecret={0=73, 1=37, 2=157, 3=214, 4=66, 5=221, 6=204, 7=53, 8=134, 9=209, 10=197, 11=65, 12=190, 13=121, 14=142, 15=40, 16=254, 17=174, 18=99, 19=187, 20=174, 21=225, 22=233, 23=55, 24=59, 25=154, 26=248, 27=150, 28=79, 29=249, 30=62, 31=148}}}, messageType=conversation, messageTimestamp=1785648576, instanceId=50ca41c7-d60d-4ffa-bfc6-4328c6a10ad8, source=android}
2026-08-02 00:29:37 [tomcat-handler-8] INFO  c.i.o.a.WhatsAppWebhookAdapter - New WhatsApp message from +181161838002355 | type=conversation | msgId=A5DCEB93FCCB1C104AC421E51646AD9A
2026-08-02 00:29:37 [tomcat-handler-8] INFO  c.i.o.a.WhatsAppWebhookAdapter - WhatsApp direction: OUTBOUND
2026-08-02 00:29:38 [tomcat-handler-8] INFO  c.i.o.a.WhatsAppWebhookAdapter - Nombre del grupo resuelto desde Evolution: 120363410274514725@g.us -> Prueba 2
2026-08-02 00:29:38 [tomcat-handler-8] INFO  c.i.o.a.WhatsAppWebhookAdapter - Incoming WhatsApp message processed: from=+181161838002355 direction=OUTBOUND type=TEXT content=Hshshdhd
2026-08-02 00:29:38 [tomcat-handler-8] INFO  c.i.o.a.ConversationOrchestrator - Orchestrator processing message from channel=WHATSAPP source=+181161838002355
2026-08-02 00:29:38 [tomcat-handler-8] INFO  c.i.o.a.ConversationOrchestrator - Orchestrator processing message from channel=WHATSAPP source=+181161838002355
2026-08-02 00:29:38 [tomcat-handler-8] INFO  c.i.o.a.pipeline.MessagePipeline - Starting message pipeline with 10 steps for channel: WHATSAPP
2026-08-02 00:29:38 [tomcat-handler-8] DEBUG c.i.o.a.pipeline.ValidationStep - Validation passed for message from channel=WHATSAPP source=+181161838002355
2026-08-02 00:29:38 [tomcat-handler-8] DEBUG c.i.o.a.pipeline.MessagePipeline - Pipeline step ValidationStep completed in 0ms
2026-08-02 00:29:38 [tomcat-handler-8] DEBUG c.i.o.a.p.TenantResolutionStep - Tenant resolved: id=d563b428-b1a9-4bf3-af62-a175e92e8e18 subdomain=midemo
2026-08-02 00:29:38 [tomcat-handler-8] DEBUG c.i.o.a.pipeline.MessagePipeline - Pipeline step TenantResolutionStep completed in 475ms
2026-08-02 00:29:38 [tomcat-handler-8] DEBUG c.i.o.a.p.ContactResolutionStep - Searching contact for tenant=d563b428-b1a9-4bf3-af62-a175e92e8e18 phone=+181161838002355
2026-08-02 00:29:39 [tomcat-handler-8] DEBUG c.i.o.a.p.ContactResolutionStep - Contact resolved: id=c0493771-3b81-450e-9585-d51a455f3f8f name=+181161838002355 phone=+181161838002355
2026-08-02 00:29:39 [tomcat-handler-8] DEBUG c.i.o.a.pipeline.MessagePipeline - Pipeline step ContactResolutionStep$$SpringCGLIB$$0 completed in 392ms
2026-08-02 00:29:39 [tomcat-handler-8] DEBUG c.i.o.i.event.SpringEventPublisher - Publishing event: type=CONVERSATION_CREATED tenantId=d563b428-b1a9-4bf3-af62-a175e92e8e18 conversationId=36400846-1eca-405c-ba89-d15a3386c50e
2026-08-02 00:29:39 [orchestrator-event-1] INFO  c.i.o.i.event.AnalyticsEventListener - Analytics: Conversation created - tenantId=d563b428-b1a9-4bf3-af62-a175e92e8e18 conversationId=36400846-1eca-405c-ba89-d15a3386c50e channel=WHATSAPP
2026-08-02 00:29:39 [orchestrator-event-2] INFO  c.i.o.i.event.AuditEventListener - Audit: Conversation created - conversationId=36400846-1eca-405c-ba89-d15a3386c50e channel=WHATSAPP tenantId=d563b428-b1a9-4bf3-af62-a175e92e8e18
2026-08-02 00:29:39 [tomcat-handler-8] INFO  c.i.o.a.p.ConversationResolutionStep - New conversation created: id=36400846-1eca-405c-ba89-d15a3386c50e key=WHATSAPP:120363410274514725@g.us group=true subject=Prueba 2
2026-08-02 00:29:39 [tomcat-handler-8] DEBUG c.i.o.a.p.ConversationResolutionStep - Conversation resolved: id=36400846-1eca-405c-ba89-d15a3386c50e status=OPEN channel=WHATSAPP conversationKey=WHATSAPP:120363410274514725@g.us
2026-08-02 00:29:40 [tomcat-handler-8] DEBUG c.i.o.a.pipeline.MessagePipeline - Pipeline step ConversationResolutionStep$$SpringCGLIB$$0 completed in 1093ms
2026-08-02 00:29:40 [tomcat-handler-8] DEBUG c.i.o.a.p.BotConfigurationResolutionStep - Bot configuration resolved: enabled=true aiProvider=GROQ
2026-08-02 00:29:40 [tomcat-handler-8] DEBUG c.i.o.a.pipeline.MessagePipeline - Pipeline step BotConfigurationResolutionStep completed in 411ms
2026-08-02 00:29:41 [tomcat-handler-8] DEBUG c.i.o.a.p.WorkingHoursResolutionStep - Working hours resolved: enabled=true isOpen=false
2026-08-02 00:29:41 [tomcat-handler-8] DEBUG c.i.o.a.pipeline.MessagePipeline - Pipeline step WorkingHoursResolutionStep completed in 229ms
2026-08-02 00:29:41 [tomcat-handler-8] DEBUG c.i.o.a.p.ConversationContextResolutionStep - Conversation context resolved: totalMessages=0 consecutiveBotResponses=0 firstMessage=true
2026-08-02 00:29:41 [tomcat-handler-8] DEBUG c.i.o.a.pipeline.MessagePipeline - Pipeline step ConversationContextResolutionStep completed in 152ms
2026-08-02 00:29:41 [tomcat-handler-8] DEBUG c.i.o.a.p.MessagePersistenceStep - Message persisted: id=f6b11d74-643c-4c88-8ca4-a57342e54080 conversation=36400846-1eca-405c-ba89-d15a3386c50e type=TEXT
2026-08-02 00:29:41 [tomcat-handler-8] DEBUG c.i.o.a.pipeline.MessagePipeline - Pipeline step MessagePersistenceStep$$SpringCGLIB$$0 completed in 590ms
2026-08-02 00:29:41 [tomcat-handler-8] DEBUG c.i.o.a.pipeline.MetricsUpdateStep - Metrics updated: contact=c0493771-3b81-450e-9585-d51a455f3f8f conversation=36400846-1eca-405c-ba89-d15a3386c50e
2026-08-02 00:29:42 [tomcat-handler-8] DEBUG c.i.o.a.pipeline.MessagePipeline - Pipeline step MetricsUpdateStep$$SpringCGLIB$$0 completed in 380ms
2026-08-02 00:29:42 [tomcat-handler-8] INFO  c.i.o.application.pipeline.AuditStep - AUDIT|tenantId=d563b428-b1a9-4bf3-af62-a175e92e8e18|conversationId=36400846-1eca-405c-ba89-d15a3386c50e|contactId=c0493771-3b81-450e-9585-d51a455f3f8f|messageId=A5DCEB93FCCB1C104AC421E51646AD9A|channel=WHATSAPP|type=TEXT
2026-08-02 00:29:42 [tomcat-handler-8] DEBUG c.i.o.a.pipeline.MessagePipeline - Pipeline step AuditStep completed in 0ms
2026-08-02 00:29:42 [tomcat-handler-8] INFO  c.i.o.a.pipeline.MessagePipeline - Message pipeline completed in 3733ms
2026-08-02 00:29:42 [tomcat-handler-8] DEBUG c.i.o.i.event.SpringEventPublisher - Publishing event: type=MESSAGE_RECEIVED tenantId=d563b428-b1a9-4bf3-af62-a175e92e8e18 conversationId=36400846-1eca-405c-ba89-d15a3386c50e
2026-08-02 00:29:42 [orchestrator-event-4] INFO  c.i.o.i.event.AnalyticsEventListener - Analytics: Message received - tenantId=d563b428-b1a9-4bf3-af62-a175e92e8e18 conversationId=36400846-1eca-405c-ba89-d15a3386c50e channel=WHATSAPP
2026-08-02 00:29:42 [tomcat-handler-8] DEBUG c.i.o.a.decision.DecisionEngineImpl - Running decision engine with 3 strategies
2026-08-02 00:29:42 [orchestrator-event-5] DEBUG c.i.o.i.event.AuditEventListener - Persisting audit log for message received: messageId=A5DCEB93FCCB1C104AC421E51646AD9A
2026-08-02 00:29:42 [tomcat-handler-8] DEBUG c.i.o.a.d.AgentAssignmentStrategy - No agent assigned and conversation is OPEN, assigning agent
2026-08-02 00:29:42 [tomcat-handler-8] DEBUG c.i.o.a.decision.DecisionEngineImpl - Strategy AgentAssignmentStrategy decided: action=ASSIGN_AGENT reason=Conversation requires human agent
2026-08-02 00:29:42 [tomcat-handler-8] DEBUG c.i.o.a.action.ActionDispatcher - Dispatching action: ASSIGN_AGENT to executor: AssignAgentExecutor$$SpringCGLIB$$0
2026-08-02 00:29:43 [tomcat-handler-8] DEBUG c.i.o.i.event.SpringEventPublisher - Publishing event: type=AGENT_ASSIGNED tenantId=d563b428-b1a9-4bf3-af62-a175e92e8e18 conversationId=36400846-1eca-405c-ba89-d15a3386c50e
2026-08-02 00:29:43 [orchestrator-event-2] INFO  c.i.o.i.event.AnalyticsEventListener - Analytics: Agent assigned - tenantId=d563b428-b1a9-4bf3-af62-a175e92e8e18 conversationId=36400846-1eca-405c-ba89-d15a3386c50e agentId=95e009fb-66e9-437c-9d35-be4df58d425f
2026-08-02 00:29:43 [orchestrator-event-3] INFO  c.i.o.i.event.AuditEventListener - Audit: Agent assigned - conversationId=36400846-1eca-405c-ba89-d15a3386c50e agentId=95e009fb-66e9-437c-9d35-be4df58d425f tenantId=d563b428-b1a9-4bf3-af62-a175e92e8e18
2026-08-02 00:29:44 [tomcat-handler-8] INFO  c.i.o.a.action.AssignAgentExecutor - Conversation 36400846-1eca-405c-ba89-d15a3386c50e assigned to agent 95e009fb-66e9-437c-9d35-be4df58d425f (least busy, 1 active conversations)
2026-08-02 00:29:44 [tomcat-handler-8] DEBUG c.i.o.i.event.SpringEventPublisher - Publishing event: type=ACTION_EXECUTED tenantId=d563b428-b1a9-4bf3-af62-a175e92e8e18 conversationId=36400846-1eca-405c-ba89-d15a3386c50e
2026-08-02 00:29:44 [orchestrator-event-4] DEBUG c.i.o.i.event.AnalyticsEventListener - Analytics: Action executed - tenantId=d563b428-b1a9-4bf3-af62-a175e92e8e18 conversationId=36400846-1eca-405c-ba89-d15a3386c50e action=ASSIGN_AGENT time=6014ms
2026-08-02 00:29:44 [orchestrator-event-1] DEBUG c.i.o.i.event.AuditEventListener - Audit: Action executed - action=ASSIGN_AGENT processingTime=6014ms tenantId=d563b428-b1a9-4bf3-af62-a175e92e8e18
2026-08-02 00:29:44 [tomcat-handler-8] INFO  c.i.o.a.ConversationOrchestrator - Message processed successfully in 6015ms. decision=ASSIGN_AGENT
2026-08-02 00:29:44 [orchestrator-event-3] DEBUG c.i.o.i.e.NotificationEventListener - Action executed event processed: action=ASSIGN_AGENT
2026-08-02 00:29:44 [orchestrator-event-4] DEBUG c.i.o.i.m.OrchestratorMetricsService - Metrics recorded: channel=WHATSAPP action=ASSIGN_AGENT time=6014ms
2026-08-02 00:29:44 [tomcat-handler-8] INFO  c.i.a.i.c.WhatsAppWebhookController - === WEBHOOK PROCESADO EXITOSAMENTE ===
2026-08-02 00:29:44 [orchestrator-event-5] INFO  c.i.n.a.NotificationService - Notification created: 2c839335-f2ac-4407-8716-53d0ebf4f82b for user: 95e009fb-66e9-437c-9d35-be4df58d425f
2026-08-02 00:29:45 [tomcat-handler-9] DEBUG c.i.s.s.JwtAuthenticationFilter - User authenticated: 935532dc-b311-4071-851e-71e87089679a for tenant: d563b428-b1a9-4bf3-af62-a175e92e8e18
2026-08-02 00:29:47 [tomcat-handler-10] DEBUG c.i.s.w.NotificationWebSocketHandler - User 935532dc-b311-4071-851e-71e87089679a left conversation 36400846-1eca-405c-ba89-d15a3386c50e
2026-08-02 00:29:47 [tomcat-handler-10] DEBUG c.i.s.w.NotificationWebSocketHandler - User 935532dc-b311-4071-851e-71e87089679a joined conversation 36400846-1eca-405c-ba89-d15a3386c50e (1 subscribers)
2026-08-02 00:29:47 [tomcat-handler-12] DEBUG c.i.s.s.JwtAuthenticationFilter - User authenticated: 935532dc-b311-4071-851e-71e87089679a for tenant: d563b428-b1a9-4bf3-af62-a175e92e8e18
2026-08-02 00:29:47 [tomcat-handler-11] DEBUG c.i.s.s.JwtAuthenticationFilter - User authenticated: 935532dc-b311-4071-851e-71e87089679a for tenant: d563b428-b1a9-4bf3-af62-a175e92e8e18
2026-08-02 00:29:49 [tomcat-handler-13] DEBUG c.i.s.s.JwtAuthenticationFilter - User authenticated: 935532dc-b311-4071-851e-71e87089679a for tenant: d563b428-b1a9-4bf3-af62-a175e92e8e18
2026-08-02 00:29:49 [tomcat-handler-13] INFO  c.i.c.a.ConversationService - Marked 0 messages as read in conversation 36400846-1eca-405c-ba89-d15a3386c50e for tenant d563b428-b1a9-4bf3-af62-a175e92e8e18 (conversation rows updated=1)
2026-08-02 00:31:30 [tomcat-handler-15] INFO  c.i.a.i.c.WhatsAppWebhookController - === WEBHOOK WHATSAPP RECIBIDO ===
2026-08-02 00:31:30 [tomcat-handler-15] INFO  c.i.a.i.c.WhatsAppWebhookController - Instance: mi-whatsapp Event: messages.upsert
2026-08-02 00:31:30 [tomcat-handler-15] INFO  c.i.a.i.c.WhatsAppWebhookController - Payload - event: messages.upsert, instanceId: null, from: null, messageId: null, type: null, text: null
2026-08-02 00:31:30 [tomcat-handler-15] INFO  c.i.a.i.c.WhatsAppWebhookController - Payload - data present: SI, data keys: [key, pushName, status, message, messageType, messageTimestamp, instanceId, source]
2026-08-02 00:31:30 [tomcat-handler-15] INFO  c.i.o.a.WhatsAppWebhookAdapter - Processing Evolution webhook for instance=mi-whatsapp
2026-08-02 00:31:30 [tomcat-handler-15] DEBUG c.i.o.a.WhatsAppWebhookAdapter - Evolution webhook data={key={remoteJid=51969302544@s.whatsapp.net, remoteJidAlt=51969302544@s.whatsapp.net, fromMe=true, id=A540DCAE736E3DA666AB207397D67805, participant=, addressingMode=lid}, pushName=LuisDev, status=SERVER_ACK, message={conversation=Jdhshd}, messageType=conversation, messageTimestamp=1785648690, instanceId=50ca41c7-d60d-4ffa-bfc6-4328c6a10ad8, source=android}
2026-08-02 00:31:31 [tomcat-handler-15] INFO  c.i.o.a.WhatsAppWebhookAdapter - New WhatsApp message from +51969302544 | type=conversation | msgId=A540DCAE736E3DA666AB207397D67805
2026-08-02 00:31:31 [tomcat-handler-15] INFO  c.i.o.a.WhatsAppWebhookAdapter - WhatsApp direction: OUTBOUND
2026-08-02 00:31:31 [tomcat-handler-15] INFO  c.i.o.a.WhatsAppWebhookAdapter - Incoming WhatsApp message processed: from=+51969302544 direction=OUTBOUND type=TEXT content=Jdhshd
2026-08-02 00:31:31 [tomcat-handler-15] INFO  c.i.o.a.ConversationOrchestrator - Orchestrator processing message from channel=WHATSAPP source=+51969302544
2026-08-02 00:31:31 [tomcat-handler-15] INFO  c.i.o.a.ConversationOrchestrator - Orchestrator processing message from channel=WHATSAPP source=+51969302544
2026-08-02 00:31:31 [tomcat-handler-15] INFO  c.i.o.a.pipeline.MessagePipeline - Starting message pipeline with 10 steps for channel: WHATSAPP
2026-08-02 00:31:31 [tomcat-handler-15] DEBUG c.i.o.a.pipeline.ValidationStep - Validation passed for message from channel=WHATSAPP source=+51969302544
2026-08-02 00:31:31 [tomcat-handler-15] DEBUG c.i.o.a.pipeline.MessagePipeline - Pipeline step ValidationStep completed in 0ms
2026-08-02 00:31:31 [tomcat-handler-15] DEBUG c.i.o.a.p.TenantResolutionStep - Tenant resolved: id=d563b428-b1a9-4bf3-af62-a175e92e8e18 subdomain=midemo
2026-08-02 00:31:31 [tomcat-handler-15] DEBUG c.i.o.a.pipeline.MessagePipeline - Pipeline step TenantResolutionStep completed in 385ms
2026-08-02 00:31:31 [tomcat-handler-15] DEBUG c.i.o.a.p.ContactResolutionStep - Searching contact for tenant=d563b428-b1a9-4bf3-af62-a175e92e8e18 phone=+51969302544
2026-08-02 00:31:31 [tomcat-handler-15] DEBUG c.i.o.a.p.ContactResolutionStep - Contact resolved: id=d16cb840-ef2f-4ce4-b9e9-910e0653f18a name=Adriano_ 😀 phone=+51969302544
2026-08-02 00:31:32 [tomcat-handler-15] DEBUG c.i.o.a.pipeline.MessagePipeline - Pipeline step ContactResolutionStep$$SpringCGLIB$$0 completed in 378ms
2026-08-02 00:31:32 [tomcat-handler-15] DEBUG c.i.o.i.event.SpringEventPublisher - Publishing event: type=CONVERSATION_CREATED tenantId=d563b428-b1a9-4bf3-af62-a175e92e8e18 conversationId=9a185963-dd40-44ea-b7dc-47440bc3da06
2026-08-02 00:31:32 [tomcat-handler-15] INFO  c.i.o.a.p.ConversationResolutionStep - New conversation created: id=9a185963-dd40-44ea-b7dc-47440bc3da06 key=WHATSAPP:51969302544@s.whatsapp.net group=false subject=null
2026-08-02 00:31:32 [orchestrator-event-2] INFO  c.i.o.i.event.AnalyticsEventListener - Analytics: Conversation created - tenantId=d563b428-b1a9-4bf3-af62-a175e92e8e18 conversationId=9a185963-dd40-44ea-b7dc-47440bc3da06 channel=WHATSAPP
2026-08-02 00:31:32 [orchestrator-event-1] INFO  c.i.o.i.event.AuditEventListener - Audit: Conversation created - conversationId=9a185963-dd40-44ea-b7dc-47440bc3da06 channel=WHATSAPP tenantId=d563b428-b1a9-4bf3-af62-a175e92e8e18
2026-08-02 00:31:32 [tomcat-handler-15] DEBUG c.i.o.a.p.ConversationResolutionStep - Conversation resolved: id=9a185963-dd40-44ea-b7dc-47440bc3da06 status=OPEN channel=WHATSAPP conversationKey=WHATSAPP:51969302544@s.whatsapp.net
2026-08-02 00:31:33 [tomcat-handler-15] DEBUG c.i.o.a.pipeline.MessagePipeline - Pipeline step ConversationResolutionStep$$SpringCGLIB$$0 completed in 1164ms
2026-08-02 00:31:33 [tomcat-handler-15] DEBUG c.i.o.a.p.BotConfigurationResolutionStep - Bot configuration resolved: enabled=true aiProvider=GROQ
2026-08-02 00:31:33 [tomcat-handler-15] DEBUG c.i.o.a.pipeline.MessagePipeline - Pipeline step BotConfigurationResolutionStep completed in 359ms
2026-08-02 00:31:33 [tomcat-handler-15] DEBUG c.i.o.a.p.WorkingHoursResolutionStep - Working hours resolved: enabled=true isOpen=false
2026-08-02 00:31:33 [tomcat-handler-15] DEBUG c.i.o.a.pipeline.MessagePipeline - Pipeline step WorkingHoursResolutionStep completed in 384ms
2026-08-02 00:31:33 [tomcat-handler-16] DEBUG c.i.s.w.NotificationWebSocketHandler - User 935532dc-b311-4071-851e-71e87089679a left conversation 36400846-1eca-405c-ba89-d15a3386c50e
2026-08-02 00:31:33 [tomcat-handler-16] DEBUG c.i.s.w.NotificationWebSocketHandler - User 935532dc-b311-4071-851e-71e87089679a left conversation 36400846-1eca-405c-ba89-d15a3386c50e
2026-08-02 00:31:33 [tomcat-handler-17] DEBUG c.i.s.w.NotificationWebSocketHandler - User 935532dc-b311-4071-851e-71e87089679a joined conversation 9a185963-dd40-44ea-b7dc-47440bc3da06 (1 subscribers)
2026-08-02 00:31:33 [tomcat-handler-18] DEBUG c.i.s.s.JwtAuthenticationFilter - User authenticated: 935532dc-b311-4071-851e-71e87089679a for tenant: d563b428-b1a9-4bf3-af62-a175e92e8e18
2026-08-02 00:31:33 [tomcat-handler-19] DEBUG c.i.s.s.JwtAuthenticationFilter - User authenticated: 935532dc-b311-4071-851e-71e87089679a for tenant: d563b428-b1a9-4bf3-af62-a175e92e8e18
2026-08-02 00:31:34 [tomcat-handler-15] DEBUG c.i.o.a.p.ConversationContextResolutionStep - Conversation context resolved: totalMessages=0 consecutiveBotResponses=0 firstMessage=true
2026-08-02 00:31:34 [tomcat-handler-15] DEBUG c.i.o.a.pipeline.MessagePipeline - Pipeline step ConversationContextResolutionStep completed in 160ms
2026-08-02 00:31:34 [tomcat-handler-15] DEBUG c.i.o.a.p.MessagePersistenceStep - Message persisted: id=1b4a4106-91f6-47d8-b98c-f369d65359cf conversation=9a185963-dd40-44ea-b7dc-47440bc3da06 type=TEXT
2026-08-02 00:31:34 [tomcat-handler-15] DEBUG c.i.o.a.pipeline.MessagePipeline - Pipeline step MessagePersistenceStep$$SpringCGLIB$$0 completed in 590ms
2026-08-02 00:31:34 [tomcat-handler-15] DEBUG c.i.o.a.pipeline.MetricsUpdateStep - Metrics updated: contact=d16cb840-ef2f-4ce4-b9e9-910e0653f18a conversation=9a185963-dd40-44ea-b7dc-47440bc3da06
2026-08-02 00:31:34 [tomcat-handler-20] DEBUG c.i.s.s.JwtAuthenticationFilter - User authenticated: 935532dc-b311-4071-851e-71e87089679a for tenant: d563b428-b1a9-4bf3-af62-a175e92e8e18
2026-08-02 00:31:35 [tomcat-handler-15] DEBUG c.i.o.a.pipeline.MessagePipeline - Pipeline step MetricsUpdateStep$$SpringCGLIB$$0 completed in 381ms
2026-08-02 00:31:35 [tomcat-handler-15] INFO  c.i.o.application.pipeline.AuditStep - AUDIT|tenantId=d563b428-b1a9-4bf3-af62-a175e92e8e18|conversationId=9a185963-dd40-44ea-b7dc-47440bc3da06|contactId=d16cb840-ef2f-4ce4-b9e9-910e0653f18a|messageId=A540DCAE736E3DA666AB207397D67805|channel=WHATSAPP|type=TEXT
2026-08-02 00:31:35 [tomcat-handler-15] DEBUG c.i.o.a.pipeline.MessagePipeline - Pipeline step AuditStep completed in 0ms
2026-08-02 00:31:35 [tomcat-handler-15] INFO  c.i.o.a.pipeline.MessagePipeline - Message pipeline completed in 3803ms
2026-08-02 00:31:35 [tomcat-handler-15] DEBUG c.i.o.i.event.SpringEventPublisher - Publishing event: type=MESSAGE_RECEIVED tenantId=d563b428-b1a9-4bf3-af62-a175e92e8e18 conversationId=9a185963-dd40-44ea-b7dc-47440bc3da06
2026-08-02 00:31:35 [orchestrator-event-5] DEBUG c.i.o.i.event.AuditEventListener - Persisting audit log for message received: messageId=A540DCAE736E3DA666AB207397D67805
2026-08-02 00:31:35 [orchestrator-event-4] INFO  c.i.o.i.event.AnalyticsEventListener - Analytics: Message received - tenantId=d563b428-b1a9-4bf3-af62-a175e92e8e18 conversationId=9a185963-dd40-44ea-b7dc-47440bc3da06 channel=WHATSAPP
2026-08-02 00:31:35 [tomcat-handler-15] DEBUG c.i.o.a.decision.DecisionEngineImpl - Running decision engine with 3 strategies
2026-08-02 00:31:35 [tomcat-handler-15] DEBUG c.i.o.a.d.AgentAssignmentStrategy - No agent assigned and conversation is OPEN, assigning agent
2026-08-02 00:31:35 [tomcat-handler-15] DEBUG c.i.o.a.decision.DecisionEngineImpl - Strategy AgentAssignmentStrategy decided: action=ASSIGN_AGENT reason=Conversation requires human agent
2026-08-02 00:31:35 [tomcat-handler-15] DEBUG c.i.o.a.action.ActionDispatcher - Dispatching action: ASSIGN_AGENT to executor: AssignAgentExecutor$$SpringCGLIB$$0
2026-08-02 00:31:35 [tomcat-handler-20] INFO  c.i.c.a.ConversationService - Marked 0 messages as read in conversation 9a185963-dd40-44ea-b7dc-47440bc3da06 for tenant d563b428-b1a9-4bf3-af62-a175e92e8e18 (conversation rows updated=1)
2026-08-02 00:31:36 [tomcat-handler-15] DEBUG c.i.o.i.event.SpringEventPublisher - Publishing event: type=AGENT_ASSIGNED tenantId=d563b428-b1a9-4bf3-af62-a175e92e8e18 conversationId=9a185963-dd40-44ea-b7dc-47440bc3da06
2026-08-02 00:31:36 [orchestrator-event-2] INFO  c.i.o.i.event.AnalyticsEventListener - Analytics: Agent assigned - tenantId=d563b428-b1a9-4bf3-af62-a175e92e8e18 conversationId=9a185963-dd40-44ea-b7dc-47440bc3da06 agentId=508ef355-167e-4b8d-9a76-97c3e803d83e
2026-08-02 00:31:36 [orchestrator-event-1] INFO  c.i.o.i.event.AuditEventListener - Audit: Agent assigned - conversationId=9a185963-dd40-44ea-b7dc-47440bc3da06 agentId=508ef355-167e-4b8d-9a76-97c3e803d83e tenantId=d563b428-b1a9-4bf3-af62-a175e92e8e18
2026-08-02 00:31:37 [tomcat-handler-15] INFO  c.i.o.a.action.AssignAgentExecutor - Conversation 9a185963-dd40-44ea-b7dc-47440bc3da06 assigned to agent 508ef355-167e-4b8d-9a76-97c3e803d83e (least busy, 1 active conversations)
2026-08-02 00:31:37 [tomcat-handler-15] DEBUG c.i.o.i.event.SpringEventPublisher - Publishing event: type=ACTION_EXECUTED tenantId=d563b428-b1a9-4bf3-af62-a175e92e8e18 conversationId=9a185963-dd40-44ea-b7dc-47440bc3da06
2026-08-02 00:31:37 [orchestrator-event-5] INFO  c.i.n.a.NotificationService - Notification created: e3e599a7-64ac-4cf2-9b6e-ed0fc427e10f for user: 508ef355-167e-4b8d-9a76-97c3e803d83e
2026-08-02 00:31:37 [orchestrator-event-4] DEBUG c.i.o.i.event.AnalyticsEventListener - Analytics: Action executed - tenantId=d563b428-b1a9-4bf3-af62-a175e92e8e18 conversationId=9a185963-dd40-44ea-b7dc-47440bc3da06 action=ASSIGN_AGENT time=6083ms
2026-08-02 00:31:37 [tomcat-handler-15] INFO  c.i.o.a.ConversationOrchestrator - Message processed successfully in 6084ms. decision=ASSIGN_AGENT
2026-08-02 00:31:37 [orchestrator-event-3] DEBUG c.i.o.i.event.AuditEventListener - Audit: Action executed - action=ASSIGN_AGENT processingTime=6083ms tenantId=d563b428-b1a9-4bf3-af62-a175e92e8e18
2026-08-02 00:31:37 [orchestrator-event-2] DEBUG c.i.o.i.e.NotificationEventListener - Action executed event processed: action=ASSIGN_AGENT
2026-08-02 00:31:37 [orchestrator-event-4] DEBUG c.i.o.i.m.OrchestratorMetricsService - Metrics recorded: channel=WHATSAPP action=ASSIGN_AGENT time=6083ms
2026-08-02 00:31:37 [tomcat-handler-15] INFO  c.i.a.i.c.WhatsAppWebhookController - === WEBHOOK PROCESADO EXITOSAMENTE ===
2026-08-02 00:31:38 [tomcat-handler-21] DEBUG c.i.s.w.NotificationWebSocketHandler - User 935532dc-b311-4071-851e-71e87089679a left conversation 9a185963-dd40-44ea-b7dc-47440bc3da06
2026-08-02 00:31:38 [tomcat-handler-22] DEBUG c.i.s.w.NotificationWebSocketHandler - User 935532dc-b311-4071-851e-71e87089679a left conversation 9a185963-dd40-44ea-b7dc-47440bc3da06
2026-08-02 00:31:38 [tomcat-handler-22] DEBUG c.i.s.w.NotificationWebSocketHandler - User 935532dc-b311-4071-851e-71e87089679a joined conversation 36400846-1eca-405c-ba89-d15a3386c50e (1 subscribers)
2026-08-02 00:31:38 [tomcat-handler-23] DEBUG c.i.s.s.JwtAuthenticationFilter - User authenticated: 935532dc-b311-4071-851e-71e87089679a for tenant: d563b428-b1a9-4bf3-af62-a175e92e8e18
2026-08-02 00:31:38 [tomcat-handler-24] DEBUG c.i.s.s.JwtAuthenticationFilter - User authenticated: 935532dc-b311-4071-851e-71e87089679a for tenant: d563b428-b1a9-4bf3-af62-a175e92e8e18
2026-08-02 00:31:38 [tomcat-handler-25] DEBUG c.i.s.s.JwtAuthenticationFilter - User authenticated: 935532dc-b311-4071-851e-71e87089679a for tenant: d563b428-b1a9-4bf3-af62-a175e92e8e18
2026-08-02 00:31:39 [tomcat-handler-25] INFO  c.i.c.a.ConversationService - Marked 0 messages as read in conversation 36400846-1eca-405c-ba89-d15a3386c50e for tenant d563b428-b1a9-4bf3-af62-a175e92e8e18 (conversation rows updated=1)
2026-08-02 00:32:02 [tomcat-handler-27] DEBUG c.i.s.s.JwtAuthenticationFilter - User authenticated: 935532dc-b311-4071-851e-71e87089679a for tenant: d563b428-b1a9-4bf3-af62-a175e92e8e18
2026-08-02 00:32:28 [tomcat-handler-28] DEBUG c.i.s.w.NotificationWebSocketHandler - User 935532dc-b311-4071-851e-71e87089679a left conversation 36400846-1eca-405c-ba89-d15a3386c50e
2026-08-02 00:32:28 [tomcat-handler-28] DEBUG c.i.s.w.NotificationWebSocketHandler - User 935532dc-b311-4071-851e-71e87089679a left conversation 36400846-1eca-405c-ba89-d15a3386c50e
2026-08-02 00:32:28 [tomcat-handler-29] DEBUG c.i.s.w.NotificationWebSocketHandler - User 935532dc-b311-4071-851e-71e87089679a joined conversation 9a185963-dd40-44ea-b7dc-47440bc3da06 (1 subscribers)
2026-08-02 00:32:28 [tomcat-handler-31] DEBUG c.i.s.s.JwtAuthenticationFilter - User authenticated: 935532dc-b311-4071-851e-71e87089679a for tenant: d563b428-b1a9-4bf3-af62-a175e92e8e18
2026-08-02 00:32:28 [tomcat-handler-32] DEBUG c.i.s.s.JwtAuthenticationFilter - User authenticated: 935532dc-b311-4071-851e-71e87089679a for tenant: d563b428-b1a9-4bf3-af62-a175e92e8e18
2026-08-02 00:32:28 [tomcat-handler-30] DEBUG c.i.s.s.JwtAuthenticationFilter - User authenticated: 935532dc-b311-4071-851e-71e87089679a for tenant: d563b428-b1a9-4bf3-af62-a175e92e8e18
2026-08-02 00:32:29 [tomcat-handler-32] INFO  c.i.c.a.ConversationService - Marked 0 messages as read in conversation 9a185963-dd40-44ea-b7dc-47440bc3da06 for tenant d563b428-b1a9-4bf3-af62-a175e92e8e18 (conversation rows updated=1)
2026-08-02 00:32:29 [tomcat-handler-33] DEBUG c.i.s.w.NotificationWebSocketHandler - User 935532dc-b311-4071-851e-71e87089679a left conversation 9a185963-dd40-44ea-b7dc-47440bc3da06
2026-08-02 00:32:29 [tomcat-handler-33] DEBUG c.i.s.w.NotificationWebSocketHandler - User 935532dc-b311-4071-851e-71e87089679a left conversation 9a185963-dd40-44ea-b7dc-47440bc3da06
2026-08-02 00:32:29 [tomcat-handler-36] DEBUG c.i.s.w.NotificationWebSocketHandler - User 935532dc-b311-4071-851e-71e87089679a joined conversation 36400846-1eca-405c-ba89-d15a3386c50e (1 subscribers)
2026-08-02 00:32:29 [tomcat-handler-34] DEBUG c.i.s.s.JwtAuthenticationFilter - User authenticated: 935532dc-b311-4071-851e-71e87089679a for tenant: d563b428-b1a9-4bf3-af62-a175e92e8e18
2026-08-02 00:32:29 [tomcat-handler-35] DEBUG c.i.s.s.JwtAuthenticationFilter - User authenticated: 935532dc-b311-4071-851e-71e87089679a for tenant: d563b428-b1a9-4bf3-af62-a175e92e8e18
2026-08-02 00:32:29 [tomcat-handler-37] DEBUG c.i.s.s.JwtAuthenticationFilter - User authenticated: 935532dc-b311-4071-851e-71e87089679a for tenant: d563b428-b1a9-4bf3-af62-a175e92e8e18
2026-08-02 00:32:30 [tomcat-handler-37] INFO  c.i.c.a.ConversationService - Marked 0 messages as read in conversation 36400846-1eca-405c-ba89-d15a3386c50e for tenant d563b428-b1a9-4bf3-af62-a175e92e8e18 (conversation rows updated=1)
2026-08-02 00:32:39 [tomcat-handler-38] DEBUG c.i.s.w.NotificationWebSocketHandler - WebSocket disconnected: user=935532dc-b311-4071-851e-71e87089679a status=CloseStatus[code=1001, reason=null]
2026-08-02 00:32:40 [tomcat-handler-39] DEBUG c.i.auth.application.AuthService - Refreshing token
2026-08-02 00:32:40 [tomcat-handler-40] DEBUG c.i.auth.application.AuthService - Refreshing token
2026-08-02 00:32:41 [tomcat-handler-39] DEBUG c.i.auth.application.AuthService - Token refreshed successfully for user: supervisor@miempresa.com
2026-08-02 00:32:41 [tomcat-handler-40] DEBUG c.i.auth.application.AuthService - Token refreshed successfully for user: supervisor@miempresa.com
2026-08-02 00:32:41 [tomcat-handler-41] DEBUG c.i.auth.application.AuthService - Refreshing token
2026-08-02 00:32:41 [tomcat-handler-42] DEBUG c.i.auth.application.AuthService - Refreshing token
2026-08-02 00:32:42 [tomcat-handler-41] DEBUG c.i.auth.application.AuthService - Token refreshed successfully for user: supervisor@miempresa.com
2026-08-02 00:32:42 [tomcat-handler-42] DEBUG c.i.auth.application.AuthService - Token refreshed successfully for user: supervisor@miempresa.com
2026-08-02 00:32:42 [tomcat-handler-43] DEBUG c.i.s.w.NotificationWebSocketHandler - WebSocket connected: user=935532dc-b311-4071-851e-71e87089679a tenant=d563b428-b1a9-4bf3-af62-a175e92e8e18 sessions=1
2026-08-02 00:32:56 [tomcat-handler-44] INFO  c.i.auth.application.AuthService - Attempting login for email: supervisor@miempresa.com
2026-08-02 00:32:58 [tomcat-handler-44] INFO  c.i.auth.application.AuthService - Login successful for user: supervisor@miempresa.com in tenant: midemo
2026-08-02 00:32:59 [tomcat-handler-45] DEBUG c.i.s.s.JwtAuthenticationFilter - User authenticated: 935532dc-b311-4071-851e-71e87089679a for tenant: d563b428-b1a9-4bf3-af62-a175e92e8e18
2026-08-02 00:33:00 [tomcat-handler-46] DEBUG c.i.s.s.JwtAuthenticationFilter - User authenticated: 935532dc-b311-4071-851e-71e87089679a for tenant: d563b428-b1a9-4bf3-af62-a175e92e8e18
2026-08-02 00:33:02 [tomcat-handler-47] DEBUG c.i.s.w.NotificationWebSocketHandler - User 935532dc-b311-4071-851e-71e87089679a left conversation 36400846-1eca-405c-ba89-d15a3386c50e
2026-08-02 00:33:02 [tomcat-handler-47] DEBUG c.i.s.w.NotificationWebSocketHandler - User 935532dc-b311-4071-851e-71e87089679a joined conversation 36400846-1eca-405c-ba89-d15a3386c50e (1 subscribers)
2026-08-02 00:33:02 [tomcat-handler-49] DEBUG c.i.s.s.JwtAuthenticationFilter - User authenticated: 935532dc-b311-4071-851e-71e87089679a for tenant: d563b428-b1a9-4bf3-af62-a175e92e8e18
2026-08-02 00:33:02 [tomcat-handler-48] DEBUG c.i.s.s.JwtAuthenticationFilter - User authenticated: 935532dc-b311-4071-851e-71e87089679a for tenant: d563b428-b1a9-4bf3-af62-a175e92e8e18
2026-08-02 00:33:04 [tomcat-handler-50] DEBUG c.i.s.s.JwtAuthenticationFilter - User authenticated: 935532dc-b311-4071-851e-71e87089679a for tenant: d563b428-b1a9-4bf3-af62-a175e92e8e18
2026-08-02 00:33:04 [tomcat-handler-50] INFO  c.i.c.a.ConversationService - Marked 0 messages as read in conversation 36400846-1eca-405c-ba89-d15a3386c50e for tenant d563b428-b1a9-4bf3-af62-a175e92e8e18 (conversation rows updated=1)
2026-08-02 00:33:11 [tomcat-handler-51] INFO  c.i.a.i.c.WhatsAppWebhookController - === WEBHOOK WHATSAPP RECIBIDO ===
2026-08-02 00:33:11 [tomcat-handler-51] INFO  c.i.a.i.c.WhatsAppWebhookController - Instance: mi-whatsapp Event: messages.upsert
2026-08-02 00:33:11 [tomcat-handler-51] INFO  c.i.a.i.c.WhatsAppWebhookController - Payload - event: messages.upsert, instanceId: null, from: null, messageId: null, type: null, text: null
2026-08-02 00:33:11 [tomcat-handler-51] INFO  c.i.a.i.c.WhatsAppWebhookController - Payload - data present: SI, data keys: [key, pushName, status, message, messageType, messageTimestamp, instanceId, source]
2026-08-02 00:33:11 [tomcat-handler-51] INFO  c.i.o.a.WhatsAppWebhookAdapter - Processing Evolution webhook for instance=mi-whatsapp
2026-08-02 00:33:11 [tomcat-handler-51] DEBUG c.i.o.a.WhatsAppWebhookAdapter - Evolution webhook data={key={remoteJid=120363410274514725@g.us, fromMe=true, id=A5FB755A1CD37F535C3C20E7CC15EC0C, participant=181161838002355@lid, addressingMode=lid}, pushName=LuisDev, status=SERVER_ACK, message={conversation=Ysyshshs, messageContextInfo={threadId=[], messageSecret={0=118, 1=209, 2=108, 3=34, 4=64, 5=97, 6=222, 7=81, 8=112, 9=48, 10=106, 11=30, 12=183, 13=0, 14=81, 15=78, 16=194, 17=205, 18=254, 19=67, 20=117, 21=205, 22=224, 23=193, 24=29, 25=148, 26=165, 27=59, 28=254, 29=141, 30=22, 31=53}}}, messageType=conversation, messageTimestamp=1785648791, instanceId=50ca41c7-d60d-4ffa-bfc6-4328c6a10ad8, source=android}
2026-08-02 00:33:12 [tomcat-handler-51] INFO  c.i.o.a.WhatsAppWebhookAdapter - New WhatsApp message from +181161838002355 | type=conversation | msgId=A5FB755A1CD37F535C3C20E7CC15EC0C
2026-08-02 00:33:12 [tomcat-handler-51] INFO  c.i.o.a.WhatsAppWebhookAdapter - WhatsApp direction: OUTBOUND
2026-08-02 00:33:12 [tomcat-handler-51] INFO  c.i.o.a.WhatsAppWebhookAdapter - Nombre del grupo resuelto desde Evolution: 120363410274514725@g.us -> Prueba 2
2026-08-02 00:33:12 [tomcat-handler-51] INFO  c.i.o.a.WhatsAppWebhookAdapter - Incoming WhatsApp message processed: from=+181161838002355 direction=OUTBOUND type=TEXT content=Ysyshshs
2026-08-02 00:33:12 [tomcat-handler-51] INFO  c.i.o.a.ConversationOrchestrator - Orchestrator processing message from channel=WHATSAPP source=+181161838002355
2026-08-02 00:33:12 [tomcat-handler-51] INFO  c.i.o.a.ConversationOrchestrator - Orchestrator processing message from channel=WHATSAPP source=+181161838002355
2026-08-02 00:33:12 [tomcat-handler-51] INFO  c.i.o.a.pipeline.MessagePipeline - Starting message pipeline with 10 steps for channel: WHATSAPP
2026-08-02 00:33:12 [tomcat-handler-51] DEBUG c.i.o.a.pipeline.ValidationStep - Validation passed for message from channel=WHATSAPP source=+181161838002355
2026-08-02 00:33:12 [tomcat-handler-51] DEBUG c.i.o.a.pipeline.MessagePipeline - Pipeline step ValidationStep completed in 0ms
2026-08-02 00:33:13 [tomcat-handler-51] DEBUG c.i.o.a.p.TenantResolutionStep - Tenant resolved: id=d563b428-b1a9-4bf3-af62-a175e92e8e18 subdomain=midemo
2026-08-02 00:33:13 [tomcat-handler-51] DEBUG c.i.o.a.pipeline.MessagePipeline - Pipeline step TenantResolutionStep completed in 563ms
2026-08-02 00:33:13 [tomcat-handler-51] DEBUG c.i.o.a.p.ContactResolutionStep - Searching contact for tenant=d563b428-b1a9-4bf3-af62-a175e92e8e18 phone=+181161838002355
2026-08-02 00:33:13 [tomcat-handler-51] DEBUG c.i.o.a.p.ContactResolutionStep - Contact resolved: id=c0493771-3b81-450e-9585-d51a455f3f8f name=+181161838002355 phone=+181161838002355
2026-08-02 00:33:13 [tomcat-handler-51] DEBUG c.i.o.a.pipeline.MessagePipeline - Pipeline step ContactResolutionStep$$SpringCGLIB$$0 completed in 337ms
2026-08-02 00:33:14 [tomcat-handler-51] DEBUG c.i.o.a.p.ConversationResolutionStep - Conversation resolved: id=36400846-1eca-405c-ba89-d15a3386c50e status=IN_PROGRESS channel=WHATSAPP conversationKey=WHATSAPP:120363410274514725@g.us
2026-08-02 00:33:14 [tomcat-handler-51] DEBUG c.i.o.a.pipeline.MessagePipeline - Pipeline step ConversationResolutionStep$$SpringCGLIB$$0 completed in 615ms
2026-08-02 00:33:14 [tomcat-handler-51] DEBUG c.i.o.a.p.BotConfigurationResolutionStep - Bot configuration resolved: enabled=true aiProvider=GROQ
2026-08-02 00:33:14 [tomcat-handler-51] DEBUG c.i.o.a.pipeline.MessagePipeline - Pipeline step BotConfigurationResolutionStep completed in 383ms
2026-08-02 00:33:15 [tomcat-handler-51] DEBUG c.i.o.a.p.WorkingHoursResolutionStep - Working hours resolved: enabled=true isOpen=false
2026-08-02 00:33:15 [tomcat-handler-51] DEBUG c.i.o.a.pipeline.MessagePipeline - Pipeline step WorkingHoursResolutionStep completed in 378ms
2026-08-02 00:33:15 [tomcat-handler-51] DEBUG c.i.o.a.p.ConversationContextResolutionStep - Conversation context resolved: totalMessages=0 consecutiveBotResponses=0 firstMessage=true
2026-08-02 00:33:15 [tomcat-handler-51] DEBUG c.i.o.a.pipeline.MessagePipeline - Pipeline step ConversationContextResolutionStep completed in 152ms
2026-08-02 00:33:15 [tomcat-handler-51] DEBUG c.i.o.a.p.MessagePersistenceStep - Message persisted: id=75d0f626-e1f0-4a50-a415-d3fc9a75a1fa conversation=36400846-1eca-405c-ba89-d15a3386c50e type=TEXT
2026-08-02 00:33:15 [tomcat-handler-51] DEBUG c.i.o.a.pipeline.MessagePipeline - Pipeline step MessagePersistenceStep$$SpringCGLIB$$0 completed in 504ms
2026-08-02 00:33:16 [tomcat-handler-51] DEBUG c.i.o.a.pipeline.MetricsUpdateStep - Metrics updated: contact=c0493771-3b81-450e-9585-d51a455f3f8f conversation=36400846-1eca-405c-ba89-d15a3386c50e
2026-08-02 00:33:16 [tomcat-handler-51] DEBUG c.i.o.a.pipeline.MessagePipeline - Pipeline step MetricsUpdateStep$$SpringCGLIB$$0 completed in 370ms
2026-08-02 00:33:16 [tomcat-handler-51] INFO  c.i.o.application.pipeline.AuditStep - AUDIT|tenantId=d563b428-b1a9-4bf3-af62-a175e92e8e18|conversationId=36400846-1eca-405c-ba89-d15a3386c50e|contactId=c0493771-3b81-450e-9585-d51a455f3f8f|messageId=A5FB755A1CD37F535C3C20E7CC15EC0C|channel=WHATSAPP|type=TEXT
2026-08-02 00:33:16 [tomcat-handler-51] DEBUG c.i.o.a.pipeline.MessagePipeline - Pipeline step AuditStep completed in 0ms
2026-08-02 00:33:16 [tomcat-handler-51] INFO  c.i.o.a.pipeline.MessagePipeline - Message pipeline completed in 3306ms
2026-08-02 00:33:16 [tomcat-handler-51] DEBUG c.i.o.i.event.SpringEventPublisher - Publishing event: type=MESSAGE_RECEIVED tenantId=d563b428-b1a9-4bf3-af62-a175e92e8e18 conversationId=36400846-1eca-405c-ba89-d15a3386c50e
2026-08-02 00:33:16 [orchestrator-event-1] INFO  c.i.o.i.event.AnalyticsEventListener - Analytics: Message received - tenantId=d563b428-b1a9-4bf3-af62-a175e92e8e18 conversationId=36400846-1eca-405c-ba89-d15a3386c50e channel=WHATSAPP
2026-08-02 00:33:16 [tomcat-handler-51] DEBUG c.i.o.a.decision.DecisionEngineImpl - Running decision engine with 3 strategies
2026-08-02 00:33:16 [orchestrator-event-3] DEBUG c.i.o.i.event.AuditEventListener - Persisting audit log for message received: messageId=A5FB755A1CD37F535C3C20E7CC15EC0C
2026-08-02 00:33:16 [tomcat-handler-51] DEBUG c.i.o.a.d.AutoResponseStrategy - No specific strategy handled the message, defaulting to NO_ACTION
2026-08-02 00:33:16 [tomcat-handler-51] DEBUG c.i.o.a.decision.DecisionEngineImpl - Strategy AutoResponseStrategy decided: action=NO_ACTION reason=No automated action configured for this message
2026-08-02 00:33:16 [tomcat-handler-51] DEBUG c.i.o.a.action.ActionDispatcher - Dispatching action: NO_ACTION to executor: NoopActionExecutor
2026-08-02 00:33:16 [tomcat-handler-51] DEBUG c.i.o.a.action.NoopActionExecutor - No action needed for conversation 36400846-1eca-405c-ba89-d15a3386c50e: No automated action configured for this message
2026-08-02 00:33:16 [tomcat-handler-51] DEBUG c.i.o.i.event.SpringEventPublisher - Publishing event: type=ACTION_EXECUTED tenantId=d563b428-b1a9-4bf3-af62-a175e92e8e18 conversationId=36400846-1eca-405c-ba89-d15a3386c50e
2026-08-02 00:33:16 [orchestrator-event-4] DEBUG c.i.o.i.event.AnalyticsEventListener - Analytics: Action executed - tenantId=d563b428-b1a9-4bf3-af62-a175e92e8e18 conversationId=36400846-1eca-405c-ba89-d15a3386c50e action=NO_ACTION time=3308ms
2026-08-02 00:33:16 [orchestrator-event-5] DEBUG c.i.o.i.event.AuditEventListener - Audit: Action executed - action=NO_ACTION processingTime=3308ms tenantId=d563b428-b1a9-4bf3-af62-a175e92e8e18
2026-08-02 00:33:16 [tomcat-handler-51] INFO  c.i.o.a.ConversationOrchestrator - Message processed successfully in 3309ms. decision=NO_ACTION
2026-08-02 00:33:16 [orchestrator-event-4] DEBUG c.i.o.i.m.OrchestratorMetricsService - Metrics recorded: channel=WHATSAPP action=NO_ACTION time=3308ms
2026-08-02 00:33:16 [orchestrator-event-1] DEBUG c.i.o.i.e.NotificationEventListener - Action executed event processed: action=NO_ACTION
2026-08-02 00:33:16 [tomcat-handler-51] INFO  c.i.a.i.c.WhatsAppWebhookController - === WEBHOOK PROCESADO EXITOSAMENTE ===
2026-08-02 00:33:24 [tomcat-handler-53] DEBUG c.i.s.w.NotificationWebSocketHandler - User 935532dc-b311-4071-851e-71e87089679a left conversation 36400846-1eca-405c-ba89-d15a3386c50e
2026-08-02 00:33:24 [tomcat-handler-53] DEBUG c.i.s.w.NotificationWebSocketHandler - User 935532dc-b311-4071-851e-71e87089679a left conversation 36400846-1eca-405c-ba89-d15a3386c50e
2026-08-02 00:33:24 [tomcat-handler-54] DEBUG c.i.s.w.NotificationWebSocketHandler - User 935532dc-b311-4071-851e-71e87089679a joined conversation 9a185963-dd40-44ea-b7dc-47440bc3da06 (1 subscribers)
2026-08-02 00:33:24 [tomcat-handler-55] DEBUG c.i.s.s.JwtAuthenticationFilter - User authenticated: 935532dc-b311-4071-851e-71e87089679a for tenant: d563b428-b1a9-4bf3-af62-a175e92e8e18
2026-08-02 00:33:24 [tomcat-handler-56] DEBUG c.i.s.s.JwtAuthenticationFilter - User authenticated: 935532dc-b311-4071-851e-71e87089679a for tenant: d563b428-b1a9-4bf3-af62-a175e92e8e18
2026-08-02 00:33:25 [tomcat-handler-57] DEBUG c.i.s.s.JwtAuthenticationFilter - User authenticated: 935532dc-b311-4071-851e-71e87089679a for tenant: d563b428-b1a9-4bf3-af62-a175e92e8e18
2026-08-02 00:33:26 [tomcat-handler-57] INFO  c.i.c.a.ConversationService - Marked 0 messages as read in conversation 9a185963-dd40-44ea-b7dc-47440bc3da06 for tenant d563b428-b1a9-4bf3-af62-a175e92e8e18 (conversation rows updated=1)
2026-08-02 00:33:27 [tomcat-handler-58] DEBUG c.i.s.w.NotificationWebSocketHandler - User 935532dc-b311-4071-851e-71e87089679a left conversation 9a185963-dd40-44ea-b7dc-47440bc3da06
2026-08-02 00:33:27 [tomcat-handler-58] DEBUG c.i.s.w.NotificationWebSocketHandler - User 935532dc-b311-4071-851e-71e87089679a left conversation 9a185963-dd40-44ea-b7dc-47440bc3da06
2026-08-02 00:33:27 [tomcat-handler-59] DEBUG c.i.s.w.NotificationWebSocketHandler - User 935532dc-b311-4071-851e-71e87089679a joined conversation 36400846-1eca-405c-ba89-d15a3386c50e (1 subscribers)
2026-08-02 00:33:27 [tomcat-handler-60] DEBUG c.i.s.s.JwtAuthenticationFilter - User authenticated: 935532dc-b311-4071-851e-71e87089679a for tenant: d563b428-b1a9-4bf3-af62-a175e92e8e18
2026-08-02 00:33:27 [tomcat-handler-60] INFO  c.i.c.a.ConversationService - Marked 0 messages as read in conversation 36400846-1eca-405c-ba89-d15a3386c50e for tenant d563b428-b1a9-4bf3-af62-a175e92e8e18 (conversation rows updated=1)
2026-08-02 00:34:37 [tomcat-handler-61] DEBUG c.i.s.w.NotificationWebSocketHandler - User 935532dc-b311-4071-851e-71e87089679a left conversation 36400846-1eca-405c-ba89-d15a3386c50e
2026-08-02 00:34:37 [tomcat-handler-61] DEBUG c.i.s.w.NotificationWebSocketHandler - User 935532dc-b311-4071-851e-71e87089679a left conversation 36400846-1eca-405c-ba89-d15a3386c50e
2026-08-02 00:34:37 [tomcat-handler-62] DEBUG c.i.s.w.NotificationWebSocketHandler - User 935532dc-b311-4071-851e-71e87089679a joined conversation 9a185963-dd40-44ea-b7dc-47440bc3da06 (1 subscribers)
2026-08-02 00:34:37 [tomcat-handler-63] DEBUG c.i.s.s.JwtAuthenticationFilter - User authenticated: 935532dc-b311-4071-851e-71e87089679a for tenant: d563b428-b1a9-4bf3-af62-a175e92e8e18
2026-08-02 00:34:37 [tomcat-handler-64] DEBUG c.i.s.s.JwtAuthenticationFilter - User authenticated: 935532dc-b311-4071-851e-71e87089679a for tenant: d563b428-b1a9-4bf3-af62-a175e92e8e18
2026-08-02 00:34:37 [tomcat-handler-65] DEBUG c.i.s.s.JwtAuthenticationFilter - User authenticated: 935532dc-b311-4071-851e-71e87089679a for tenant: d563b428-b1a9-4bf3-af62-a175e92e8e18
2026-08-02 00:34:38 [tomcat-handler-65] INFO  c.i.c.a.ConversationService - Marked 0 messages as read in conversation 9a185963-dd40-44ea-b7dc-47440bc3da06 for tenant d563b428-b1a9-4bf3-af62-a175e92e8e18 (conversation rows updated=1)
2026-08-02 00:34:48 [tomcat-handler-66] INFO  c.i.a.i.c.WhatsAppWebhookController - === WEBHOOK WHATSAPP RECIBIDO ===
2026-08-02 00:34:48 [tomcat-handler-66] INFO  c.i.a.i.c.WhatsAppWebhookController - Instance: mi-whatsapp Event: messages.upsert
2026-08-02 00:34:48 [tomcat-handler-66] INFO  c.i.a.i.c.WhatsAppWebhookController - Payload - event: messages.upsert, instanceId: null, from: null, messageId: null, type: null, text: null
2026-08-02 00:34:48 [tomcat-handler-66] INFO  c.i.a.i.c.WhatsAppWebhookController - Payload - data present: SI, data keys: [key, pushName, status, message, messageType, messageTimestamp, instanceId, source]
2026-08-02 00:34:48 [tomcat-handler-66] INFO  c.i.o.a.WhatsAppWebhookAdapter - Processing Evolution webhook for instance=mi-whatsapp
2026-08-02 00:34:48 [tomcat-handler-66] DEBUG c.i.o.a.WhatsAppWebhookAdapter - Evolution webhook data={key={remoteJid=51969302544@s.whatsapp.net, remoteJidAlt=51969302544@s.whatsapp.net, fromMe=true, id=A50A42B8D07C65DBFAA7EB75529086A1, participant=, addressingMode=lid}, pushName=LuisDev, status=SERVER_ACK, message={conversation=Hshhs}, messageType=conversation, messageTimestamp=1785648887, instanceId=50ca41c7-d60d-4ffa-bfc6-4328c6a10ad8, source=android}
2026-08-02 00:34:48 [tomcat-handler-66] INFO  c.i.o.a.WhatsAppWebhookAdapter - New WhatsApp message from +51969302544 | type=conversation | msgId=A50A42B8D07C65DBFAA7EB75529086A1
2026-08-02 00:34:48 [tomcat-handler-66] INFO  c.i.o.a.WhatsAppWebhookAdapter - WhatsApp direction: OUTBOUND
2026-08-02 00:34:48 [tomcat-handler-66] INFO  c.i.o.a.WhatsAppWebhookAdapter - Incoming WhatsApp message processed: from=+51969302544 direction=OUTBOUND type=TEXT content=Hshhs
2026-08-02 00:34:48 [tomcat-handler-66] INFO  c.i.o.a.ConversationOrchestrator - Orchestrator processing message from channel=WHATSAPP source=+51969302544
2026-08-02 00:34:48 [tomcat-handler-66] INFO  c.i.o.a.ConversationOrchestrator - Orchestrator processing message from channel=WHATSAPP source=+51969302544
2026-08-02 00:34:48 [tomcat-handler-66] INFO  c.i.o.a.pipeline.MessagePipeline - Starting message pipeline with 10 steps for channel: WHATSAPP
2026-08-02 00:34:48 [tomcat-handler-66] DEBUG c.i.o.a.pipeline.ValidationStep - Validation passed for message from channel=WHATSAPP source=+51969302544
2026-08-02 00:34:48 [tomcat-handler-66] DEBUG c.i.o.a.pipeline.MessagePipeline - Pipeline step ValidationStep completed in 0ms
2026-08-02 00:34:49 [tomcat-handler-66] DEBUG c.i.o.a.p.TenantResolutionStep - Tenant resolved: id=d563b428-b1a9-4bf3-af62-a175e92e8e18 subdomain=midemo
2026-08-02 00:34:49 [tomcat-handler-66] DEBUG c.i.o.a.pipeline.MessagePipeline - Pipeline step TenantResolutionStep completed in 287ms
2026-08-02 00:34:49 [tomcat-handler-66] DEBUG c.i.o.a.p.ContactResolutionStep - Searching contact for tenant=d563b428-b1a9-4bf3-af62-a175e92e8e18 phone=+51969302544
2026-08-02 00:34:49 [tomcat-handler-66] DEBUG c.i.o.a.p.ContactResolutionStep - Contact resolved: id=d16cb840-ef2f-4ce4-b9e9-910e0653f18a name=Adriano_ 😀 phone=+51969302544
2026-08-02 00:34:49 [tomcat-handler-66] DEBUG c.i.o.a.pipeline.MessagePipeline - Pipeline step ContactResolutionStep$$SpringCGLIB$$0 completed in 338ms
2026-08-02 00:34:49 [tomcat-handler-66] DEBUG c.i.o.a.p.ConversationResolutionStep - Conversation resolved: id=9a185963-dd40-44ea-b7dc-47440bc3da06 status=IN_PROGRESS channel=WHATSAPP conversationKey=WHATSAPP:51969302544@s.whatsapp.net
2026-08-02 00:34:50 [tomcat-handler-66] DEBUG c.i.o.a.pipeline.MessagePipeline - Pipeline step ConversationResolutionStep$$SpringCGLIB$$0 completed in 619ms
2026-08-02 00:34:50 [tomcat-handler-66] DEBUG c.i.o.a.p.BotConfigurationResolutionStep - Bot configuration resolved: enabled=true aiProvider=GROQ
2026-08-02 00:34:50 [tomcat-handler-66] DEBUG c.i.o.a.pipeline.MessagePipeline - Pipeline step BotConfigurationResolutionStep completed in 411ms
2026-08-02 00:34:50 [tomcat-handler-66] DEBUG c.i.o.a.p.WorkingHoursResolutionStep - Working hours resolved: enabled=true isOpen=false
2026-08-02 00:34:50 [tomcat-handler-66] DEBUG c.i.o.a.pipeline.MessagePipeline - Pipeline step WorkingHoursResolutionStep completed in 350ms
2026-08-02 00:34:50 [tomcat-handler-66] DEBUG c.i.o.a.p.ConversationContextResolutionStep - Conversation context resolved: totalMessages=0 consecutiveBotResponses=0 firstMessage=true
2026-08-02 00:34:51 [tomcat-handler-66] DEBUG c.i.o.a.pipeline.MessagePipeline - Pipeline step ConversationContextResolutionStep completed in 155ms
2026-08-02 00:34:51 [tomcat-handler-66] DEBUG c.i.o.a.p.MessagePersistenceStep - Message persisted: id=1761baee-5683-4b25-ab3d-12c2baa209c4 conversation=9a185963-dd40-44ea-b7dc-47440bc3da06 type=TEXT
2026-08-02 00:34:51 [tomcat-handler-66] DEBUG c.i.o.a.pipeline.MessagePipeline - Pipeline step MessagePersistenceStep$$SpringCGLIB$$0 completed in 603ms
2026-08-02 00:34:51 [tomcat-handler-66] DEBUG c.i.o.a.pipeline.MetricsUpdateStep - Metrics updated: contact=d16cb840-ef2f-4ce4-b9e9-910e0653f18a conversation=9a185963-dd40-44ea-b7dc-47440bc3da06
2026-08-02 00:34:51 [tomcat-handler-66] DEBUG c.i.o.a.pipeline.MessagePipeline - Pipeline step MetricsUpdateStep$$SpringCGLIB$$0 completed in 378ms
2026-08-02 00:34:51 [tomcat-handler-66] INFO  c.i.o.application.pipeline.AuditStep - AUDIT|tenantId=d563b428-b1a9-4bf3-af62-a175e92e8e18|conversationId=9a185963-dd40-44ea-b7dc-47440bc3da06|contactId=d16cb840-ef2f-4ce4-b9e9-910e0653f18a|messageId=A50A42B8D07C65DBFAA7EB75529086A1|channel=WHATSAPP|type=TEXT
2026-08-02 00:34:51 [tomcat-handler-66] DEBUG c.i.o.a.pipeline.MessagePipeline - Pipeline step AuditStep completed in 0ms
2026-08-02 00:34:51 [tomcat-handler-66] INFO  c.i.o.a.pipeline.MessagePipeline - Message pipeline completed in 3143ms
2026-08-02 00:34:51 [tomcat-handler-66] DEBUG c.i.o.i.event.SpringEventPublisher - Publishing event: type=MESSAGE_RECEIVED tenantId=d563b428-b1a9-4bf3-af62-a175e92e8e18 conversationId=9a185963-dd40-44ea-b7dc-47440bc3da06
2026-08-02 00:34:51 [orchestrator-event-3] INFO  c.i.o.i.event.AnalyticsEventListener - Analytics: Message received - tenantId=d563b428-b1a9-4bf3-af62-a175e92e8e18 conversationId=9a185963-dd40-44ea-b7dc-47440bc3da06 channel=WHATSAPP
2026-08-02 00:34:51 [tomcat-handler-66] DEBUG c.i.o.a.decision.DecisionEngineImpl - Running decision engine with 3 strategies
2026-08-02 00:34:51 [orchestrator-event-5] DEBUG c.i.o.i.event.AuditEventListener - Persisting audit log for message received: messageId=A50A42B8D07C65DBFAA7EB75529086A1
2026-08-02 00:34:51 [tomcat-handler-66] DEBUG c.i.o.a.d.AutoResponseStrategy - No specific strategy handled the message, defaulting to NO_ACTION
2026-08-02 00:34:51 [tomcat-handler-66] DEBUG c.i.o.a.decision.DecisionEngineImpl - Strategy AutoResponseStrategy decided: action=NO_ACTION reason=No automated action configured for this message
2026-08-02 00:34:51 [tomcat-handler-66] DEBUG c.i.o.a.action.ActionDispatcher - Dispatching action: NO_ACTION to executor: NoopActionExecutor
2026-08-02 00:34:51 [tomcat-handler-66] DEBUG c.i.o.a.action.NoopActionExecutor - No action needed for conversation 9a185963-dd40-44ea-b7dc-47440bc3da06: No automated action configured for this message
2026-08-02 00:34:51 [tomcat-handler-66] DEBUG c.i.o.i.event.SpringEventPublisher - Publishing event: type=ACTION_EXECUTED tenantId=d563b428-b1a9-4bf3-af62-a175e92e8e18 conversationId=9a185963-dd40-44ea-b7dc-47440bc3da06
2026-08-02 00:34:51 [tomcat-handler-66] INFO  c.i.o.a.ConversationOrchestrator - Message processed successfully in 3146ms. decision=NO_ACTION
2026-08-02 00:34:51 [orchestrator-event-1] DEBUG c.i.o.i.event.AnalyticsEventListener - Analytics: Action executed - tenantId=d563b428-b1a9-4bf3-af62-a175e92e8e18 conversationId=9a185963-dd40-44ea-b7dc-47440bc3da06 action=NO_ACTION time=3146ms
2026-08-02 00:34:51 [orchestrator-event-3] DEBUG c.i.o.i.e.NotificationEventListener - Action executed event processed: action=NO_ACTION
2026-08-02 00:34:51 [orchestrator-event-2] DEBUG c.i.o.i.event.AuditEventListener - Audit: Action executed - action=NO_ACTION processingTime=3146ms tenantId=d563b428-b1a9-4bf3-af62-a175e92e8e18
2026-08-02 00:34:51 [tomcat-handler-66] INFO  c.i.a.i.c.WhatsAppWebhookController - === WEBHOOK PROCESADO EXITOSAMENTE ===
2026-08-02 00:34:51 [orchestrator-event-1] DEBUG c.i.o.i.m.OrchestratorMetricsService - Metrics recorded: channel=WHATSAPP action=NO_ACTION time=3146ms
2026-08-02 00:34:54 [tomcat-handler-67] DEBUG c.i.s.w.NotificationWebSocketHandler - User 935532dc-b311-4071-851e-71e87089679a left conversation 9a185963-dd40-44ea-b7dc-47440bc3da06
2026-08-02 00:34:54 [tomcat-handler-68] DEBUG c.i.s.w.NotificationWebSocketHandler - User 935532dc-b311-4071-851e-71e87089679a left conversation 9a185963-dd40-44ea-b7dc-47440bc3da06
2026-08-02 00:34:54 [tomcat-handler-69] DEBUG c.i.s.w.NotificationWebSocketHandler - User 935532dc-b311-4071-851e-71e87089679a joined conversation 36400846-1eca-405c-ba89-d15a3386c50e (1 subscribers)
2026-08-02 00:34:54 [tomcat-handler-70] DEBUG c.i.s.s.JwtAuthenticationFilter - User authenticated: 935532dc-b311-4071-851e-71e87089679a for tenant: d563b428-b1a9-4bf3-af62-a175e92e8e18
2026-08-02 00:34:54 [tomcat-handler-71] DEBUG c.i.s.s.JwtAuthenticationFilter - User authenticated: 935532dc-b311-4071-851e-71e87089679a for tenant: d563b428-b1a9-4bf3-af62-a175e92e8e18
2026-08-02 00:34:54 [tomcat-handler-72] DEBUG c.i.s.s.JwtAuthenticationFilter - User authenticated: 935532dc-b311-4071-851e-71e87089679a for tenant: d563b428-b1a9-4bf3-af62-a175e92e8e18
2026-08-02 00:34:55 [tomcat-handler-72] INFO  c.i.c.a.ConversationService - Marked 0 messages as read in conversation 36400846-1eca-405c-ba89-d15a3386c50e for tenant d563b428-b1a9-4bf3-af62-a175e92e8e18 (conversation rows updated=1)
2026-08-02 00:35:01 [tomcat-handler-74] INFO  c.i.a.i.c.WhatsAppWebhookController - === WEBHOOK WHATSAPP RECIBIDO ===
2026-08-02 00:35:01 [tomcat-handler-74] INFO  c.i.a.i.c.WhatsAppWebhookController - Instance: mi-whatsapp Event: messages.upsert
2026-08-02 00:35:01 [tomcat-handler-74] INFO  c.i.a.i.c.WhatsAppWebhookController - Payload - event: messages.upsert, instanceId: null, from: null, messageId: null, type: null, text: null
2026-08-02 00:35:01 [tomcat-handler-74] INFO  c.i.a.i.c.WhatsAppWebhookController - Payload - data present: SI, data keys: [key, pushName, status, message, messageType, messageTimestamp, instanceId, source]
2026-08-02 00:35:01 [tomcat-handler-74] INFO  c.i.o.a.WhatsAppWebhookAdapter - Processing Evolution webhook for instance=mi-whatsapp
2026-08-02 00:35:01 [tomcat-handler-74] DEBUG c.i.o.a.WhatsAppWebhookAdapter - Evolution webhook data={key={remoteJid=120363410274514725@g.us, fromMe=true, id=A5FEF61CE127370535EA158F838EC436, participant=181161838002355@lid, addressingMode=lid}, pushName=LuisDev, status=SERVER_ACK, message={conversation=Jbj, messageContextInfo={threadId=[], messageSecret={0=197, 1=239, 2=23, 3=17, 4=58, 5=64, 6=188, 7=43, 8=231, 9=7, 10=31, 11=194, 12=52, 13=50, 14=153, 15=149, 16=25, 17=57, 18=94, 19=226, 20=249, 21=191, 22=192, 23=143, 24=73, 25=130, 26=58, 27=150, 28=221, 29=81, 30=239, 31=208}}}, messageType=conversation, messageTimestamp=1785648900, instanceId=50ca41c7-d60d-4ffa-bfc6-4328c6a10ad8, source=android}
2026-08-02 00:35:01 [tomcat-handler-74] INFO  c.i.o.a.WhatsAppWebhookAdapter - New WhatsApp message from +181161838002355 | type=conversation | msgId=A5FEF61CE127370535EA158F838EC436
2026-08-02 00:35:01 [tomcat-handler-74] INFO  c.i.o.a.WhatsAppWebhookAdapter - WhatsApp direction: OUTBOUND
2026-08-02 00:35:01 [tomcat-handler-74] INFO  c.i.o.a.WhatsAppWebhookAdapter - Nombre del grupo resuelto desde Evolution: 120363410274514725@g.us -> Prueba 2
2026-08-02 00:35:01 [tomcat-handler-74] INFO  c.i.o.a.WhatsAppWebhookAdapter - Incoming WhatsApp message processed: from=+181161838002355 direction=OUTBOUND type=TEXT content=Jbj
2026-08-02 00:35:01 [tomcat-handler-74] INFO  c.i.o.a.ConversationOrchestrator - Orchestrator processing message from channel=WHATSAPP source=+181161838002355
2026-08-02 00:35:01 [tomcat-handler-74] INFO  c.i.o.a.ConversationOrchestrator - Orchestrator processing message from channel=WHATSAPP source=+181161838002355
2026-08-02 00:35:01 [tomcat-handler-74] INFO  c.i.o.a.pipeline.MessagePipeline - Starting message pipeline with 10 steps for channel: WHATSAPP
2026-08-02 00:35:01 [tomcat-handler-74] DEBUG c.i.o.a.pipeline.ValidationStep - Validation passed for message from channel=WHATSAPP source=+181161838002355
2026-08-02 00:35:01 [tomcat-handler-74] DEBUG c.i.o.a.pipeline.MessagePipeline - Pipeline step ValidationStep completed in 0ms
2026-08-02 00:35:02 [tomcat-handler-74] DEBUG c.i.o.a.p.TenantResolutionStep - Tenant resolved: id=d563b428-b1a9-4bf3-af62-a175e92e8e18 subdomain=midemo
2026-08-02 00:35:02 [tomcat-handler-74] DEBUG c.i.o.a.pipeline.MessagePipeline - Pipeline step TenantResolutionStep completed in 361ms
2026-08-02 00:35:02 [tomcat-handler-74] DEBUG c.i.o.a.p.ContactResolutionStep - Searching contact for tenant=d563b428-b1a9-4bf3-af62-a175e92e8e18 phone=+181161838002355
2026-08-02 00:35:02 [tomcat-handler-74] DEBUG c.i.o.a.p.ContactResolutionStep - Contact resolved: id=c0493771-3b81-450e-9585-d51a455f3f8f name=+181161838002355 phone=+181161838002355
2026-08-02 00:35:02 [tomcat-handler-74] DEBUG c.i.o.a.pipeline.MessagePipeline - Pipeline step ContactResolutionStep$$SpringCGLIB$$0 completed in 378ms
2026-08-02 00:35:02 [tomcat-handler-74] DEBUG c.i.o.a.p.ConversationResolutionStep - Conversation resolved: id=36400846-1eca-405c-ba89-d15a3386c50e status=IN_PROGRESS channel=WHATSAPP conversationKey=WHATSAPP:120363410274514725@g.us
2026-08-02 00:35:03 [tomcat-handler-74] DEBUG c.i.o.a.pipeline.MessagePipeline - Pipeline step ConversationResolutionStep$$SpringCGLIB$$0 completed in 523ms
2026-08-02 00:35:03 [tomcat-handler-74] DEBUG c.i.o.a.p.BotConfigurationResolutionStep - Bot configuration resolved: enabled=true aiProvider=GROQ
2026-08-02 00:35:03 [tomcat-handler-74] DEBUG c.i.o.a.pipeline.MessagePipeline - Pipeline step BotConfigurationResolutionStep completed in 374ms
2026-08-02 00:35:03 [tomcat-handler-74] DEBUG c.i.o.a.p.WorkingHoursResolutionStep - Working hours resolved: enabled=true isOpen=false
2026-08-02 00:35:03 [tomcat-handler-74] DEBUG c.i.o.a.pipeline.MessagePipeline - Pipeline step WorkingHoursResolutionStep completed in 287ms
2026-08-02 00:35:03 [tomcat-handler-74] DEBUG c.i.o.a.p.ConversationContextResolutionStep - Conversation context resolved: totalMessages=1 consecutiveBotResponses=0 firstMessage=true
2026-08-02 00:35:03 [tomcat-handler-74] DEBUG c.i.o.a.pipeline.MessagePipeline - Pipeline step ConversationContextResolutionStep completed in 157ms
2026-08-02 00:35:04 [tomcat-handler-74] DEBUG c.i.o.a.p.MessagePersistenceStep - Message persisted: id=b9fd7c5d-225b-4f5d-9cb5-9465a93cdd26 conversation=36400846-1eca-405c-ba89-d15a3386c50e type=TEXT
2026-08-02 00:35:04 [tomcat-handler-74] DEBUG c.i.o.a.pipeline.MessagePipeline - Pipeline step MessagePersistenceStep$$SpringCGLIB$$0 completed in 557ms
2026-08-02 00:35:04 [tomcat-handler-74] DEBUG c.i.o.a.pipeline.MetricsUpdateStep - Metrics updated: contact=c0493771-3b81-450e-9585-d51a455f3f8f conversation=36400846-1eca-405c-ba89-d15a3386c50e
2026-08-02 00:35:04 [tomcat-handler-74] DEBUG c.i.o.a.pipeline.MessagePipeline - Pipeline step MetricsUpdateStep$$SpringCGLIB$$0 completed in 385ms
2026-08-02 00:35:04 [tomcat-handler-74] INFO  c.i.o.application.pipeline.AuditStep - AUDIT|tenantId=d563b428-b1a9-4bf3-af62-a175e92e8e18|conversationId=36400846-1eca-405c-ba89-d15a3386c50e|contactId=c0493771-3b81-450e-9585-d51a455f3f8f|messageId=A5FEF61CE127370535EA158F838EC436|channel=WHATSAPP|type=TEXT
2026-08-02 00:35:04 [tomcat-handler-74] DEBUG c.i.o.a.pipeline.MessagePipeline - Pipeline step AuditStep completed in 0ms
2026-08-02 00:35:04 [tomcat-handler-74] INFO  c.i.o.a.pipeline.MessagePipeline - Message pipeline completed in 3022ms
2026-08-02 00:35:04 [tomcat-handler-74] DEBUG c.i.o.i.event.SpringEventPublisher - Publishing event: type=MESSAGE_RECEIVED tenantId=d563b428-b1a9-4bf3-af62-a175e92e8e18 conversationId=36400846-1eca-405c-ba89-d15a3386c50e
2026-08-02 00:35:04 [orchestrator-event-5] INFO  c.i.o.i.event.AnalyticsEventListener - Analytics: Message received - tenantId=d563b428-b1a9-4bf3-af62-a175e92e8e18 conversationId=36400846-1eca-405c-ba89-d15a3386c50e channel=WHATSAPP
2026-08-02 00:35:04 [orchestrator-event-3] DEBUG c.i.o.i.event.AuditEventListener - Persisting audit log for message received: messageId=A5FEF61CE127370535EA158F838EC436
2026-08-02 00:35:04 [tomcat-handler-74] DEBUG c.i.o.a.decision.DecisionEngineImpl - Running decision engine with 3 strategies
2026-08-02 00:35:04 [tomcat-handler-74] DEBUG c.i.o.a.d.AutoResponseStrategy - No specific strategy handled the message, defaulting to NO_ACTION
2026-08-02 00:35:04 [tomcat-handler-74] DEBUG c.i.o.a.decision.DecisionEngineImpl - Strategy AutoResponseStrategy decided: action=NO_ACTION reason=No automated action configured for this message
2026-08-02 00:35:04 [tomcat-handler-74] DEBUG c.i.o.a.action.ActionDispatcher - Dispatching action: NO_ACTION to executor: NoopActionExecutor
2026-08-02 00:35:04 [tomcat-handler-74] DEBUG c.i.o.a.action.NoopActionExecutor - No action needed for conversation 36400846-1eca-405c-ba89-d15a3386c50e: No automated action configured for this message
2026-08-02 00:35:04 [tomcat-handler-74] DEBUG c.i.o.i.event.SpringEventPublisher - Publishing event: type=ACTION_EXECUTED tenantId=d563b428-b1a9-4bf3-af62-a175e92e8e18 conversationId=36400846-1eca-405c-ba89-d15a3386c50e
2026-08-02 00:35:04 [orchestrator-event-1] DEBUG c.i.o.i.event.AnalyticsEventListener - Analytics: Action executed - tenantId=d563b428-b1a9-4bf3-af62-a175e92e8e18 conversationId=36400846-1eca-405c-ba89-d15a3386c50e action=NO_ACTION time=3027ms
2026-08-02 00:35:04 [orchestrator-event-5] DEBUG c.i.o.i.e.NotificationEventListener - Action executed event processed: action=NO_ACTION
2026-08-02 00:35:04 [orchestrator-event-1] DEBUG c.i.o.i.m.OrchestratorMetricsService - Metrics recorded: channel=WHATSAPP action=NO_ACTION time=3027ms
2026-08-02 00:35:04 [orchestrator-event-4] DEBUG c.i.o.i.event.AuditEventListener - Audit: Action executed - action=NO_ACTION processingTime=3027ms tenantId=d563b428-b1a9-4bf3-af62-a175e92e8e18
2026-08-02 00:35:04 [tomcat-handler-74] INFO  c.i.o.a.ConversationOrchestrator - Message processed successfully in 3027ms. decision=NO_ACTION
2026-08-02 00:35:04 [tomcat-handler-74] INFO  c.i.a.i.c.WhatsAppWebhookController - === WEBHOOK PROCESADO EXITOSAMENTE ===
2026-08-02 00:36:24 [File Watcher] INFO  o.s.b.d.a.LocalDevToolsAutoConfiguration$RestartingClassPathChangeChangedEventListener - Restarting due to 1 class path change (0 additions, 0 deletions, 1 modification)
2026-08-02 00:36:24 [Thread-16] INFO  o.s.b.w.e.tomcat.GracefulShutdown - Commencing graceful shutdown. Waiting for active requests to complete
2026-08-02 00:36:24 [tomcat-shutdown] INFO  o.s.b.w.e.tomcat.GracefulShutdown - Graceful shutdown complete
2026-08-02 00:36:24 [Thread-16] INFO  o.s.o.j.LocalContainerEntityManagerFactoryBean - Closing JPA EntityManagerFactory for persistence unit 'default'
2026-08-02 00:36:24 [Thread-16] INFO  com.zaxxer.hikari.HikariDataSource - HikariPool-2 - Shutdown initiated...
2026-08-02 00:36:24 [scheduling-1] WARN  c.zaxxer.hikari.pool.ProxyConnection - HikariPool-2 - Connection org.postgresql.jdbc.PgConnection@bff2653 marked as broken because of SQLSTATE(08006), ErrorCode(0)
org.postgresql.util.PSQLException: An I/O error occurred while sending to the backend.
	at org.postgresql.core.v3.QueryExecutorImpl.execute(QueryExecutorImpl.java:399) ~[postgresql-42.7.5.jar:42.7.5]
	at org.postgresql.jdbc.PgStatement.executeInternal(PgStatement.java:517) ~[postgresql-42.7.5.jar:42.7.5]
	at org.postgresql.jdbc.PgStatement.execute(PgStatement.java:434) ~[postgresql-42.7.5.jar:42.7.5]
	at org.postgresql.jdbc.PgPreparedStatement.executeWithFlags(PgPreparedStatement.java:194) ~[postgresql-42.7.5.jar:42.7.5]
	at org.postgresql.jdbc.PgPreparedStatement.executeQuery(PgPreparedStatement.java:137) ~[postgresql-42.7.5.jar:42.7.5]
	at com.zaxxer.hikari.pool.ProxyPreparedStatement.executeQuery(ProxyPreparedStatement.java:52) ~[HikariCP-5.1.0.jar:na]
	at com.zaxxer.hikari.pool.HikariProxyPreparedStatement.executeQuery(HikariProxyPreparedStatement.java) ~[HikariCP-5.1.0.jar:na]
	at org.hibernate.sql.results.jdbc.internal.DeferredResultSetAccess.executeQuery(DeferredResultSetAccess.java:250) ~[hibernate-core-6.6.11.Final.jar:6.6.11.Final]
	at org.hibernate.sql.results.jdbc.internal.DeferredResultSetAccess.getResultSet(DeferredResultSetAccess.java:171) ~[hibernate-core-6.6.11.Final.jar:6.6.11.Final]
	at org.hibernate.sql.results.jdbc.internal.JdbcValuesResultSetImpl.<init>(JdbcValuesResultSetImpl.java:74) ~[hibernate-core-6.6.11.Final.jar:6.6.11.Final]
	at org.hibernate.sql.exec.internal.JdbcSelectExecutorStandardImpl.resolveJdbcValuesSource(JdbcSelectExecutorStandardImpl.java:355) ~[hibernate-core-6.6.11.Final.jar:6.6.11.Final]
	at org.hibernate.sql.exec.internal.JdbcSelectExecutorStandardImpl.doExecuteQuery(JdbcSelectExecutorStandardImpl.java:137) ~[hibernate-core-6.6.11.Final.jar:6.6.11.Final]
	at org.hibernate.sql.exec.internal.JdbcSelectExecutorStandardImpl.executeQuery(JdbcSelectExecutorStandardImpl.java:102) ~[hibernate-core-6.6.11.Final.jar:6.6.11.Final]
	at org.hibernate.sql.exec.spi.JdbcSelectExecutor.executeQuery(JdbcSelectExecutor.java:91) ~[hibernate-core-6.6.11.Final.jar:6.6.11.Final]
	at org.hibernate.sql.exec.spi.JdbcSelectExecutor.list(JdbcSelectExecutor.java:165) ~[hibernate-core-6.6.11.Final.jar:6.6.11.Final]
	at org.hibernate.query.sqm.internal.ConcreteSqmSelectQueryPlan.lambda$new$1(ConcreteSqmSelectQueryPlan.java:152) ~[hibernate-core-6.6.11.Final.jar:6.6.11.Final]
	at org.hibernate.query.sqm.internal.ConcreteSqmSelectQueryPlan.withCacheableSqmInterpretation(ConcreteSqmSelectQueryPlan.java:442) ~[hibernate-core-6.6.11.Final.jar:6.6.11.Final]
	at org.hibernate.query.sqm.internal.ConcreteSqmSelectQueryPlan.performList(ConcreteSqmSelectQueryPlan.java:362) ~[hibernate-core-6.6.11.Final.jar:6.6.11.Final]
	at org.hibernate.query.sqm.internal.QuerySqmImpl.doList(QuerySqmImpl.java:380) ~[hibernate-core-6.6.11.Final.jar:6.6.11.Final]
	at org.hibernate.query.spi.AbstractSelectionQuery.list(AbstractSelectionQuery.java:143) ~[hibernate-core-6.6.11.Final.jar:6.6.11.Final]
	at org.hibernate.query.Query.getResultList(Query.java:120) ~[hibernate-core-6.6.11.Final.jar:6.6.11.Final]
	at java.base/jdk.internal.reflect.DirectMethodHandleAccessor.invoke(DirectMethodHandleAccessor.java:103) ~[na:na]
	at java.base/java.lang.reflect.Method.invoke(Method.java:580) ~[na:na]
	at org.springframework.orm.jpa.SharedEntityManagerCreator$DeferredQueryInvocationHandler.invoke(SharedEntityManagerCreator.java:419) ~[spring-orm-6.2.5.jar:6.2.5]
	at jdk.proxy5/jdk.proxy5.$Proxy268.getResultList(Unknown Source) ~[na:na]
	at org.springframework.data.jpa.repository.query.JpaQueryExecution$CollectionExecution.doExecute(JpaQueryExecution.java:130) ~[spring-data-jpa-3.4.4.jar:3.4.4]
	at org.springframework.data.jpa.repository.query.JpaQueryExecution.execute(JpaQueryExecution.java:93) ~[spring-data-jpa-3.4.4.jar:3.4.4]
	at org.springframework.data.jpa.repository.query.AbstractJpaQuery.doExecute(AbstractJpaQuery.java:152) ~[spring-data-jpa-3.4.4.jar:3.4.4]
	at org.springframework.data.jpa.repository.query.AbstractJpaQuery.execute(AbstractJpaQuery.java:140) ~[spring-data-jpa-3.4.4.jar:3.4.4]
	at org.springframework.data.repository.core.support.RepositoryMethodInvoker.doInvoke(RepositoryMethodInvoker.java:170) ~[spring-data-commons-3.4.4.jar:3.4.4]
	at org.springframework.data.repository.core.support.RepositoryMethodInvoker.invoke(RepositoryMethodInvoker.java:158) ~[spring-data-commons-3.4.4.jar:3.4.4]
	at org.springframework.data.repository.core.support.QueryExecutorMethodInterceptor.doInvoke(QueryExecutorMethodInterceptor.java:170) ~[spring-data-commons-3.4.4.jar:3.4.4]
	at org.springframework.data.repository.core.support.QueryExecutorMethodInterceptor.invoke(QueryExecutorMethodInterceptor.java:149) ~[spring-data-commons-3.4.4.jar:3.4.4]
	at org.springframework.aop.framework.ReflectiveMethodInvocation.proceed(ReflectiveMethodInvocation.java:184) ~[spring-aop-6.2.5.jar:6.2.5]
	at org.springframework.data.projection.DefaultMethodInvokingMethodInterceptor.invoke(DefaultMethodInvokingMethodInterceptor.java:69) ~[spring-data-commons-3.4.4.jar:3.4.4]
	at org.springframework.aop.framework.ReflectiveMethodInvocation.proceed(ReflectiveMethodInvocation.java:184) ~[spring-aop-6.2.5.jar:6.2.5]
	at org.springframework.transaction.interceptor.TransactionAspectSupport.invokeWithinTransaction(TransactionAspectSupport.java:380) ~[spring-tx-6.2.5.jar:6.2.5]
	at org.springframework.transaction.interceptor.TransactionInterceptor.invoke(TransactionInterceptor.java:119) ~[spring-tx-6.2.5.jar:6.2.5]
	at org.springframework.aop.framework.ReflectiveMethodInvocation.proceed(ReflectiveMethodInvocation.java:184) ~[spring-aop-6.2.5.jar:6.2.5]
	at org.springframework.dao.support.PersistenceExceptionTranslationInterceptor.invoke(PersistenceExceptionTranslationInterceptor.java:138) ~[spring-tx-6.2.5.jar:6.2.5]
	at org.springframework.aop.framework.ReflectiveMethodInvocation.proceed(ReflectiveMethodInvocation.java:184) ~[spring-aop-6.2.5.jar:6.2.5]
	at org.springframework.data.jpa.repository.support.CrudMethodMetadataPostProcessor$CrudMethodMetadataPopulatingMethodInterceptor.invoke(CrudMethodMetadataPostProcessor.java:136) ~[spring-data-jpa-3.4.4.jar:3.4.4]
	at org.springframework.aop.framework.ReflectiveMethodInvocation.proceed(ReflectiveMethodInvocation.java:184) ~[spring-aop-6.2.5.jar:6.2.5]
	at org.springframework.aop.framework.JdkDynamicAopProxy.invoke(JdkDynamicAopProxy.java:223) ~[spring-aop-6.2.5.jar:6.2.5]
	at jdk.proxy5/jdk.proxy5.$Proxy255.findPendingAiConversations(Unknown Source) ~[na:na]
	at com.iquenobot.orchestrator.application.aggregation.PendingAiResponseScheduler.processPendingConversations(PendingAiResponseScheduler.java:42) ~[classes/:na]
	at java.base/jdk.internal.reflect.DirectMethodHandleAccessor.invoke(DirectMethodHandleAccessor.java:103) ~[na:na]
	at java.base/java.lang.reflect.Method.invoke(Method.java:580) ~[na:na]
	at org.springframework.scheduling.support.ScheduledMethodRunnable.runInternal(ScheduledMethodRunnable.java:130) ~[spring-context-6.2.5.jar:6.2.5]
	at org.springframework.scheduling.support.ScheduledMethodRunnable.lambda$run$2(ScheduledMethodRunnable.java:124) ~[spring-context-6.2.5.jar:6.2.5]
	at io.micrometer.observation.Observation.observe(Observation.java:498) ~[micrometer-observation-1.14.5.jar:1.14.5]
	at org.springframework.scheduling.support.ScheduledMethodRunnable.run(ScheduledMethodRunnable.java:124) ~[spring-context-6.2.5.jar:6.2.5]
	at org.springframework.scheduling.config.Task$OutcomeTrackingRunnable.run(Task.java:85) ~[spring-context-6.2.5.jar:6.2.5]
	at org.springframework.scheduling.support.DelegatingErrorHandlingRunnable.run(DelegatingErrorHandlingRunnable.java:54) ~[spring-context-6.2.5.jar:6.2.5]
	at java.base/java.util.concurrent.Executors$RunnableAdapter.call(Executors.java:572) ~[na:na]
	at java.base/java.util.concurrent.FutureTask.runAndReset(FutureTask.java:358) ~[na:na]
	at java.base/java.util.concurrent.ScheduledThreadPoolExecutor$ScheduledFutureTask.run(ScheduledThreadPoolExecutor.java:305) ~[na:na]
	at java.base/java.util.concurrent.ThreadPoolExecutor.runWorker(ThreadPoolExecutor.java:1144) ~[na:na]
	at java.base/java.util.concurrent.ThreadPoolExecutor$Worker.run(ThreadPoolExecutor.java:642) ~[na:na]
	at java.base/java.lang.VirtualThread.run(VirtualThread.java:329) ~[na:na]
Caused by: java.net.SocketException: Closed by interrupt
	at java.base/java.net.Socket$SocketInputStream.read(Socket.java:1106) ~[na:na]
	at java.base/sun.security.ssl.SSLSocketInputRecord.read(SSLSocketInputRecord.java:489) ~[na:na]
	at java.base/sun.security.ssl.SSLSocketInputRecord.readHeader(SSLSocketInputRecord.java:483) ~[na:na]
	at java.base/sun.security.ssl.SSLSocketInputRecord.bytesInCompletePacket(SSLSocketInputRecord.java:70) ~[na:na]
	at java.base/sun.security.ssl.SSLSocketImpl.readApplicationRecord(SSLSocketImpl.java:1460) ~[na:na]
	at java.base/sun.security.ssl.SSLSocketImpl$AppInputStream.read(SSLSocketImpl.java:1066) ~[na:na]
	at org.postgresql.core.VisibleBufferedInputStream.readMore(VisibleBufferedInputStream.java:192) ~[postgresql-42.7.5.jar:42.7.5]
	at org.postgresql.core.VisibleBufferedInputStream.ensureBytes(VisibleBufferedInputStream.java:159) ~[postgresql-42.7.5.jar:42.7.5]
	at org.postgresql.core.VisibleBufferedInputStream.ensureBytes(VisibleBufferedInputStream.java:144) ~[postgresql-42.7.5.jar:42.7.5]
	at org.postgresql.core.VisibleBufferedInputStream.read(VisibleBufferedInputStream.java:76) ~[postgresql-42.7.5.jar:42.7.5]
	at org.postgresql.core.PGStream.receiveChar(PGStream.java:476) ~[postgresql-42.7.5.jar:42.7.5]
	at org.postgresql.core.v3.QueryExecutorImpl.processResults(QueryExecutorImpl.java:2174) ~[postgresql-42.7.5.jar:42.7.5]
	at org.postgresql.core.v3.QueryExecutorImpl.processResults(QueryExecutorImpl.java:2153) ~[postgresql-42.7.5.jar:42.7.5]
	at org.postgresql.core.v3.QueryExecutorImpl.flushIfDeadlockRisk(QueryExecutorImpl.java:1503) ~[postgresql-42.7.5.jar:42.7.5]
	at org.postgresql.core.v3.QueryExecutorImpl.sendQuery(QueryExecutorImpl.java:1528) ~[postgresql-42.7.5.jar:42.7.5]
	at org.postgresql.core.v3.QueryExecutorImpl.execute(QueryExecutorImpl.java:364) ~[postgresql-42.7.5.jar:42.7.5]
	... 59 common frames omitted
2026-08-02 00:36:24 [scheduling-1] WARN  o.h.e.jdbc.spi.SqlExceptionHelper - SQL Error: 0, SQLState: 08006
2026-08-02 00:36:24 [scheduling-1] ERROR o.h.e.jdbc.spi.SqlExceptionHelper - An I/O error occurred while sending to the backend.
2026-08-02 00:36:24 [scheduling-1] ERROR o.s.s.s.TaskUtils$LoggingErrorHandler - Unexpected error occurred in scheduled task
org.springframework.dao.DataAccessResourceFailureException: JDBC exception executing SQL [select c1_0.id,c1_0.assigned_user_id,c1_0.is_bot_conversation,c1_0.bot_fallback_count,c1_0.bot_handoff_at,c1_0.bot_resume_after,c1_0.channel,c1_0.channel_conversation_id,c1_0.closed_at,c1_0.contact_id,c1_0.created_at,c1_0.created_by,c1_0.is_deleted,c1_0.deleted_at,c1_0.deleted_by,c1_0.first_response_at,c1_0.human_handoff,c1_0.human_taken_over_at,c1_0.instance_name,c1_0.is_group,c1_0.last_agent_reply_at,c1_0.last_bot_response_at,c1_0.last_message_at,c1_0.last_processed_message_hash,c1_0.message_count,c1_0.metadata,c1_0.pending_ai_response,c1_0.priority,c1_0.resolution_time_seconds,c1_0.resolved_at,c1_0.response_time_seconds,c1_0.satisfaction_feedback,c1_0.satisfaction_rating,c1_0.status,c1_0.subject,c1_0.tags,c1_0.tenant_id,c1_0.unread_count,c1_0.updated_at,c1_0.updated_by,c1_0.version from conversations c1_0 where c1_0.pending_ai_response=true and c1_0.last_message_at<? and c1_0.status in ('OPEN','IN_PROGRESS','PENDING') and c1_0.is_deleted=false order by c1_0.last_message_at] [An I/O error occurred while sending to the backend.] [n/a]
	at org.springframework.orm.jpa.vendor.HibernateJpaDialect.convertHibernateAccessException(HibernateJpaDialect.java:274) ~[spring-orm-6.2.5.jar:6.2.5]
	at org.springframework.orm.jpa.vendor.HibernateJpaDialect.translateExceptionIfPossible(HibernateJpaDialect.java:241) ~[spring-orm-6.2.5.jar:6.2.5]
	at org.springframework.orm.jpa.AbstractEntityManagerFactoryBean.translateExceptionIfPossible(AbstractEntityManagerFactoryBean.java:560) ~[spring-orm-6.2.5.jar:6.2.5]
	at org.springframework.dao.support.ChainedPersistenceExceptionTranslator.translateExceptionIfPossible(ChainedPersistenceExceptionTranslator.java:61) ~[spring-tx-6.2.5.jar:6.2.5]
	at org.springframework.dao.support.DataAccessUtils.translateIfNecessary(DataAccessUtils.java:343) ~[spring-tx-6.2.5.jar:6.2.5]
	at org.springframework.dao.support.PersistenceExceptionTranslationInterceptor.invoke(PersistenceExceptionTranslationInterceptor.java:160) ~[spring-tx-6.2.5.jar:6.2.5]
	at org.springframework.aop.framework.ReflectiveMethodInvocation.proceed(ReflectiveMethodInvocation.java:184) ~[spring-aop-6.2.5.jar:6.2.5]
	at org.springframework.data.jpa.repository.support.CrudMethodMetadataPostProcessor$CrudMethodMetadataPopulatingMethodInterceptor.invoke(CrudMethodMetadataPostProcessor.java:136) ~[spring-data-jpa-3.4.4.jar:3.4.4]
	at org.springframework.aop.framework.ReflectiveMethodInvocation.proceed(ReflectiveMethodInvocation.java:184) ~[spring-aop-6.2.5.jar:6.2.5]
	at org.springframework.aop.framework.JdkDynamicAopProxy.invoke(JdkDynamicAopProxy.java:223) ~[spring-aop-6.2.5.jar:6.2.5]
	at jdk.proxy5/jdk.proxy5.$Proxy255.findPendingAiConversations(Unknown Source) ~[na:na]
	at com.iquenobot.orchestrator.application.aggregation.PendingAiResponseScheduler.processPendingConversations(PendingAiResponseScheduler.java:42) ~[classes/:na]
	at java.base/jdk.internal.reflect.DirectMethodHandleAccessor.invoke(DirectMethodHandleAccessor.java:103) ~[na:na]
	at java.base/java.lang.reflect.Method.invoke(Method.java:580) ~[na:na]
	at org.springframework.scheduling.support.ScheduledMethodRunnable.runInternal(ScheduledMethodRunnable.java:130) ~[spring-context-6.2.5.jar:6.2.5]
	at org.springframework.scheduling.support.ScheduledMethodRunnable.lambda$run$2(ScheduledMethodRunnable.java:124) ~[spring-context-6.2.5.jar:6.2.5]
	at io.micrometer.observation.Observation.observe(Observation.java:498) ~[micrometer-observation-1.14.5.jar:1.14.5]
	at org.springframework.scheduling.support.ScheduledMethodRunnable.run(ScheduledMethodRunnable.java:124) ~[spring-context-6.2.5.jar:6.2.5]
	at org.springframework.scheduling.config.Task$OutcomeTrackingRunnable.run(Task.java:85) ~[spring-context-6.2.5.jar:6.2.5]
	at org.springframework.scheduling.support.DelegatingErrorHandlingRunnable.run(DelegatingErrorHandlingRunnable.java:54) ~[spring-context-6.2.5.jar:6.2.5]
	at java.base/java.util.concurrent.Executors$RunnableAdapter.call(Executors.java:572) ~[na:na]
	at java.base/java.util.concurrent.FutureTask.runAndReset(FutureTask.java:358) ~[na:na]
	at java.base/java.util.concurrent.ScheduledThreadPoolExecutor$ScheduledFutureTask.run(ScheduledThreadPoolExecutor.java:305) ~[na:na]
	at java.base/java.util.concurrent.ThreadPoolExecutor.runWorker(ThreadPoolExecutor.java:1144) ~[na:na]
	at java.base/java.util.concurrent.ThreadPoolExecutor$Worker.run(ThreadPoolExecutor.java:642) ~[na:na]
	at java.base/java.lang.VirtualThread.run(VirtualThread.java:329) ~[na:na]
Caused by: org.hibernate.exception.JDBCConnectionException: JDBC exception executing SQL [select c1_0.id,c1_0.assigned_user_id,c1_0.is_bot_conversation,c1_0.bot_fallback_count,c1_0.bot_handoff_at,c1_0.bot_resume_after,c1_0.channel,c1_0.channel_conversation_id,c1_0.closed_at,c1_0.contact_id,c1_0.created_at,c1_0.created_by,c1_0.is_deleted,c1_0.deleted_at,c1_0.deleted_by,c1_0.first_response_at,c1_0.human_handoff,c1_0.human_taken_over_at,c1_0.instance_name,c1_0.is_group,c1_0.last_agent_reply_at,c1_0.last_bot_response_at,c1_0.last_message_at,c1_0.last_processed_message_hash,c1_0.message_count,c1_0.metadata,c1_0.pending_ai_response,c1_0.priority,c1_0.resolution_time_seconds,c1_0.resolved_at,c1_0.response_time_seconds,c1_0.satisfaction_feedback,c1_0.satisfaction_rating,c1_0.status,c1_0.subject,c1_0.tags,c1_0.tenant_id,c1_0.unread_count,c1_0.updated_at,c1_0.updated_by,c1_0.version from conversations c1_0 where c1_0.pending_ai_response=true and c1_0.last_message_at<? and c1_0.status in ('OPEN','IN_PROGRESS','PENDING') and c1_0.is_deleted=false order by c1_0.last_message_at] [An I/O error occurred while sending to the backend.] [n/a]
	at org.hibernate.exception.internal.SQLStateConversionDelegate.convert(SQLStateConversionDelegate.java:100) ~[hibernate-core-6.6.11.Final.jar:6.6.11.Final]
	at org.hibernate.exception.internal.StandardSQLExceptionConverter.convert(StandardSQLExceptionConverter.java:58) ~[hibernate-core-6.6.11.Final.jar:6.6.11.Final]
	at org.hibernate.engine.jdbc.spi.SqlExceptionHelper.convert(SqlExceptionHelper.java:108) ~[hibernate-core-6.6.11.Final.jar:6.6.11.Final]
	at org.hibernate.engine.jdbc.spi.SqlExceptionHelper.convert(SqlExceptionHelper.java:94) ~[hibernate-core-6.6.11.Final.jar:6.6.11.Final]
	at org.hibernate.sql.results.jdbc.internal.DeferredResultSetAccess.executeQuery(DeferredResultSetAccess.java:268) ~[hibernate-core-6.6.11.Final.jar:6.6.11.Final]
	at org.hibernate.sql.results.jdbc.internal.DeferredResultSetAccess.getResultSet(DeferredResultSetAccess.java:171) ~[hibernate-core-6.6.11.Final.jar:6.6.11.Final]
	at org.hibernate.sql.results.jdbc.internal.JdbcValuesResultSetImpl.<init>(JdbcValuesResultSetImpl.java:74) ~[hibernate-core-6.6.11.Final.jar:6.6.11.Final]
	at org.hibernate.sql.exec.internal.JdbcSelectExecutorStandardImpl.resolveJdbcValuesSource(JdbcSelectExecutorStandardImpl.java:355) ~[hibernate-core-6.6.11.Final.jar:6.6.11.Final]
	at org.hibernate.sql.exec.internal.JdbcSelectExecutorStandardImpl.doExecuteQuery(JdbcSelectExecutorStandardImpl.java:137) ~[hibernate-core-6.6.11.Final.jar:6.6.11.Final]
	at org.hibernate.sql.exec.internal.JdbcSelectExecutorStandardImpl.executeQuery(JdbcSelectExecutorStandardImpl.java:102) ~[hibernate-core-6.6.11.Final.jar:6.6.11.Final]
	at org.hibernate.sql.exec.spi.JdbcSelectExecutor.executeQuery(JdbcSelectExecutor.java:91) ~[hibernate-core-6.6.11.Final.jar:6.6.11.Final]
	at org.hibernate.sql.exec.spi.JdbcSelectExecutor.list(JdbcSelectExecutor.java:165) ~[hibernate-core-6.6.11.Final.jar:6.6.11.Final]
	at org.hibernate.query.sqm.internal.ConcreteSqmSelectQueryPlan.lambda$new$1(ConcreteSqmSelectQueryPlan.java:152) ~[hibernate-core-6.6.11.Final.jar:6.6.11.Final]
	at org.hibernate.query.sqm.internal.ConcreteSqmSelectQueryPlan.withCacheableSqmInterpretation(ConcreteSqmSelectQueryPlan.java:442) ~[hibernate-core-6.6.11.Final.jar:6.6.11.Final]
	at org.hibernate.query.sqm.internal.ConcreteSqmSelectQueryPlan.performList(ConcreteSqmSelectQueryPlan.java:362) ~[hibernate-core-6.6.11.Final.jar:6.6.11.Final]
	at org.hibernate.query.sqm.internal.QuerySqmImpl.doList(QuerySqmImpl.java:380) ~[hibernate-core-6.6.11.Final.jar:6.6.11.Final]
	at org.hibernate.query.spi.AbstractSelectionQuery.list(AbstractSelectionQuery.java:143) ~[hibernate-core-6.6.11.Final.jar:6.6.11.Final]
	at org.hibernate.query.Query.getResultList(Query.java:120) ~[hibernate-core-6.6.11.Final.jar:6.6.11.Final]
	at java.base/jdk.internal.reflect.DirectMethodHandleAccessor.invoke(DirectMethodHandleAccessor.java:103) ~[na:na]
	at java.base/java.lang.reflect.Method.invoke(Method.java:580) ~[na:na]
	at org.springframework.orm.jpa.SharedEntityManagerCreator$DeferredQueryInvocationHandler.invoke(SharedEntityManagerCreator.java:419) ~[spring-orm-6.2.5.jar:6.2.5]
	at jdk.proxy5/jdk.proxy5.$Proxy268.getResultList(Unknown Source) ~[na:na]
	at org.springframework.data.jpa.repository.query.JpaQueryExecution$CollectionExecution.doExecute(JpaQueryExecution.java:130) ~[spring-data-jpa-3.4.4.jar:3.4.4]
	at org.springframework.data.jpa.repository.query.JpaQueryExecution.execute(JpaQueryExecution.java:93) ~[spring-data-jpa-3.4.4.jar:3.4.4]
	at org.springframework.data.jpa.repository.query.AbstractJpaQuery.doExecute(AbstractJpaQuery.java:152) ~[spring-data-jpa-3.4.4.jar:3.4.4]
	at org.springframework.data.jpa.repository.query.AbstractJpaQuery.execute(AbstractJpaQuery.java:140) ~[spring-data-jpa-3.4.4.jar:3.4.4]
	at org.springframework.data.repository.core.support.RepositoryMethodInvoker.doInvoke(RepositoryMethodInvoker.java:170) ~[spring-data-commons-3.4.4.jar:3.4.4]
	at org.springframework.data.repository.core.support.RepositoryMethodInvoker.invoke(RepositoryMethodInvoker.java:158) ~[spring-data-commons-3.4.4.jar:3.4.4]
	at org.springframework.data.repository.core.support.QueryExecutorMethodInterceptor.doInvoke(QueryExecutorMethodInterceptor.java:170) ~[spring-data-commons-3.4.4.jar:3.4.4]
	at org.springframework.data.repository.core.support.QueryExecutorMethodInterceptor.invoke(QueryExecutorMethodInterceptor.java:149) ~[spring-data-commons-3.4.4.jar:3.4.4]
	at org.springframework.aop.framework.ReflectiveMethodInvocation.proceed(ReflectiveMethodInvocation.java:184) ~[spring-aop-6.2.5.jar:6.2.5]
	at org.springframework.data.projection.DefaultMethodInvokingMethodInterceptor.invoke(DefaultMethodInvokingMethodInterceptor.java:69) ~[spring-data-commons-3.4.4.jar:3.4.4]
	at org.springframework.aop.framework.ReflectiveMethodInvocation.proceed(ReflectiveMethodInvocation.java:184) ~[spring-aop-6.2.5.jar:6.2.5]
	at org.springframework.transaction.interceptor.TransactionAspectSupport.invokeWithinTransaction(TransactionAspectSupport.java:380) ~[spring-tx-6.2.5.jar:6.2.5]
	at org.springframework.transaction.interceptor.TransactionInterceptor.invoke(TransactionInterceptor.java:119) ~[spring-tx-6.2.5.jar:6.2.5]
	at org.springframework.aop.framework.ReflectiveMethodInvocation.proceed(ReflectiveMethodInvocation.java:184) ~[spring-aop-6.2.5.jar:6.2.5]
	at org.springframework.dao.support.PersistenceExceptionTranslationInterceptor.invoke(PersistenceExceptionTranslationInterceptor.java:138) ~[spring-tx-6.2.5.jar:6.2.5]
	... 20 common frames omitted
Caused by: org.postgresql.util.PSQLException: An I/O error occurred while sending to the backend.
	at org.postgresql.core.v3.QueryExecutorImpl.execute(QueryExecutorImpl.java:399) ~[postgresql-42.7.5.jar:42.7.5]
	at org.postgresql.jdbc.PgStatement.executeInternal(PgStatement.java:517) ~[postgresql-42.7.5.jar:42.7.5]
	at org.postgresql.jdbc.PgStatement.execute(PgStatement.java:434) ~[postgresql-42.7.5.jar:42.7.5]
	at org.postgresql.jdbc.PgPreparedStatement.executeWithFlags(PgPreparedStatement.java:194) ~[postgresql-42.7.5.jar:42.7.5]
	at org.postgresql.jdbc.PgPreparedStatement.executeQuery(PgPreparedStatement.java:137) ~[postgresql-42.7.5.jar:42.7.5]
	at com.zaxxer.hikari.pool.ProxyPreparedStatement.executeQuery(ProxyPreparedStatement.java:52) ~[HikariCP-5.1.0.jar:na]
	at com.zaxxer.hikari.pool.HikariProxyPreparedStatement.executeQuery(HikariProxyPreparedStatement.java) ~[HikariCP-5.1.0.jar:na]
	at org.hibernate.sql.results.jdbc.internal.DeferredResultSetAccess.executeQuery(DeferredResultSetAccess.java:250) ~[hibernate-core-6.6.11.Final.jar:6.6.11.Final]
	... 52 common frames omitted
Caused by: java.net.SocketException: Closed by interrupt
	at java.base/java.net.Socket$SocketInputStream.read(Socket.java:1106) ~[na:na]
	at java.base/sun.security.ssl.SSLSocketInputRecord.read(SSLSocketInputRecord.java:489) ~[na:na]
	at java.base/sun.security.ssl.SSLSocketInputRecord.readHeader(SSLSocketInputRecord.java:483) ~[na:na]
	at java.base/sun.security.ssl.SSLSocketInputRecord.bytesInCompletePacket(SSLSocketInputRecord.java:70) ~[na:na]
	at java.base/sun.security.ssl.SSLSocketImpl.readApplicationRecord(SSLSocketImpl.java:1460) ~[na:na]
	at java.base/sun.security.ssl.SSLSocketImpl$AppInputStream.read(SSLSocketImpl.java:1066) ~[na:na]
	at org.postgresql.core.VisibleBufferedInputStream.readMore(VisibleBufferedInputStream.java:192) ~[postgresql-42.7.5.jar:42.7.5]
	at org.postgresql.core.VisibleBufferedInputStream.ensureBytes(VisibleBufferedInputStream.java:159) ~[postgresql-42.7.5.jar:42.7.5]
	at org.postgresql.core.VisibleBufferedInputStream.ensureBytes(VisibleBufferedInputStream.java:144) ~[postgresql-42.7.5.jar:42.7.5]
	at org.postgresql.core.VisibleBufferedInputStream.read(VisibleBufferedInputStream.java:76) ~[postgresql-42.7.5.jar:42.7.5]
	at org.postgresql.core.PGStream.receiveChar(PGStream.java:476) ~[postgresql-42.7.5.jar:42.7.5]
	at org.postgresql.core.v3.QueryExecutorImpl.processResults(QueryExecutorImpl.java:2174) ~[postgresql-42.7.5.jar:42.7.5]
	at org.postgresql.core.v3.QueryExecutorImpl.processResults(QueryExecutorImpl.java:2153) ~[postgresql-42.7.5.jar:42.7.5]
	at org.postgresql.core.v3.QueryExecutorImpl.flushIfDeadlockRisk(QueryExecutorImpl.java:1503) ~[postgresql-42.7.5.jar:42.7.5]
	at org.postgresql.core.v3.QueryExecutorImpl.sendQuery(QueryExecutorImpl.java:1528) ~[postgresql-42.7.5.jar:42.7.5]
	at org.postgresql.core.v3.QueryExecutorImpl.execute(QueryExecutorImpl.java:364) ~[postgresql-42.7.5.jar:42.7.5]
	... 59 common frames omitted
2026-08-02 00:36:25 [Thread-16] INFO  com.zaxxer.hikari.HikariDataSource - HikariPool-2 - Shutdown completed.
2026-08-02 00:36:25 [Thread-16] DEBUG c.i.s.w.NotificationWebSocketHandler - WebSocket transport error: user=935532dc-b311-4071-851e-71e87089679a error=java.nio.channels.ClosedChannelException
2026-08-02 00:36:25 [Thread-16] DEBUG c.i.s.w.NotificationWebSocketHandler - WebSocket disconnected: user=935532dc-b311-4071-851e-71e87089679a status=CloseStatus[code=1001, reason=The web application is stopping]
2026-08-02 00:36:25 [restartedMain] INFO  com.iquenobot.IquenobotApplication - Starting IquenobotApplication using Java 21.0.11 with PID 23100 (C:\Users\luisv\OneDrive\Escritorio\cloniquenobot\iquenobot\target\classes started by luisv in C:\Users\luisv\OneDrive\Escritorio\cloniquenobot\iquenobot)
2026-08-02 00:36:25 [restartedMain] DEBUG com.iquenobot.IquenobotApplication - Running with Spring Boot v3.4.4, Spring v6.2.5
2026-08-02 00:36:25 [restartedMain] INFO  com.iquenobot.IquenobotApplication - The following 1 profile is active: "dev"
2026-08-02 00:36:26 [restartedMain] INFO  o.s.d.r.c.RepositoryConfigurationDelegate - Bootstrapping Spring Data JPA repositories in DEFAULT mode.
2026-08-02 00:36:27 [restartedMain] INFO  o.s.d.r.c.RepositoryConfigurationDelegate - Finished Spring Data repository scanning in 441 ms. Found 22 JPA repository interfaces.
2026-08-02 00:36:27 [restartedMain] INFO  o.s.b.w.e.tomcat.TomcatWebServer - Tomcat initialized with port 8085 (http)
2026-08-02 00:36:27 [restartedMain] INFO  o.a.catalina.core.StandardService - Starting service [Tomcat]
2026-08-02 00:36:27 [restartedMain] INFO  o.a.catalina.core.StandardEngine - Starting Servlet engine: [Apache Tomcat/10.1.39]
2026-08-02 00:36:27 [restartedMain] INFO  o.a.c.c.C.[Tomcat].[localhost].[/] - Initializing Spring embedded WebApplicationContext
2026-08-02 00:36:27 [restartedMain] INFO  o.s.b.w.s.c.ServletWebServerApplicationContext - Root WebApplicationContext: initialization completed in 2351 ms
2026-08-02 00:36:27 [restartedMain] INFO  com.zaxxer.hikari.HikariDataSource - HikariPool-3 - Starting...
2026-08-02 00:36:29 [restartedMain] INFO  com.zaxxer.hikari.pool.HikariPool - HikariPool-3 - Added connection org.postgresql.jdbc.PgConnection@6228b8b6
2026-08-02 00:36:29 [restartedMain] INFO  com.zaxxer.hikari.HikariDataSource - HikariPool-3 - Start completed.
2026-08-02 00:36:29 [restartedMain] INFO  org.flywaydb.core.FlywayExecutor - Database: jdbc:postgresql://ep-delicate-bird-axk10rcp-pooler.c-4.us-east-2.aws.neon.tech:5432/neondb?sslmode=require (PostgreSQL 18.4)
2026-08-02 00:36:30 [restartedMain] WARN  o.f.c.i.database.base.Database - Flyway upgrade recommended: PostgreSQL 18.4 is newer than this version of Flyway and support has not been tested. The latest supported version of PostgreSQL is 17.
2026-08-02 00:36:31 [restartedMain] INFO  o.f.core.internal.command.DbValidate - Successfully validated 34 migrations (execution time 00:00.628s)
2026-08-02 00:36:33 [restartedMain] INFO  o.f.core.internal.command.DbMigrate - Current version of schema "public": 034
2026-08-02 00:36:33 [restartedMain] INFO  o.f.core.internal.command.DbMigrate - Schema "public" is up to date. No migration necessary.
2026-08-02 00:36:34 [restartedMain] INFO  o.h.jpa.internal.util.LogHelper - HHH000204: Processing PersistenceUnitInfo [name: default]
2026-08-02 00:36:34 [restartedMain] INFO  o.h.c.i.RegionFactoryInitiator - HHH000026: Second-level cache disabled
2026-08-02 00:36:34 [restartedMain] INFO  o.s.o.j.p.SpringPersistenceUnitInfo - No LoadTimeWeaver setup: ignoring JPA class transformer
2026-08-02 00:36:34 [restartedMain] WARN  org.hibernate.orm.deprecation - HHH90000025: PostgreSQLDialect does not need to be specified explicitly using 'hibernate.dialect' (remove the property setting and it will be selected by default)
2026-08-02 00:36:34 [restartedMain] INFO  o.hibernate.orm.connections.pooling - HHH10001005: Database info:
	Database JDBC URL [Connecting through datasource 'HikariDataSource (HikariPool-3)']
	Database driver: undefined/unknown
	Database version: 18.4
	Autocommit mode: undefined/unknown
	Isolation level: undefined/unknown
	Minimum pool size: undefined/unknown
	Maximum pool size: undefined/unknown
2026-08-02 00:36:36 [restartedMain] INFO  o.h.e.t.j.p.i.JtaPlatformInitiator - HHH000489: No JTA platform available (set 'hibernate.transaction.jta.platform' to enable JTA platform integration)
2026-08-02 00:36:37 [restartedMain] INFO  o.s.o.j.LocalContainerEntityManagerFactoryBean - Initialized JPA EntityManagerFactory for persistence unit 'default'
2026-08-02 00:36:37 [restartedMain] DEBUG c.i.s.s.JwtAuthenticationFilter - Filter 'jwtAuthenticationFilter' configured for use
2026-08-02 00:36:39 [restartedMain] INFO  c.i.o.a.decision.DecisionEngineImpl - DecisionEngine initialized with 3 strategies
2026-08-02 00:36:39 [restartedMain] INFO  c.i.s.i.storage.LocalStorageService - LocalStorageService initialized at: C:\Users\luisv\OneDrive\Escritorio\cloniquenobot\iquenobot\uploads
2026-08-02 00:36:39 [restartedMain] INFO  c.i.o.a.action.ActionDispatcher - ActionDispatcher initialized with 15 executors
2026-08-02 00:36:39 [restartedMain] INFO  c.i.s.application.FileUploadService - File upload directory created at: C:\Users\luisv\OneDrive\Escritorio\cloniquenobot\iquenobot\uploads
2026-08-02 00:36:41 [restartedMain] INFO  c.i.o.i.config.AsyncConfig - Orchestrator event executor initialized: core=5 max=20 queue=500
2026-08-02 00:36:41 [restartedMain] WARN  o.s.b.a.s.s.UserDetailsServiceAutoConfiguration - 

Using generated security password: 1df7cc2a-3eeb-4796-99a6-577db5b5c061

This generated password is for development use only. Your security configuration must be updated before running your application in production.

2026-08-02 00:36:42 [restartedMain] INFO  o.s.b.a.e.web.EndpointLinksResolver - Exposing 3 endpoints beneath base path '/actuator'
2026-08-02 00:36:43 [restartedMain] INFO  o.s.b.d.a.OptionalLiveReloadServer - LiveReload server is running on port 35729
2026-08-02 00:36:43 [restartedMain] INFO  o.s.b.w.e.tomcat.TomcatWebServer - Tomcat started on port 8085 (http) with context path '/'
2026-08-02 00:36:43 [restartedMain] INFO  com.iquenobot.IquenobotApplication - Started IquenobotApplication in 18.334 seconds (process running for 660.851)
2026-08-02 00:36:44 [restartedMain] INFO  c.i.shared.config.DataInitializer - Plans already seeded, skipping
2026-08-02 00:36:44 [restartedMain] INFO  c.i.shared.config.DataInitializer - SUPER_ADMIN already exists, skipping initialization
2026-08-02 00:36:44 [restartedMain] INFO  o.s.b.d.a.ConditionEvaluationDeltaLoggingListener - Condition evaluation unchanged
2026-08-02 00:36:45 [File Watcher] INFO  o.s.b.d.a.LocalDevToolsAutoConfiguration$RestartingClassPathChangeChangedEventListener - Restarting due to 1 class path change (0 additions, 0 deletions, 1 modification)
2026-08-02 00:36:45 [Thread-31] INFO  o.s.b.w.e.tomcat.GracefulShutdown - Commencing graceful shutdown. Waiting for active requests to complete
2026-08-02 00:36:45 [tomcat-shutdown] INFO  o.s.b.w.e.tomcat.GracefulShutdown - Graceful shutdown complete
2026-08-02 00:36:45 [Thread-31] INFO  o.s.o.j.LocalContainerEntityManagerFactoryBean - Closing JPA EntityManagerFactory for persistence unit 'default'
2026-08-02 00:36:45 [Thread-31] INFO  com.zaxxer.hikari.HikariDataSource - HikariPool-3 - Shutdown initiated...
2026-08-02 00:36:46 [Thread-31] INFO  com.zaxxer.hikari.HikariDataSource - HikariPool-3 - Shutdown completed.
2026-08-02 00:36:46 [restartedMain] INFO  com.iquenobot.IquenobotApplication - Starting IquenobotApplication using Java 21.0.11 with PID 23100 (C:\Users\luisv\OneDrive\Escritorio\cloniquenobot\iquenobot\target\classes started by luisv in C:\Users\luisv\OneDrive\Escritorio\cloniquenobot\iquenobot)
2026-08-02 00:36:46 [restartedMain] DEBUG com.iquenobot.IquenobotApplication - Running with Spring Boot v3.4.4, Spring v6.2.5
2026-08-02 00:36:46 [restartedMain] INFO  com.iquenobot.IquenobotApplication - The following 1 profile is active: "dev"
2026-08-02 00:36:46 [restartedMain] INFO  o.s.d.r.c.RepositoryConfigurationDelegate - Bootstrapping Spring Data JPA repositories in DEFAULT mode.
2026-08-02 00:36:47 [restartedMain] INFO  o.s.d.r.c.RepositoryConfigurationDelegate - Finished Spring Data repository scanning in 265 ms. Found 22 JPA repository interfaces.
2026-08-02 00:36:47 [restartedMain] INFO  o.s.b.w.e.tomcat.TomcatWebServer - Tomcat initialized with port 8085 (http)
2026-08-02 00:36:47 [restartedMain] INFO  o.a.catalina.core.StandardService - Starting service [Tomcat]
2026-08-02 00:36:47 [restartedMain] INFO  o.a.catalina.core.StandardEngine - Starting Servlet engine: [Apache Tomcat/10.1.39]
2026-08-02 00:36:47 [restartedMain] INFO  o.a.c.c.C.[Tomcat].[localhost].[/] - Initializing Spring embedded WebApplicationContext
2026-08-02 00:36:47 [restartedMain] INFO  o.s.b.w.s.c.ServletWebServerApplicationContext - Root WebApplicationContext: initialization completed in 1507 ms
2026-08-02 00:36:47 [restartedMain] INFO  com.zaxxer.hikari.HikariDataSource - HikariPool-4 - Starting...
2026-08-02 00:36:49 [restartedMain] INFO  com.zaxxer.hikari.pool.HikariPool - HikariPool-4 - Added connection org.postgresql.jdbc.PgConnection@4f10057f
2026-08-02 00:36:49 [restartedMain] INFO  com.zaxxer.hikari.HikariDataSource - HikariPool-4 - Start completed.
2026-08-02 00:36:49 [restartedMain] INFO  org.flywaydb.core.FlywayExecutor - Database: jdbc:postgresql://ep-delicate-bird-axk10rcp-pooler.c-4.us-east-2.aws.neon.tech:5432/neondb?sslmode=require (PostgreSQL 18.4)
2026-08-02 00:36:50 [restartedMain] WARN  o.f.c.i.database.base.Database - Flyway upgrade recommended: PostgreSQL 18.4 is newer than this version of Flyway and support has not been tested. The latest supported version of PostgreSQL is 17.
2026-08-02 00:36:51 [restartedMain] INFO  o.f.core.internal.command.DbValidate - Successfully validated 34 migrations (execution time 00:00.619s)
2026-08-02 00:36:53 [restartedMain] INFO  o.f.core.internal.command.DbMigrate - Current version of schema "public": 034
2026-08-02 00:36:53 [restartedMain] INFO  o.f.core.internal.command.DbMigrate - Schema "public" is up to date. No migration necessary.
2026-08-02 00:36:54 [restartedMain] INFO  o.h.jpa.internal.util.LogHelper - HHH000204: Processing PersistenceUnitInfo [name: default]
2026-08-02 00:36:54 [restartedMain] INFO  o.h.c.i.RegionFactoryInitiator - HHH000026: Second-level cache disabled
2026-08-02 00:36:54 [restartedMain] INFO  o.s.o.j.p.SpringPersistenceUnitInfo - No LoadTimeWeaver setup: ignoring JPA class transformer
2026-08-02 00:36:54 [restartedMain] WARN  org.hibernate.orm.deprecation - HHH90000025: PostgreSQLDialect does not need to be specified explicitly using 'hibernate.dialect' (remove the property setting and it will be selected by default)
2026-08-02 00:36:54 [restartedMain] INFO  o.hibernate.orm.connections.pooling - HHH10001005: Database info:
	Database JDBC URL [Connecting through datasource 'HikariDataSource (HikariPool-4)']
	Database driver: undefined/unknown
	Database version: 18.4
	Autocommit mode: undefined/unknown
	Isolation level: undefined/unknown
	Minimum pool size: undefined/unknown
	Maximum pool size: undefined/unknown
2026-08-02 00:36:55 [restartedMain] INFO  o.h.e.t.j.p.i.JtaPlatformInitiator - HHH000489: No JTA platform available (set 'hibernate.transaction.jta.platform' to enable JTA platform integration)
2026-08-02 00:36:56 [restartedMain] INFO  o.s.o.j.LocalContainerEntityManagerFactoryBean - Initialized JPA EntityManagerFactory for persistence unit 'default'
2026-08-02 00:36:56 [restartedMain] DEBUG c.i.s.s.JwtAuthenticationFilter - Filter 'jwtAuthenticationFilter' configured for use
2026-08-02 00:36:57 [restartedMain] INFO  c.i.o.a.decision.DecisionEngineImpl - DecisionEngine initialized with 3 strategies
2026-08-02 00:36:57 [restartedMain] INFO  c.i.s.i.storage.LocalStorageService - LocalStorageService initialized at: C:\Users\luisv\OneDrive\Escritorio\cloniquenobot\iquenobot\uploads
2026-08-02 00:36:57 [restartedMain] INFO  c.i.o.a.action.ActionDispatcher - ActionDispatcher initialized with 15 executors
2026-08-02 00:36:57 [restartedMain] INFO  c.i.s.application.FileUploadService - File upload directory created at: C:\Users\luisv\OneDrive\Escritorio\cloniquenobot\iquenobot\uploads
2026-08-02 00:36:58 [restartedMain] INFO  c.i.o.i.config.AsyncConfig - Orchestrator event executor initialized: core=5 max=20 queue=500
2026-08-02 00:36:58 [restartedMain] WARN  o.s.b.a.s.s.UserDetailsServiceAutoConfiguration - 

Using generated security password: bf248802-768b-4de9-ac9d-796702a20ee3

This generated password is for development use only. Your security configuration must be updated before running your application in production.

2026-08-02 00:36:59 [restartedMain] INFO  o.s.b.a.e.web.EndpointLinksResolver - Exposing 3 endpoints beneath base path '/actuator'
2026-08-02 00:36:59 [restartedMain] INFO  o.s.b.d.a.OptionalLiveReloadServer - LiveReload server is running on port 35729
2026-08-02 00:36:59 [restartedMain] INFO  o.s.b.w.e.tomcat.TomcatWebServer - Tomcat started on port 8085 (http) with context path '/'
2026-08-02 00:36:59 [restartedMain] INFO  com.iquenobot.IquenobotApplication - Started IquenobotApplication in 13.752 seconds (process running for 677.181)
2026-08-02 00:37:00 [restartedMain] INFO  c.i.shared.config.DataInitializer - Plans already seeded, skipping
2026-08-02 00:37:00 [restartedMain] INFO  c.i.shared.config.DataInitializer - SUPER_ADMIN already exists, skipping initialization
2026-08-02 00:37:00 [restartedMain] INFO  o.s.b.d.a.ConditionEvaluationDeltaLoggingListener - Condition evaluation unchanged
2026-08-02 00:37:05 [tomcat-handler-0] INFO  o.a.c.c.C.[Tomcat].[localhost].[/] - Initializing Spring DispatcherServlet 'dispatcherServlet'
2026-08-02 00:37:05 [tomcat-handler-0] INFO  o.s.web.servlet.DispatcherServlet - Initializing Servlet 'dispatcherServlet'
2026-08-02 00:37:05 [tomcat-handler-0] INFO  o.s.web.servlet.DispatcherServlet - Completed initialization in 2 ms
2026-08-02 00:37:05 [tomcat-handler-0] DEBUG c.i.s.w.NotificationWebSocketHandler - WebSocket connected: user=935532dc-b311-4071-851e-71e87089679a tenant=d563b428-b1a9-4bf3-af62-a175e92e8e18 sessions=1
2026-08-02 00:37:05 [tomcat-handler-1] DEBUG c.i.s.w.NotificationWebSocketHandler - User 935532dc-b311-4071-851e-71e87089679a joined conversation 36400846-1eca-405c-ba89-d15a3386c50e (1 subscribers)
2026-08-02 00:37:21 [tomcat-handler-2] DEBUG c.i.s.w.NotificationWebSocketHandler - WebSocket disconnected: user=935532dc-b311-4071-851e-71e87089679a status=CloseStatus[code=1001, reason=null]
2026-08-02 00:37:22 [tomcat-handler-3] DEBUG c.i.auth.application.AuthService - Refreshing token
2026-08-02 00:37:22 [tomcat-handler-4] DEBUG c.i.auth.application.AuthService - Refreshing token
2026-08-02 00:37:22 [tomcat-handler-4] DEBUG c.i.auth.application.AuthService - Token refreshed successfully for user: supervisor@miempresa.com
2026-08-02 00:37:22 [tomcat-handler-3] DEBUG c.i.auth.application.AuthService - Token refreshed successfully for user: supervisor@miempresa.com
2026-08-02 00:37:22 [tomcat-handler-5] DEBUG c.i.s.w.NotificationWebSocketHandler - WebSocket connected: user=935532dc-b311-4071-851e-71e87089679a tenant=d563b428-b1a9-4bf3-af62-a175e92e8e18 sessions=1
2026-08-02 00:37:23 [tomcat-handler-6] INFO  c.i.auth.application.AuthService - Attempting login for email: supervisor@miempresa.com
2026-08-02 00:37:24 [tomcat-handler-6] INFO  c.i.auth.application.AuthService - Login successful for user: supervisor@miempresa.com in tenant: midemo
2026-08-02 00:37:25 [tomcat-handler-7] DEBUG c.i.s.s.JwtAuthenticationFilter - User authenticated: 935532dc-b311-4071-851e-71e87089679a for tenant: d563b428-b1a9-4bf3-af62-a175e92e8e18
2026-08-02 00:37:27 [tomcat-handler-8] DEBUG c.i.s.s.JwtAuthenticationFilter - User authenticated: 935532dc-b311-4071-851e-71e87089679a for tenant: d563b428-b1a9-4bf3-af62-a175e92e8e18
2026-08-02 00:37:29 [tomcat-handler-9] DEBUG c.i.s.w.NotificationWebSocketHandler - User 935532dc-b311-4071-851e-71e87089679a left conversation 36400846-1eca-405c-ba89-d15a3386c50e
2026-08-02 00:37:29 [tomcat-handler-12] DEBUG c.i.s.w.NotificationWebSocketHandler - User 935532dc-b311-4071-851e-71e87089679a joined conversation 36400846-1eca-405c-ba89-d15a3386c50e (1 subscribers)
2026-08-02 00:37:29 [tomcat-handler-10] DEBUG c.i.s.s.JwtAuthenticationFilter - User authenticated: 935532dc-b311-4071-851e-71e87089679a for tenant: d563b428-b1a9-4bf3-af62-a175e92e8e18
2026-08-02 00:37:29 [tomcat-handler-11] DEBUG c.i.s.s.JwtAuthenticationFilter - User authenticated: 935532dc-b311-4071-851e-71e87089679a for tenant: d563b428-b1a9-4bf3-af62-a175e92e8e18
2026-08-02 00:37:30 [tomcat-handler-13] DEBUG c.i.s.s.JwtAuthenticationFilter - User authenticated: 935532dc-b311-4071-851e-71e87089679a for tenant: d563b428-b1a9-4bf3-af62-a175e92e8e18
2026-08-02 00:37:30 [tomcat-handler-13] INFO  c.i.c.a.ConversationService - Marked 0 messages as read in conversation 36400846-1eca-405c-ba89-d15a3386c50e for tenant d563b428-b1a9-4bf3-af62-a175e92e8e18 (conversation rows updated=1)
2026-08-02 00:37:31 [tomcat-handler-14] DEBUG c.i.s.w.NotificationWebSocketHandler - User 935532dc-b311-4071-851e-71e87089679a left conversation 36400846-1eca-405c-ba89-d15a3386c50e
2026-08-02 00:37:31 [tomcat-handler-15] DEBUG c.i.s.w.NotificationWebSocketHandler - User 935532dc-b311-4071-851e-71e87089679a left conversation 36400846-1eca-405c-ba89-d15a3386c50e
2026-08-02 00:37:31 [tomcat-handler-16] DEBUG c.i.s.w.NotificationWebSocketHandler - User 935532dc-b311-4071-851e-71e87089679a joined conversation 9a185963-dd40-44ea-b7dc-47440bc3da06 (1 subscribers)
2026-08-02 00:37:31 [tomcat-handler-17] DEBUG c.i.s.s.JwtAuthenticationFilter - User authenticated: 935532dc-b311-4071-851e-71e87089679a for tenant: d563b428-b1a9-4bf3-af62-a175e92e8e18
2026-08-02 00:37:31 [tomcat-handler-18] DEBUG c.i.s.s.JwtAuthenticationFilter - User authenticated: 935532dc-b311-4071-851e-71e87089679a for tenant: d563b428-b1a9-4bf3-af62-a175e92e8e18
2026-08-02 00:37:32 [tomcat-handler-19] DEBUG c.i.s.s.JwtAuthenticationFilter - User authenticated: 935532dc-b311-4071-851e-71e87089679a for tenant: d563b428-b1a9-4bf3-af62-a175e92e8e18
2026-08-02 00:37:32 [tomcat-handler-19] INFO  c.i.c.a.ConversationService - Marked 0 messages as read in conversation 9a185963-dd40-44ea-b7dc-47440bc3da06 for tenant d563b428-b1a9-4bf3-af62-a175e92e8e18 (conversation rows updated=1)
2026-08-02 00:37:32 [tomcat-handler-20] DEBUG c.i.s.w.NotificationWebSocketHandler - User 935532dc-b311-4071-851e-71e87089679a left conversation 9a185963-dd40-44ea-b7dc-47440bc3da06
2026-08-02 00:37:32 [tomcat-handler-21] DEBUG c.i.s.w.NotificationWebSocketHandler - User 935532dc-b311-4071-851e-71e87089679a left conversation 9a185963-dd40-44ea-b7dc-47440bc3da06
2026-08-02 00:37:32 [tomcat-handler-22] DEBUG c.i.s.w.NotificationWebSocketHandler - User 935532dc-b311-4071-851e-71e87089679a joined conversation 36400846-1eca-405c-ba89-d15a3386c50e (1 subscribers)
2026-08-02 00:37:32 [tomcat-handler-23] DEBUG c.i.s.s.JwtAuthenticationFilter - User authenticated: 935532dc-b311-4071-851e-71e87089679a for tenant: d563b428-b1a9-4bf3-af62-a175e92e8e18
2026-08-02 00:37:33 [tomcat-handler-23] INFO  c.i.c.a.ConversationService - Marked 0 messages as read in conversation 36400846-1eca-405c-ba89-d15a3386c50e for tenant d563b428-b1a9-4bf3-af62-a175e92e8e18 (conversation rows updated=1)
2026-08-02 00:37:39 [tomcat-handler-24] INFO  c.i.a.i.c.WhatsAppWebhookController - === WEBHOOK WHATSAPP RECIBIDO ===
2026-08-02 00:37:39 [tomcat-handler-24] INFO  c.i.a.i.c.WhatsAppWebhookController - Instance: mi-whatsapp Event: messages.upsert
2026-08-02 00:37:39 [tomcat-handler-24] INFO  c.i.a.i.c.WhatsAppWebhookController - Payload - event: messages.upsert, instanceId: null, from: null, messageId: null, type: null, text: null
2026-08-02 00:37:39 [tomcat-handler-24] INFO  c.i.a.i.c.WhatsAppWebhookController - Payload - data present: SI, data keys: [key, pushName, status, message, messageType, messageTimestamp, instanceId, source]
2026-08-02 00:37:39 [tomcat-handler-24] INFO  c.i.o.a.WhatsAppWebhookAdapter - Processing Evolution webhook for instance=mi-whatsapp
2026-08-02 00:37:39 [tomcat-handler-24] DEBUG c.i.o.a.WhatsAppWebhookAdapter - Evolution webhook data={key={remoteJid=120363410274514725@g.us, fromMe=true, id=A5AEF3A85D4D05A6F95C423F1A9710A2, participant=181161838002355@lid, addressingMode=lid}, pushName=LuisDev, status=SERVER_ACK, message={conversation=Jshssjs, messageContextInfo={threadId=[], messageSecret={0=229, 1=43, 2=41, 3=120, 4=83, 5=42, 6=168, 7=63, 8=111, 9=201, 10=7, 11=17, 12=91, 13=237, 14=181, 15=218, 16=63, 17=206, 18=196, 19=142, 20=133, 21=216, 22=116, 23=249, 24=16, 25=37, 26=177, 27=111, 28=215, 29=123, 30=219, 31=193}}}, messageType=conversation, messageTimestamp=1785649059, instanceId=50ca41c7-d60d-4ffa-bfc6-4328c6a10ad8, source=android}
2026-08-02 00:37:40 [tomcat-handler-24] INFO  c.i.o.a.WhatsAppWebhookAdapter - New WhatsApp message from +181161838002355 | type=conversation | msgId=A5AEF3A85D4D05A6F95C423F1A9710A2
2026-08-02 00:37:40 [tomcat-handler-24] INFO  c.i.o.a.WhatsAppWebhookAdapter - WhatsApp direction: OUTBOUND
2026-08-02 00:37:40 [tomcat-handler-24] INFO  c.i.o.a.WhatsAppWebhookAdapter - Nombre del grupo resuelto desde Evolution: 120363410274514725@g.us -> Prueba 2
2026-08-02 00:37:40 [tomcat-handler-24] INFO  c.i.o.a.WhatsAppWebhookAdapter - Incoming WhatsApp message processed: from=+181161838002355 direction=OUTBOUND type=TEXT content=Jshssjs
2026-08-02 00:37:40 [tomcat-handler-24] INFO  c.i.o.a.ConversationOrchestrator - Orchestrator processing message from channel=WHATSAPP source=+181161838002355
2026-08-02 00:37:40 [tomcat-handler-24] INFO  c.i.o.a.ConversationOrchestrator - Orchestrator processing message from channel=WHATSAPP source=+181161838002355
2026-08-02 00:37:40 [tomcat-handler-24] INFO  c.i.o.a.pipeline.MessagePipeline - Starting message pipeline with 10 steps for channel: WHATSAPP
2026-08-02 00:37:40 [tomcat-handler-24] DEBUG c.i.o.a.pipeline.ValidationStep - Validation passed for message from channel=WHATSAPP source=+181161838002355
2026-08-02 00:37:40 [tomcat-handler-24] DEBUG c.i.o.a.pipeline.MessagePipeline - Pipeline step ValidationStep completed in 0ms
2026-08-02 00:37:40 [tomcat-handler-24] DEBUG c.i.o.a.p.TenantResolutionStep - Tenant resolved: id=d563b428-b1a9-4bf3-af62-a175e92e8e18 subdomain=midemo
2026-08-02 00:37:40 [tomcat-handler-24] DEBUG c.i.o.a.pipeline.MessagePipeline - Pipeline step TenantResolutionStep completed in 389ms
2026-08-02 00:37:40 [tomcat-handler-24] DEBUG c.i.o.a.p.ContactResolutionStep - Searching contact for tenant=d563b428-b1a9-4bf3-af62-a175e92e8e18 phone=+181161838002355
2026-08-02 00:37:41 [tomcat-handler-24] INFO  c.i.o.a.p.ContactResolutionStep - Updated contact name: id=c0493771-3b81-450e-9585-d51a455f3f8f newName=LuisDev
2026-08-02 00:37:41 [tomcat-handler-24] DEBUG c.i.o.a.p.ContactResolutionStep - Contact resolved: id=c0493771-3b81-450e-9585-d51a455f3f8f name=LuisDev phone=+181161838002355
2026-08-02 00:37:41 [tomcat-handler-24] DEBUG c.i.o.a.pipeline.MessagePipeline - Pipeline step ContactResolutionStep$$SpringCGLIB$$0 completed in 606ms
2026-08-02 00:37:41 [tomcat-handler-24] DEBUG c.i.o.a.p.ConversationResolutionStep - Conversation resolved: id=36400846-1eca-405c-ba89-d15a3386c50e status=IN_PROGRESS channel=WHATSAPP conversationKey=WHATSAPP:120363410274514725@g.us
2026-08-02 00:37:41 [tomcat-handler-24] DEBUG c.i.o.a.pipeline.MessagePipeline - Pipeline step ConversationResolutionStep$$SpringCGLIB$$0 completed in 514ms
2026-08-02 00:37:42 [tomcat-handler-24] DEBUG c.i.o.a.p.BotConfigurationResolutionStep - Bot configuration resolved: enabled=true aiProvider=GROQ
2026-08-02 00:37:42 [tomcat-handler-24] DEBUG c.i.o.a.pipeline.MessagePipeline - Pipeline step BotConfigurationResolutionStep completed in 408ms
2026-08-02 00:37:42 [tomcat-handler-24] DEBUG c.i.o.a.p.WorkingHoursResolutionStep - Working hours resolved: enabled=true isOpen=false
2026-08-02 00:37:42 [tomcat-handler-24] DEBUG c.i.o.a.pipeline.MessagePipeline - Pipeline step WorkingHoursResolutionStep completed in 406ms
2026-08-02 00:37:42 [tomcat-handler-24] DEBUG c.i.o.a.p.ConversationContextResolutionStep - Conversation context resolved: totalMessages=2 consecutiveBotResponses=0 firstMessage=false
2026-08-02 00:37:42 [tomcat-handler-24] DEBUG c.i.o.a.pipeline.MessagePipeline - Pipeline step ConversationContextResolutionStep completed in 194ms
2026-08-02 00:37:43 [tomcat-handler-24] DEBUG c.i.o.a.p.MessagePersistenceStep - Message persisted: id=28af3681-a95e-4562-81ea-89ce4285a3e4 conversation=36400846-1eca-405c-ba89-d15a3386c50e type=TEXT
2026-08-02 00:37:43 [tomcat-handler-24] DEBUG c.i.o.a.pipeline.MessagePipeline - Pipeline step MessagePersistenceStep$$SpringCGLIB$$0 completed in 527ms
2026-08-02 00:37:43 [tomcat-handler-24] DEBUG c.i.o.a.pipeline.MetricsUpdateStep - Metrics updated: contact=c0493771-3b81-450e-9585-d51a455f3f8f conversation=36400846-1eca-405c-ba89-d15a3386c50e
2026-08-02 00:37:43 [tomcat-handler-24] DEBUG c.i.o.a.pipeline.MessagePipeline - Pipeline step MetricsUpdateStep$$SpringCGLIB$$0 completed in 397ms
2026-08-02 00:37:43 [tomcat-handler-24] INFO  c.i.o.application.pipeline.AuditStep - AUDIT|tenantId=d563b428-b1a9-4bf3-af62-a175e92e8e18|conversationId=36400846-1eca-405c-ba89-d15a3386c50e|contactId=c0493771-3b81-450e-9585-d51a455f3f8f|messageId=A5AEF3A85D4D05A6F95C423F1A9710A2|channel=WHATSAPP|type=TEXT
2026-08-02 00:37:43 [tomcat-handler-24] DEBUG c.i.o.a.pipeline.MessagePipeline - Pipeline step AuditStep completed in 0ms
2026-08-02 00:37:43 [tomcat-handler-24] INFO  c.i.o.a.pipeline.MessagePipeline - Message pipeline completed in 3446ms
2026-08-02 00:37:43 [tomcat-handler-24] DEBUG c.i.o.i.event.SpringEventPublisher - Publishing event: type=MESSAGE_RECEIVED tenantId=d563b428-b1a9-4bf3-af62-a175e92e8e18 conversationId=36400846-1eca-405c-ba89-d15a3386c50e
2026-08-02 00:37:43 [orchestrator-event-1] INFO  c.i.o.i.event.AnalyticsEventListener - Analytics: Message received - tenantId=d563b428-b1a9-4bf3-af62-a175e92e8e18 conversationId=36400846-1eca-405c-ba89-d15a3386c50e channel=WHATSAPP
2026-08-02 00:37:43 [orchestrator-event-2] DEBUG c.i.o.i.event.AuditEventListener - Persisting audit log for message received: messageId=A5AEF3A85D4D05A6F95C423F1A9710A2
2026-08-02 00:37:43 [tomcat-handler-24] DEBUG c.i.o.a.decision.DecisionEngineImpl - Running decision engine with 3 strategies
2026-08-02 00:37:43 [tomcat-handler-24] DEBUG c.i.o.a.d.AutoResponseStrategy - No specific strategy handled the message, defaulting to NO_ACTION
2026-08-02 00:37:43 [tomcat-handler-24] DEBUG c.i.o.a.decision.DecisionEngineImpl - Strategy AutoResponseStrategy decided: action=NO_ACTION reason=No automated action configured for this message
2026-08-02 00:37:43 [tomcat-handler-24] DEBUG c.i.o.a.action.ActionDispatcher - Dispatching action: NO_ACTION to executor: NoopActionExecutor
2026-08-02 00:37:43 [tomcat-handler-24] DEBUG c.i.o.a.action.NoopActionExecutor - No action needed for conversation 36400846-1eca-405c-ba89-d15a3386c50e: No automated action configured for this message
2026-08-02 00:37:43 [tomcat-handler-24] DEBUG c.i.o.i.event.SpringEventPublisher - Publishing event: type=ACTION_EXECUTED tenantId=d563b428-b1a9-4bf3-af62-a175e92e8e18 conversationId=36400846-1eca-405c-ba89-d15a3386c50e
2026-08-02 00:37:43 [orchestrator-event-4] DEBUG c.i.o.i.event.AnalyticsEventListener - Analytics: Action executed - tenantId=d563b428-b1a9-4bf3-af62-a175e92e8e18 conversationId=36400846-1eca-405c-ba89-d15a3386c50e action=NO_ACTION time=3458ms
2026-08-02 00:37:43 [tomcat-handler-24] INFO  c.i.o.a.ConversationOrchestrator - Message processed successfully in 3459ms. decision=NO_ACTION
2026-08-02 00:37:43 [orchestrator-event-5] DEBUG c.i.o.i.event.AuditEventListener - Audit: Action executed - action=NO_ACTION processingTime=3458ms tenantId=d563b428-b1a9-4bf3-af62-a175e92e8e18
2026-08-02 00:37:43 [orchestrator-event-2] DEBUG c.i.o.i.e.NotificationEventListener - Action executed event processed: action=NO_ACTION
2026-08-02 00:37:43 [orchestrator-event-4] DEBUG c.i.o.i.m.OrchestratorMetricsService - Metrics recorded: channel=WHATSAPP action=NO_ACTION time=3458ms
2026-08-02 00:37:43 [tomcat-handler-24] INFO  c.i.a.i.c.WhatsAppWebhookController - === WEBHOOK PROCESADO EXITOSAMENTE ===
2026-08-02 00:37:48 [tomcat-handler-25] DEBUG c.i.s.w.NotificationWebSocketHandler - User 935532dc-b311-4071-851e-71e87089679a left conversation 36400846-1eca-405c-ba89-d15a3386c50e
2026-08-02 00:37:48 [tomcat-handler-26] DEBUG c.i.s.w.NotificationWebSocketHandler - User 935532dc-b311-4071-851e-71e87089679a left conversation 36400846-1eca-405c-ba89-d15a3386c50e
2026-08-02 00:37:48 [tomcat-handler-27] DEBUG c.i.s.w.NotificationWebSocketHandler - User 935532dc-b311-4071-851e-71e87089679a joined conversation 9a185963-dd40-44ea-b7dc-47440bc3da06 (1 subscribers)
2026-08-02 00:37:48 [tomcat-handler-28] DEBUG c.i.s.s.JwtAuthenticationFilter - User authenticated: 935532dc-b311-4071-851e-71e87089679a for tenant: d563b428-b1a9-4bf3-af62-a175e92e8e18
2026-08-02 00:37:49 [tomcat-handler-28] INFO  c.i.c.a.ConversationService - Marked 0 messages as read in conversation 9a185963-dd40-44ea-b7dc-47440bc3da06 for tenant d563b428-b1a9-4bf3-af62-a175e92e8e18 (conversation rows updated=1)
2026-08-02 00:37:56 [tomcat-handler-30] INFO  c.i.a.i.c.WhatsAppWebhookController - === WEBHOOK WHATSAPP RECIBIDO ===
2026-08-02 00:37:56 [tomcat-handler-30] INFO  c.i.a.i.c.WhatsAppWebhookController - Instance: mi-whatsapp Event: messages.upsert
2026-08-02 00:37:56 [tomcat-handler-30] INFO  c.i.a.i.c.WhatsAppWebhookController - Payload - event: messages.upsert, instanceId: null, from: null, messageId: null, type: null, text: null
2026-08-02 00:37:56 [tomcat-handler-30] INFO  c.i.a.i.c.WhatsAppWebhookController - Payload - data present: SI, data keys: [key, pushName, status, message, messageType, messageTimestamp, instanceId, source]
2026-08-02 00:37:56 [tomcat-handler-30] INFO  c.i.o.a.WhatsAppWebhookAdapter - Processing Evolution webhook for instance=mi-whatsapp
2026-08-02 00:37:56 [tomcat-handler-30] DEBUG c.i.o.a.WhatsAppWebhookAdapter - Evolution webhook data={key={remoteJid=51969302544@s.whatsapp.net, remoteJidAlt=51969302544@s.whatsapp.net, fromMe=true, id=A58EBF02C86311F8C264C751292CEE86, participant=, addressingMode=lid}, pushName=LuisDev, status=SERVER_ACK, message={conversation=Ysyshsh}, messageType=conversation, messageTimestamp=1785649075, instanceId=50ca41c7-d60d-4ffa-bfc6-4328c6a10ad8, source=android}
2026-08-02 00:37:56 [tomcat-handler-30] INFO  c.i.o.a.WhatsAppWebhookAdapter - New WhatsApp message from +51969302544 | type=conversation | msgId=A58EBF02C86311F8C264C751292CEE86
2026-08-02 00:37:56 [tomcat-handler-30] INFO  c.i.o.a.WhatsAppWebhookAdapter - WhatsApp direction: OUTBOUND
2026-08-02 00:37:56 [tomcat-handler-30] INFO  c.i.o.a.WhatsAppWebhookAdapter - Incoming WhatsApp message processed: from=+51969302544 direction=OUTBOUND type=TEXT content=Ysyshsh
2026-08-02 00:37:56 [tomcat-handler-30] INFO  c.i.o.a.ConversationOrchestrator - Orchestrator processing message from channel=WHATSAPP source=+51969302544
2026-08-02 00:37:56 [tomcat-handler-30] INFO  c.i.o.a.ConversationOrchestrator - Orchestrator processing message from channel=WHATSAPP source=+51969302544
2026-08-02 00:37:56 [tomcat-handler-30] INFO  c.i.o.a.pipeline.MessagePipeline - Starting message pipeline with 10 steps for channel: WHATSAPP
2026-08-02 00:37:56 [tomcat-handler-30] DEBUG c.i.o.a.pipeline.ValidationStep - Validation passed for message from channel=WHATSAPP source=+51969302544
2026-08-02 00:37:56 [tomcat-handler-30] DEBUG c.i.o.a.pipeline.MessagePipeline - Pipeline step ValidationStep completed in 0ms
2026-08-02 00:37:56 [tomcat-handler-30] DEBUG c.i.o.a.p.TenantResolutionStep - Tenant resolved: id=d563b428-b1a9-4bf3-af62-a175e92e8e18 subdomain=midemo
2026-08-02 00:37:56 [tomcat-handler-30] DEBUG c.i.o.a.pipeline.MessagePipeline - Pipeline step TenantResolutionStep completed in 280ms
2026-08-02 00:37:56 [tomcat-handler-30] DEBUG c.i.o.a.p.ContactResolutionStep - Searching contact for tenant=d563b428-b1a9-4bf3-af62-a175e92e8e18 phone=+51969302544
2026-08-02 00:37:56 [tomcat-handler-30] DEBUG c.i.o.a.p.ContactResolutionStep - Contact resolved: id=d16cb840-ef2f-4ce4-b9e9-910e0653f18a name=Adriano_ 😀 phone=+51969302544
2026-08-02 00:37:57 [tomcat-handler-30] DEBUG c.i.o.a.pipeline.MessagePipeline - Pipeline step ContactResolutionStep$$SpringCGLIB$$0 completed in 355ms
2026-08-02 00:37:57 [tomcat-handler-30] DEBUG c.i.o.a.p.ConversationResolutionStep - Conversation resolved: id=9a185963-dd40-44ea-b7dc-47440bc3da06 status=IN_PROGRESS channel=WHATSAPP conversationKey=WHATSAPP:51969302544@s.whatsapp.net
2026-08-02 00:37:57 [tomcat-handler-30] DEBUG c.i.o.a.pipeline.MessagePipeline - Pipeline step ConversationResolutionStep$$SpringCGLIB$$0 completed in 606ms
2026-08-02 00:37:58 [tomcat-handler-30] DEBUG c.i.o.a.p.BotConfigurationResolutionStep - Bot configuration resolved: enabled=true aiProvider=GROQ
2026-08-02 00:37:58 [tomcat-handler-30] DEBUG c.i.o.a.pipeline.MessagePipeline - Pipeline step BotConfigurationResolutionStep completed in 385ms
2026-08-02 00:37:58 [tomcat-handler-30] DEBUG c.i.o.a.p.WorkingHoursResolutionStep - Working hours resolved: enabled=true isOpen=false
2026-08-02 00:37:58 [tomcat-handler-30] DEBUG c.i.o.a.pipeline.MessagePipeline - Pipeline step WorkingHoursResolutionStep completed in 387ms
2026-08-02 00:37:58 [tomcat-handler-30] DEBUG c.i.o.a.p.ConversationContextResolutionStep - Conversation context resolved: totalMessages=1 consecutiveBotResponses=0 firstMessage=true
2026-08-02 00:37:58 [tomcat-handler-30] DEBUG c.i.o.a.pipeline.MessagePipeline - Pipeline step ConversationContextResolutionStep completed in 158ms
2026-08-02 00:37:58 [tomcat-handler-30] DEBUG c.i.o.a.p.MessagePersistenceStep - Message persisted: id=3c914b36-790e-405d-bf16-3c99d323266c conversation=9a185963-dd40-44ea-b7dc-47440bc3da06 type=TEXT
2026-08-02 00:37:59 [tomcat-handler-30] DEBUG c.i.o.a.pipeline.MessagePipeline - Pipeline step MessagePersistenceStep$$SpringCGLIB$$0 completed in 591ms
2026-08-02 00:37:59 [tomcat-handler-30] DEBUG c.i.o.a.pipeline.MetricsUpdateStep - Metrics updated: contact=d16cb840-ef2f-4ce4-b9e9-910e0653f18a conversation=9a185963-dd40-44ea-b7dc-47440bc3da06
2026-08-02 00:37:59 [tomcat-handler-30] DEBUG c.i.o.a.pipeline.MessagePipeline - Pipeline step MetricsUpdateStep$$SpringCGLIB$$0 completed in 382ms
2026-08-02 00:37:59 [tomcat-handler-30] INFO  c.i.o.application.pipeline.AuditStep - AUDIT|tenantId=d563b428-b1a9-4bf3-af62-a175e92e8e18|conversationId=9a185963-dd40-44ea-b7dc-47440bc3da06|contactId=d16cb840-ef2f-4ce4-b9e9-910e0653f18a|messageId=A58EBF02C86311F8C264C751292CEE86|channel=WHATSAPP|type=TEXT
2026-08-02 00:37:59 [tomcat-handler-30] DEBUG c.i.o.a.pipeline.MessagePipeline - Pipeline step AuditStep completed in 0ms
2026-08-02 00:37:59 [tomcat-handler-30] INFO  c.i.o.a.pipeline.MessagePipeline - Message pipeline completed in 3145ms
2026-08-02 00:37:59 [tomcat-handler-30] DEBUG c.i.o.i.event.SpringEventPublisher - Publishing event: type=MESSAGE_RECEIVED tenantId=d563b428-b1a9-4bf3-af62-a175e92e8e18 conversationId=9a185963-dd40-44ea-b7dc-47440bc3da06
2026-08-02 00:37:59 [tomcat-handler-30] DEBUG c.i.o.a.decision.DecisionEngineImpl - Running decision engine with 3 strategies
2026-08-02 00:37:59 [orchestrator-event-5] DEBUG c.i.o.i.event.AuditEventListener - Persisting audit log for message received: messageId=A58EBF02C86311F8C264C751292CEE86
2026-08-02 00:37:59 [orchestrator-event-1] INFO  c.i.o.i.event.AnalyticsEventListener - Analytics: Message received - tenantId=d563b428-b1a9-4bf3-af62-a175e92e8e18 conversationId=9a185963-dd40-44ea-b7dc-47440bc3da06 channel=WHATSAPP
2026-08-02 00:37:59 [tomcat-handler-30] DEBUG c.i.o.a.d.AutoResponseStrategy - No specific strategy handled the message, defaulting to NO_ACTION
2026-08-02 00:37:59 [tomcat-handler-30] DEBUG c.i.o.a.decision.DecisionEngineImpl - Strategy AutoResponseStrategy decided: action=NO_ACTION reason=No automated action configured for this message
2026-08-02 00:37:59 [tomcat-handler-30] DEBUG c.i.o.a.action.ActionDispatcher - Dispatching action: NO_ACTION to executor: NoopActionExecutor
2026-08-02 00:37:59 [tomcat-handler-30] DEBUG c.i.o.a.action.NoopActionExecutor - No action needed for conversation 9a185963-dd40-44ea-b7dc-47440bc3da06: No automated action configured for this message
2026-08-02 00:37:59 [tomcat-handler-30] DEBUG c.i.o.i.event.SpringEventPublisher - Publishing event: type=ACTION_EXECUTED tenantId=d563b428-b1a9-4bf3-af62-a175e92e8e18 conversationId=9a185963-dd40-44ea-b7dc-47440bc3da06
2026-08-02 00:37:59 [orchestrator-event-4] DEBUG c.i.o.i.event.AnalyticsEventListener - Analytics: Action executed - tenantId=d563b428-b1a9-4bf3-af62-a175e92e8e18 conversationId=9a185963-dd40-44ea-b7dc-47440bc3da06 action=NO_ACTION time=3147ms
2026-08-02 00:37:59 [orchestrator-event-5] DEBUG c.i.o.i.e.NotificationEventListener - Action executed event processed: action=NO_ACTION
2026-08-02 00:37:59 [tomcat-handler-30] INFO  c.i.o.a.ConversationOrchestrator - Message processed successfully in 3148ms. decision=NO_ACTION
2026-08-02 00:37:59 [orchestrator-event-3] DEBUG c.i.o.i.event.AuditEventListener - Audit: Action executed - action=NO_ACTION processingTime=3147ms tenantId=d563b428-b1a9-4bf3-af62-a175e92e8e18
2026-08-02 00:37:59 [orchestrator-event-4] DEBUG c.i.o.i.m.OrchestratorMetricsService - Metrics recorded: channel=WHATSAPP action=NO_ACTION time=3147ms
2026-08-02 00:37:59 [tomcat-handler-30] INFO  c.i.a.i.c.WhatsAppWebhookController - === WEBHOOK PROCESADO EXITOSAMENTE ===
